t_us,window_start_t_us,window_end_t_us,rr_count,welch_vlf_power,welch_lf_power,welch_hf_power,welch_lf_hf_ratio,lomb_vlf_ratio,lomb_lf_ratio,lomb_hf_ratio,welch_peak_hz,lomb_peak_hz,spectral_agreement,band_power_agreement,interpolation_agreement,pchip_vs_linear_diff,waveform_inserted_ratio,timing_recovered_ratio,timing_shift_delta_p95_ms,dual_detector_ratio,single_detector_ratio,detector_consensus_mean,detector_time_spread_p95_ms,sequence_rescue_ratio,local_clip_ratio,firmware_unmatched_ratio,transport_status,contact_status,quality,rejection_reason
8640542043,8340542043,8640542043,27,0.000000,0.000000,0.000000,0.000000,0.000000,0.000000,0.000000,0.000000,0.000000,0.000000,0.000000,0.000000,1.000000,0.000000,0.000000,0.000000,0.000000,0.000000,0.000000,0.000000,0.000000,0.000000,0.000000,VALID,VALID,LIMITED,频域窗口积累中：21/300 秒
8661174047,8361174047,8661174047,50,0.000000,0.000000,0.000000,0.000000,0.000000,0.000000,0.000000,0.000000,0.000000,0.000000,0.000000,0.000000,1.000000,0.000000,0.000000,0.000000,0.000000,0.000000,0.000000,0.000000,0.000000,0.000000,0.000000,VALID,VALID,LIMITED,频域窗口积累中：40/300 秒
8681238047,8381238047,8681238047,75,0.000000,0.000000,0.000000,0.000000,0.000000,0.000000,0.000000,0.000000,0.000000,0.000000,0.000000,0.000000,1.000000,0.000000,0.000000,0.000000,0.000000,0.000000,0.000000,0.000000,0.000000,0.000000,0.000000,VALID,VALID,LIMITED,频域窗口积累中：61/300 秒
8701894047,8401894047,8701894047,99,0.000000,0.000000,0.000000,0.000000,0.000000,0.000000,0.000000,0.000000,0.000000,0.000000,0.000000,0.000000,1.000000,0.000000,0.000000,0.000000,0.000000,0.000000,0.000000,0.000000,0.000000,0.000000,0.000000,VALID,VALID,LIMITED,频域窗口积累中：82/300 秒
8722574043,8422574043,8722574043,124,0.000000,0.000000,0.000000,0.000000,0.000000,0.000000,0.000000,0.000000,0.000000,0.000000,0.000000,0.000000,1.000000,0.000000,0.000000,0.000000,0.000000,0.000000,0.000000,0.000000,0.000000,0.000000,0.000000,VALID,VALID,LIMITED,频域窗口积累中：103/300 秒
8743246046,8443246046,8743246046,147,0.000000,0.000000,0.000000,0.000000,0.000000,0.000000,0.000000,0.000000,0.000000,0.000000,0.000000,0.000000,1.000000,0.000000,0.000000,0.000000,0.000000,0.000000,0.000000,0.000000,0.000000,0.000000,0.000000,VALID,VALID,LIMITED,频域窗口积累中：123/300 秒
8763758043,8463758043,8763758043,172,0.000000,0.000000,0.000000,0.000000,0.000000,0.000000,0.000000,0.000000,0.000000,0.000000,0.000000,0.000000,1.000000,0.000000,0.000000,0.000000,0.000000,0.000000,0.000000,0.000000,0.000000,0.000000,0.000000,VALID,VALID,LIMITED,频域窗口积累中：144/300 秒
8784110043,8484110043,8784110043,197,0.000000,0.000000,0.000000,0.000000,0.000000,0.000000,0.000000,0.000000,0.000000,0.000000,0.000000,0.000000,1.000000,0.000000,0.000000,0.000000,0.000000,0.000000,0.000000,0.000000,0.000000,0.000000,0.000000,VALID,VALID,LIMITED,频域窗口积累中：164/300 秒
8804358043,8504358043,8804358043,221,0.000000,0.000000,0.000000,0.000000,0.000000,0.000000,0.000000,0.000000,0.000000,0.000000,0.000000,0.000000,1.000000,0.000000,0.000000,0.000000,0.000000,0.000000,0.000000,0.000000,0.000000,0.000000,0.000000,VALID,VALID,LIMITED,频域窗口积累中：184/300 秒
8824926043,8524926043,8824926043,245,0.000000,0.000000,0.000000,0.000000,0.000000,0.000000,0.000000,0.000000,0.000000,0.000000,0.000000,0.000000,1.000000,0.000000,0.000000,0.000000,0.000000,0.000000,0.000000,0.000000,0.000000,0.000000,0.000000,VALID,VALID,LIMITED,频域窗口积累中：205/300 秒
8845478043,8545478043,8845478043,271,0.000000,0.000000,0.000000,0.000000,0.000000,0.000000,0.000000,0.000000,0.000000,0.000000,0.000000,0.000000,1.000000,0.000000,0.000000,0.000000,0.000000,0.000000,0.000000,0.000000,0.000000,0.000000,0.000000,VALID,VALID,LIMITED,频域窗口积累中：226/300 秒
8866102043,8566102043,8866102043,295,0.000000,0.000000,0.000000,0.000000,0.000000,0.000000,0.000000,0.000000,0.000000,0.000000,0.000000,0.000000,1.000000,0.000000,0.000000,0.000000,0.000000,0.000000,0.000000,0.000000,0.000000,0.000000,0.000000,VALID,VALID,LIMITED,频域窗口积累中：246/300 秒
8886766044,8586766044,8886766044,319,0.000000,0.000000,0.000000,0.000000,0.000000,0.000000,0.000000,0.000000,0.000000,0.000000,0.000000,0.000000,1.000000,0.000000,0.000000,0.000000,0.000000,0.000000,0.000000,0.000000,0.000000,0.000000,0.000000,VALID,VALID,LIMITED,频域窗口积累中：267/300 秒
8906998043,8606998043,8906998043,348,0.000000,0.000000,0.000000,0.000000,0.000000,0.000000,0.000000,0.000000,0.000000,0.000000,0.000000,0.000000,1.000000,0.000000,0.000000,0.000000,0.000000,0.000000,0.000000,0.000000,0.000000,0.000000,0.000000,VALID,VALID,LIMITED,频域窗口积累中：287/300 秒
8927310043,8627310043,8927310043,368,714.319156,2362.322104,358.176904,6.595406,0.000000,0.000000,0.000000,0.058594,0.003906,0.729760,0.760381,0.999809,0.000191,0.000000,0.000000,111.597200,1.000000,0.000000,1.000000,0.000000,0.000000,0.000000,0.238482,VALID,VALID,LIMITED,
8947990047,8647990047,8947990047,371,1005.047429,2801.084274,381.434070,7.343561,0.000000,0.000000,0.000000,0.058594,0.003906,0.695623,0.696084,0.999848,0.000152,0.000000,0.000000,79.996250,1.000000,0.000000,1.000000,0.000000,0.000000,0.000000,0.225201,VALID,VALID,LIMITED,
8968326044,8668326044,8968326044,375,1219.308837,2993.374915,418.979180,7.144448,0.000000,0.000000,0.000000,0.003906,0.011719,0.704192,0.681768,0.999841,0.000159,0.000000,0.000000,74.401400,1.000000,0.000000,1.000000,0.000000,0.000000,0.000000,0.212766,VALID,VALID,LIMITED,
8988606044,8688606044,8988606044,375,1653.984190,2903.169469,442.719641,6.557580,0.000000,0.000000,0.000000,0.003906,0.007812,0.803077,0.750288,0.999823,0.000177,0.000000,0.000000,71.998000,1.000000,0.000000,1.000000,0.000000,0.000000,0.000000,0.186170,VALID,VALID,LIMITED,
9008750047,8708750047,9008750047,378,2621.253457,2629.415902,432.171771,6.084192,0.000000,0.000000,0.000000,0.015625,0.007812,0.922566,0.864120,0.999878,0.000122,0.000000,0.000000,71.994000,1.000000,0.000000,1.000000,0.000000,0.000000,0.000000,0.171504,VALID,VALID,LIMITED,
9028822047,8728822047,9028822047,379,4137.296720,2299.857635,387.066247,5.941767,0.000000,0.000000,0.000000,0.011719,0.003906,0.972546,0.979584,0.999945,0.000055,0.000000,0.000000,67.994250,1.000000,0.000000,1.000000,0.000000,0.000000,0.000000,0.137203,VALID,VALID,VALID,
9049062043,8749062043,9049062043,382,5658.921905,1996.988949,326.962639,6.107698,0.000000,0.000000,0.000000,0.007812,0.003906,0.916008,0.837589,0.999979,0.000021,0.000000,0.000000,62.396000,1.000000,0.000000,1.000000,0.000000,0.000000,0.000000,0.125654,VALID,LIMITED,LIMITED,
9069326047,8769326047,9069326047,384,6420.021134,1722.731079,278.622208,6.183036,0.000000,0.000000,0.000000,0.007812,0.003906,0.908436,0.804151,0.999992,0.000008,0.000000,0.000000,32.003000,1.000000,0.000000,1.000000,0.000000,0.000000,0.000000,0.106771,VALID,INVALID,LIMITED,
9089782046,8789782046,9089782046,388,6113.256840,1480.528753,256.306043,5.776410,0.000000,0.000000,0.000000,0.007812,0.003906,0.950355,0.875980,0.999995,0.000005,0.000000,0.000000,40.000000,1.000000,0.000000,1.000000,0.000000,0.000000,0.000000,0.103093,VALID,LIMITED,LIMITED,
9110302043,8810302043,9110302043,392,4913.846104,1360.733448,260.802216,5.217492,0.000000,0.000000,0.000000,0.007812,0.007812,0.961680,0.929442,0.999995,0.000005,0.000000,0.000000,23.996000,1.000000,0.000000,1.000000,0.000000,0.000000,0.000000,0.089286,VALID,VALID,VALID,
9130950047,8830950047,9130950047,390,3507.648310,1401.664720,277.085576,5.058599,0.000000,0.000000,0.000000,0.007812,0.007812,0.976960,0.959868,0.999989,0.000011,0.000000,0.000000,15.996000,1.000000,0.000000,1.000000,0.000000,0.000000,0.000000,0.073791,VALID,LIMITED,VALID,
9151038043,8851038043,9151038043,389,2528.024589,1577.633140,294.549542,5.356088,0.000000,0.000000,0.000000,0.007812,0.007812,0.899347,0.858278,0.999968,0.000032,0.000000,0.000000,8.004000,1.000000,0.000000,1.000000,0.000000,0.000000,0.000000,0.046036,VALID,VALID,LIMITED,
9171830043,8871830043,9171830043,391,2537.311793,1706.208414,301.223810,5.664255,0.000000,0.000000,0.000000,0.019531,0.007812,0.917745,0.869199,0.999964,0.000036,0.000000,0.000000,8.004000,1.000000,0.000000,1.000000,0.000000,0.000000,0.000000,0.045802,VALID,VALID,LIMITED,
9192222045,8892222045,9192222045,392,3073.640579,1663.466170,299.333836,5.557227,0.000000,0.000000,0.000000,0.003906,0.011719,0.965379,0.951019,0.999979,0.000021,0.000000,0.000000,10.801200,1.000000,0.000000,1.000000,0.000000,0.000000,0.000000,0.048223,VALID,VALID,LIMITED,
9212526043,8912526043,9212526043,385,3204.542303,1523.219388,298.816066,5.097515,0.000000,0.000000,0.000000,0.007812,0.011719,0.918651,0.837722,0.999973,0.000027,0.000000,0.000000,8.004000,1.000000,0.000000,1.000000,0.000000,0.000000,0.000000,0.043928,VALID,VALID,LIMITED,
9232894043,8932894043,9232894043,382,3359.547717,1497.273580,311.109919,4.812684,0.000000,0.000000,0.000000,0.007812,0.054688,0.866717,0.781968,0.999955,0.000045,0.000000,0.000000,8.004000,1.000000,0.000000,1.000000,0.000000,0.000000,0.000000,0.046875,VALID,VALID,LIMITED,
9252950047,8952950047,9252950047,378,3415.434583,1760.442766,341.603894,5.153462,0.000000,0.000000,0.000000,0.007812,0.011719,0.946243,0.879803,0.999927,0.000073,0.000000,0.000000,8.004000,1.000000,0.000000,1.000000,0.000000,0.000000,0.000000,0.044503,VALID,VALID,LIMITED,
9273726043,8973726043,9273726043,379,3237.166708,2271.103002,381.272701,5.956637,0.000000,0.000000,0.000000,0.007812,0.011719,0.953357,0.944864,0.999893,0.000107,0.000000,0.000000,8.004000,1.000000,0.000000,1.000000,0.000000,0.000000,0.000000,0.046997,VALID,VALID,LIMITED,
9293750043,8993750043,9293750043,382,2908.200756,2722.545631,406.157713,6.703174,0.000000,0.000000,0.000000,0.011719,0.003906,0.937159,0.948092,0.999895,0.000105,0.000000,0.000000,13.999500,1.000000,0.000000,1.000000,0.000000,0.000000,0.000000,0.049223,VALID,VALID,LIMITED,
9313878044,9013878044,9313878044,385,2485.241799,2902.667275,402.326993,7.214697,0.000000,0.000000,0.000000,0.003906,0.003906,0.854892,0.822936,0.999888,0.000112,0.000000,0.000000,12.800400,1.000000,0.000000,1.000000,0.000000,0.000000,0.000000,0.048843,VALID,VALID,LIMITED,
9334086043,9034086043,9334086043,393,2091.606978,2785.759509,369.978642,7.529514,0.000000,0.000000,0.000000,0.003906,0.003906,0.788414,0.744630,0.999900,0.000100,0.000000,0.000000,10.002500,1.000000,0.000000,1.000000,0.000000,0.000000,0.000000,0.050378,VALID,VALID,LIMITED,
9354206047,9054206047,9354206047,395,1746.776763,2542.119431,325.633720,7.806684,0.000000,0.000000,0.000000,0.003906,0.003906,0.786491,0.716582,0.999907,0.000093,0.000000,0.000000,8.403650,1.000000,0.000000,1.000000,0.000000,0.000000,0.000000,0.045113,VALID,VALID,LIMITED,
9374630047,9074630047,9374630047,395,1458.986958,2321.142190,284.119458,8.169600,0.000000,0.000000,0.000000,0.003906,0.003906,0.811592,0.736996,0.999938,0.000062,0.000000,0.000000,8.004000,1.000000,0.000000,1.000000,0.000000,0.000000,0.000000,0.032581,VALID,LIMITED,LIMITED,
9394670043,9094670043,9394670043,391,1111.374575,2132.766679,254.538865,8.378943,0.000000,0.000000,0.000000,0.046875,0.003906,0.807892,0.761041,0.999958,0.000042,0.000000,0.000000,8.004000,1.000000,0.000000,1.000000,0.000000,0.000000,0.000000,0.032911,VALID,INVALID,LIMITED,
9414926044,9114926044,9414926044,392,1297.162848,1871.816199,232.713229,8.043446,0.000000,0.000000,0.000000,0.003906,0.003906,0.827608,0.765487,0.999978,0.000022,0.000000,0.000000,15.999900,1.000000,0.000000,1.000000,0.000000,0.000000,0.000000,0.032828,VALID,LIMITED,LIMITED,
9434950045,9134950045,9434950045,392,2179.222013,1464.833589,211.405591,6.929020,0.000000,0.000000,0.000000,0.003906,0.003906,0.972443,0.969476,0.999998,0.000002,0.000000,0.000000,16.000000,1.000000,0.000000,1.000000,0.000000,0.000000,0.000000,0.032911,VALID,INVALID,LIMITED,
9455566043,9155566043,9455566043,389,3557.266782,1054.237159,194.206438,5.428436,0.000000,0.000000,0.000000,0.003906,0.003906,0.972374,0.931783,1.000000,0.000000,0.000000,0.000000,15.997300,1.000000,0.000000,1.000000,0.000000,0.000000,0.000000,0.030612,VALID,LIMITED,LIMITED,
9476438043,9176438043,9476438043,387,4505.328532,843.669126,189.435112,4.453605,0.000000,0.000000,0.000000,0.003906,0.003906,0.959894,0.883249,1.000000,0.000000,0.000000,0.000000,15.997450,1.000000,0.000000,1.000000,0.000000,0.000000,0.000000,0.028205,VALID,VALID,LIMITED,
9497302043,9197302043,9497302043,386,4303.339711,963.282045,207.927124,4.632787,0.000000,0.000000,0.000000,0.003906,0.003906,0.951073,0.860007,0.999999,0.000001,0.000000,0.000000,8.004000,1.000000,0.000000,1.000000,0.000000,0.000000,0.000000,0.025707,VALID,LIMITED,LIMITED,
9517862045,9217862045,9517862045,387,3143.709724,1358.153485,256.060873,5.304026,0.000000,0.000000,0.000000,0.003906,0.003906,0.961484,0.897595,0.999996,0.000004,0.000000,0.000000,8.004000,1.000000,0.000000,1.000000,0.000000,0.000000,0.000000,0.028205,VALID,LIMITED,LIMITED,
9538454043,9238454043,9538454043,392,2193.805648,1893.319396,338.393918,5.595016,0.000000,0.000000,0.000000,0.003906,0.003906,0.946709,0.890789,0.999982,0.000018,0.000000,0.000000,8.004000,1.000000,0.000000,1.000000,0.000000,0.000000,0.000000,0.043257,VALID,LIMITED,LIMITED,
9559054043,9259054043,9559054043,390,1676.990133,2418.015048,449.571112,5.378493,0.000000,0.000000,0.000000,0.003906,0.003906,0.912873,0.889610,0.999958,0.000042,0.000000,0.000000,8.004000,1.000000,0.000000,1.000000,0.000000,0.000000,0.000000,0.048593,VALID,INVALID,LIMITED,
9579102043,9279102043,9579102043,386,1614.003320,2762.466055,558.760464,4.943918,0.000000,0.000000,0.000000,0.003906,0.003906,0.891100,0.889367,0.999951,0.000049,0.000000,0.000000,16.002800,1.000000,0.000000,1.000000,0.000000,0.000000,0.000000,0.049096,VALID,INVALID,LIMITED,
9599686046,9299686046,9599686046,381,1915.363384,2835.167898,634.875908,4.465704,0.000000,0.000000,0.000000,0.003906,0.003906,0.910946,0.873308,0.999956,0.000044,0.000000,0.000000,15.198000,1.000000,0.000000,1.000000,0.000000,0.000000,0.000000,0.047120,VALID,VALID,LIMITED,
9619734047,9319734047,9619734047,374,2238.552517,2644.791691,666.717996,3.966882,0.000000,0.000000,0.000000,0.003906,0.003906,0.950288,0.933885,0.999957,0.000043,0.000000,0.000000,15.997450,1.000000,0.000000,1.000000,0.000000,0.000000,0.000000,0.042667,VALID,LIMITED,VALID,
9640238047,9340238047,9640238047,365,2389.425587,2294.179517,652.438361,3.516316,0.000000,0.000000,0.000000,0.003906,0.003906,0.984674,0.992345,0.999938,0.000062,0.000000,0.000000,15.998800,1.000000,0.000000,1.000000,0.000000,0.000000,0.000000,0.043716,VALID,INVALID,VALID,
9660942043,9360942043,9660942043,362,2571.281246,2007.581738,598.384855,3.355001,0.000000,0.000000,0.000000,0.007812,0.007812,0.952569,0.916616,0.999928,0.000072,0.000000,0.000000,22.793800,1.000000,0.000000,1.000000,0.000000,0.000000,0.000000,0.049587,VALID,INVALID,VALID,
9681150043,9381150043,9681150043,359,2798.007045,1940.331250,522.091636,3.716457,0.000000,0.000000,0.000000,0.007812,0.007812,0.894071,0.859334,0.999946,0.000054,0.000000,0.000000,40.001750,1.000000,0.000000,1.000000,0.000000,0.000000,0.000000,0.058333,VALID,INVALID,LIMITED,
9701222046,9401222046,9701222046,357,2912.823752,2037.399379,439.046004,4.640515,0.000000,0.000000,0.000000,0.007812,0.007812,0.859970,0.849183,0.999965,0.000035,0.000000,0.000000,301.601050,1.000000,0.000000,1.000000,0.000000,0.000000,0.000000,0.064246,VALID,INVALID,LIMITED,
9721334044,9421334044,9721334044,354,2581.059113,2175.887914,356.313812,6.106662,0.000000,0.000000,0.000000,0.007812,0.007812,0.911100,0.924398,0.999974,0.000026,0.000000,0.000000,40.004200,1.000000,0.000000,1.000000,0.000000,0.000000,0.000000,0.076056,VALID,INVALID,VALID,
9741598043,9441598043,9741598043,354,1970.473676,2286.395936,294.034074,7.775956,0.000000,0.000000,0.000000,0.046875,0.007812,0.933701,0.962509,0.999953,0.000047,0.000000,0.000000,312.800000,1.000000,0.000000,1.000000,0.000000,0.000000,0.000000,0.073446,VALID,INVALID,VALID,
9761718043,9461718043,9761718043,355,1565.584975,2424.658353,265.133024,9.145064,0.000000,0.000000,0.000000,0.046875,0.007812,0.908258,0.881019,0.999904,0.000096,0.000000,0.000000,312.798600,1.000000,0.000000,1.000000,0.000000,0.000000,0.000000,0.076056,VALID,INVALID,LIMITED,
9782534047,9482534047,9782534047,356,1528.268363,2679.375600,264.919191,10.113935,0.000000,0.000000,0.000000,0.046875,0.007812,0.894319,0.905959,0.999871,0.000129,0.000000,0.000000,316.398300,1.000000,0.000000,1.000000,0.000000,0.000000,0.000000,0.087079,VALID,INVALID,LIMITED,
9802894046,9502894046,9802894046,356,1713.931898,2972.694658,276.593255,10.747531,0.000000,0.000000,0.000000,0.085938,0.007812,0.818057,0.918388,0.999895,0.000105,0.000000,0.000000,320.000000,1.000000,0.000000,1.000000,0.000000,0.000000,0.000000,0.101124,VALID,INVALID,LIMITED,
9823366043,9523366043,9823366043,352,1969.427370,3132.545890,286.520710,10.933052,0.000000,0.000000,0.000000,0.085938,0.007812,0.838967,0.920901,0.999886,0.000114,0.000000,0.000000,328.000000,1.000000,0.000000,1.000000,0.000000,0.000000,0.000000,0.102273,VALID,INVALID,LIMITED,
9843638043,9543638043,9843638043,349,2220.794768,2995.874205,290.712100,10.305296,0.000000,0.000000,0.000000,0.085938,0.046875,0.854474,0.875646,0.999884,0.000116,0.000000,0.000000,328.000150,1.000000,0.000000,1.000000,0.000000,0.000000,0.000000,0.085960,VALID,INVALID,LIMITED,
9863678047,9563678047,9863678047,346,2161.048148,2631.521559,288.943762,9.107383,0.000000,0.000000,0.000000,0.007812,0.023438,0.923722,0.943278,0.999881,0.000119,0.000000,0.000000,319.998400,1.000000,0.000000,1.000000,0.000000,0.000000,0.000000,0.080925,VALID,INVALID,VALID,
9884126047,9584126047,9884126047,346,2036.541127,2382.099516,285.387003,8.346910,0.000000,0.000000,0.000000,0.007812,0.023438,0.933346,0.956460,0.999909,0.000091,0.000000,0.000000,320.000500,1.000000,0.000000,1.000000,0.000000,0.000000,0.000000,0.083815,VALID,INVALID,VALID,
9904438046,9604438046,9904438046,346,1852.744842,2550.503165,294.086347,8.672634,0.000000,0.000000,0.000000,0.007812,0.023438,0.920201,0.968351,0.999914,0.000086,0.000000,0.000000,320.000500,1.000000,0.000000,1.000000,0.000000,0.000000,0.000000,0.083815,VALID,INVALID,VALID,
9924894043,9624894043,9924894043,346,1639.381255,3122.888152,349.946350,8.923905,0.000000,0.000000,0.000000,0.007812,0.023438,0.844731,0.892659,0.999913,0.000087,0.000000,0.000000,320.000600,1.000000,0.000000,1.000000,0.000000,0.000000,0.000000,0.086705,VALID,INVALID,LIMITED,
9945006043,9645006043,9945006043,350,1781.617229,3767.263432,473.127814,7.962465,0.000000,0.000000,0.000000,0.007812,0.007812,0.853495,0.874599,0.999905,0.000095,0.000000,0.000000,320.000000,1.000000,0.000000,1.000000,0.000000,0.000000,0.000000,0.102857,VALID,INVALID,LIMITED,
9965182047,9665182047,9965182047,359,2768.753772,4190.142633,640.348713,6.543533,0.000000,0.000000,0.000000,0.003906,0.003906,0.763284,0.694653,0.999942,0.000058,0.000000,0.000000,319.998200,1.000000,0.000000,1.000000,0.000000,0.000000,0.002778,0.111111,VALID,VALID,LIMITED,
9985350043,9685350043,9985350043,367,3700.689481,4235.255378,804.867496,5.262053,0.000000,0.000000,0.000000,0.003906,0.003906,0.846061,0.733570,0.999949,0.000051,0.000000,0.000000,265.601000,1.000000,0.000000,1.000000,0.000000,0.000000,0.002725,0.100817,VALID,INVALID,LIMITED,
10005566043,9705566043,10005566043,367,3662.534191,3916.580478,871.962603,4.491684,0.000000,0.000000,0.000000,0.003906,0.003906,0.857418,0.792596,0.999915,0.000085,0.000000,0.000000,265.601000,1.000000,0.000000,1.000000,0.000000,0.000000,0.002717,0.103261,VALID,INVALID,LIMITED,
10025638043,9725638043,10025638043,372,3686.864730,3429.111547,832.167964,4.120696,0.000000,0.000000,0.000000,0.003906,0.003906,0.859171,0.806385,0.999934,0.000066,0.000000,0.000000,260.802500,1.000000,0.000000,1.000000,0.000000,0.000000,0.002681,0.099196,VALID,VALID,LIMITED,
10045766047,9745766047,10045766047,375,3980.012005,2895.329777,721.885649,4.010787,0.000000,0.000000,0.000000,0.003906,0.003906,0.891378,0.818039,0.999946,0.000054,0.000000,0.000000,256.000600,1.000000,0.000000,1.000000,0.000000,0.000000,0.002660,0.098404,VALID,LIMITED,LIMITED,
10065990047,9765990047,10065990047,378,5274.233512,2399.542683,607.890339,3.947328,0.000000,0.000000,0.000000,0.003906,0.003906,0.970341,0.928948,0.999972,0.000028,0.000000,0.000000,256.000200,1.000000,0.000000,1.000000,0.000000,0.000000,0.002639,0.100264,VALID,VALID,VALID,
10086174043,9786174043,10086174043,379,7713.317596,2019.108695,556.297975,3.629545,0.000000,0.000000,0.000000,0.003906,0.003906,0.992212,0.991427,0.999984,0.000016,0.000000,0.000000,254.400000,1.000000,0.000000,1.000000,0.000000,0.000000,0.002632,0.089474,VALID,VALID,VALID,
10106326045,9806326045,10106326045,382,10307.130308,1809.853376,584.254428,3.097714,0.000000,0.000000,0.000000,0.003906,0.003906,0.981465,0.958958,0.999981,0.000019,0.000000,0.000000,96.800100,1.000000,0.000000,1.000000,0.000000,0.000000,0.002611,0.070496,VALID,VALID,VALID,
10126502044,9826502044,10126502044,388,11257.896362,1774.708971,663.761841,2.673713,0.000000,0.000000,0.000000,0.007812,0.003906,0.974169,0.930162,0.999972,0.000028,0.000000,0.000000,23.997950,1.000000,0.000000,1.000000,0.000000,0.000000,0.002571,0.066838,VALID,LIMITED,VALID,
10146886043,9846886043,10146886043,392,9880.302490,1809.137299,737.192002,2.454092,0.000000,0.000000,0.000000,0.007812,0.003906,0.972852,0.926906,0.999953,0.000047,0.000000,0.000000,23.196600,1.000000,0.000000,1.000000,0.000000,0.000000,0.002545,0.073791,VALID,LIMITED,VALID,
10167358043,9867358043,10167358043,396,6695.091238,1778.153546,740.553386,2.401115,0.000000,0.000000,0.000000,0.011719,0.011719,0.984755,0.962940,0.999916,0.000084,0.000000,0.000000,23.996050,1.000000,0.000000,1.000000,0.000000,0.000000,0.002519,0.090680,VALID,INVALID,VALID,
10187622043,9887622043,10187622043,402,4117.465750,1620.790924,654.891469,2.474900,0.000000,0.000000,0.000000,0.011719,0.011719,0.969527,0.938746,0.999874,0.000126,0.000000,0.000000,15.202200,1.000000,0.000000,1.000000,0.000000,0.000000,0.002481,0.096774,VALID,INVALID,VALID,
10207686043,9907686043,10207686043,408,2611.255189,1374.155138,503.590902,2.728713,0.000000,0.000000,0.000000,0.011719,0.011719,0.949801,0.926882,0.999844,0.000156,0.000000,0.000000,13.202700,1.000000,0.000000,1.000000,0.000000,0.000000,0.002445,0.097800,VALID,INVALID,VALID,
10227950047,9927950047,10227950047,409,1942.744899,1160.947359,337.279438,3.442093,0.000000,0.000000,0.000000,0.011719,0.003906,0.950679,0.965594,0.999876,0.000124,0.000000,0.000000,8.004000,1.000000,0.000000,1.000000,0.000000,0.000000,0.002439,0.100000,VALID,INVALID,VALID,
10248494043,9948494043,10248494043,405,1601.739793,1139.911349,221.639637,5.143084,0.000000,0.000000,0.000000,0.011719,0.003906,0.943188,0.991725,0.999887,0.000113,0.000000,0.000000,8.004000,1.000000,0.000000,1.000000,0.000000,0.000000,0.000000,0.083744,VALID,INVALID,VALID,
10269238043,9969238043,10269238043,396,1306.830562,1366.847559,175.797217,7.775138,0.000000,0.000000,0.000000,0.011719,0.003906,0.929969,0.920215,0.999895,0.000105,0.000000,0.000000,8.004000,1.000000,0.000000,1.000000,0.000000,0.000000,0.000000,0.075567,VALID,INVALID,VALID,
10289814044,9989814044,10289814044,396,1283.866955,1714.517372,176.266382,9.726854,0.000000,0.000000,0.000000,0.015625,0.011719,0.929953,0.876879,0.999890,0.000110,0.000000,0.000000,8.004000,1.000000,0.000000,1.000000,0.000000,0.000000,0.000000,0.073232,VALID,INVALID,LIMITED,
10310542044,10010542044,10310542044,398,1497.720880,2019.878449,192.208586,10.508784,0.000000,0.000000,0.000000,0.015625,0.015625,0.952577,0.911156,0.999895,0.000105,0.000000,0.000000,8.004000,1.000000,0.000000,1.000000,0.000000,0.000000,0.000000,0.077889,VALID,INVALID,VALID,
10330638047,10030638047,10330638047,399,1854.728101,2104.634031,206.735658,10.180315,0.000000,0.000000,0.000000,0.015625,0.011719,0.955143,0.939744,0.999916,0.000084,0.000000,0.000000,8.004000,1.000000,0.000000,1.000000,0.000000,0.000000,0.000000,0.090226,VALID,INVALID,VALID,
10351198047,10051198047,10351198047,397,2289.574712,1950.171136,212.765812,9.165811,0.000000,0.000000,0.000000,0.015625,0.003906,0.967893,0.941340,0.999947,0.000053,0.000000,0.000000,8.003000,1.000000,0.000000,1.000000,0.000000,0.000000,0.000000,0.100756,VALID,INVALID,VALID,
10371414043,10071414043,10371414043,395,2322.738001,1677.277978,215.327504,7.789428,0.000000,0.000000,0.000000,0.019531,0.007812,0.935176,0.906775,0.999958,0.000042,0.000000,0.000000,8.003000,1.000000,0.000000,1.000000,0.000000,0.000000,0.000000,0.136709,VALID,INVALID,VALID,
10392070043,10092070043,10392070043,393,2010.129563,1395.652295,230.700011,6.049641,0.000000,0.000000,0.000000,0.007812,0.007812,0.901871,0.984854,0.999959,0.000041,0.000000,0.000000,8.003000,1.000000,0.000000,1.000000,0.000000,0.000000,0.000000,0.145038,VALID,INVALID,VALID,
10412478043,10112478043,10412478043,396,1757.072616,1204.747840,268.413326,4.488405,0.000000,0.000000,0.000000,0.007812,0.007812,0.937156,0.972938,0.999954,0.000046,0.000000,0.000000,8.003000,1.000000,0.000000,1.000000,0.000000,0.000000,0.017677,0.176768,VALID,INVALID,VALID,
10433126043,10133126043,10433126043,396,1455.707643,1113.705248,325.417546,3.422388,0.000000,0.000000,0.000000,0.007812,0.007812,0.897594,0.876608,0.999951,0.000049,0.000000,0.000000,8.004000,1.000000,0.000000,1.000000,0.000000,0.000000,0.017677,0.181818,VALID,INVALID,LIMITED,
10453206043,10153206043,10453206043,392,1519.571421,1211.997845,384.486323,3.152252,0.000000,0.000000,0.000000,0.007812,0.007812,0.946368,0.903059,0.999958,0.000042,0.000000,0.000000,8.004000,1.000000,0.000000,1.000000,0.000000,0.000000,0.020305,0.200508,VALID,INVALID,LIMITED,
10473422043,10173422043,10473422043,391,2386.372339,1559.610965,425.177647,3.668140,0.000000,0.000000,0.000000,0.007812,0.007812,0.948552,0.896837,0.999973,0.000027,0.000000,0.000000,8.004000,1.000000,0.000000,1.000000,0.000000,0.000000,0.020460,0.181586,VALID,INVALID,LIMITED,
10493534043,10193534043,10493534043,383,4047.653798,2080.714850,441.051517,4.717623,0.000000,0.000000,0.000000,0.007812,0.007812,0.971833,0.929104,0.999985,0.000015,0.000000,0.000000,8.004000,1.000000,0.000000,1.000000,0.000000,0.000000,0.020779,0.192208,VALID,INVALID,LIMITED,
10513686043,10213686043,10513686043,382,6236.421456,2567.414385,444.316255,5.778349,0.000000,0.000000,0.000000,0.007812,0.007812,0.973301,0.937677,0.999992,0.000008,0.000000,0.000000,8.004000,1.000000,0.000000,1.000000,0.000000,0.000000,0.020833,0.192708,VALID,INVALID,LIMITED,
10533822043,10233822043,10533822043,380,7996.273837,2772.670349,454.994882,6.093850,0.000000,0.000000,0.000000,0.011719,0.007812,0.960035,0.906390,0.999994,0.000006,0.000000,0.000000,8.004000,1.000000,0.000000,1.000000,0.000000,0.000000,0.020942,0.204188,VALID,INVALID,LIMITED,
10554278046,10254278046,10554278046,378,8982.914586,2662.023747,486.312642,5.473894,0.000000,0.000000,0.000000,0.011719,0.011719,0.961001,0.897248,0.999995,0.000005,0.000000,0.000000,8.004000,1.000000,0.000000,1.000000,0.000000,0.000000,0.021053,0.205263,VALID,INVALID,LIMITED,
10574670043,10274670043,10574670043,375,0.000000,0.000000,0.000000,0.000000,0.000000,0.000000,0.000000,0.000000,0.000000,0.957159,0.879630,0.999993,0.000007,0.000000,0.000000,8.004000,1.000000,0.000000,1.000000,0.000000,0.000000,0.020888,0.224543,VALID,INVALID,INVALID,连续未解决异常 6 > 2
10594742043,10294742043,10594742043,373,0.000000,0.000000,0.000000,0.000000,0.000000,0.000000,0.000000,0.000000,0.000000,0.967461,0.905002,0.999988,0.000012,0.000000,0.000000,28.802200,1.000000,0.000000,1.000000,0.000000,0.000000,0.020997,0.228346,VALID,INVALID,INVALID,连续未解决异常 6 > 2
10614966043,10314966043,10614966043,374,0.000000,0.000000,0.000000,0.000000,0.000000,0.000000,0.000000,0.000000,0.000000,0.975214,0.965856,0.999971,0.000029,0.000000,0.000000,158.399200,1.000000,0.000000,1.000000,0.000000,0.000000,0.039267,0.240838,VALID,INVALID,INVALID,连续未解决异常 6 > 2
10635454043,10335454043,10635454043,375,0.000000,0.000000,0.000000,0.000000,0.000000,0.000000,0.000000,0.000000,0.000000,0.966162,0.990980,0.999940,0.000060,0.000000,0.000000,255.999500,1.000000,0.000000,1.000000,0.000000,0.000000,0.060052,0.237598,VALID,INVALID,INVALID,连续未解决异常 6 > 2
10655830045,10355830045,10655830045,376,0.000000,0.000000,0.000000,0.000000,0.000000,0.000000,0.000000,0.000000,0.000000,0.943739,0.919286,0.999910,0.000090,0.000000,0.000000,271.998650,1.000000,0.000000,1.000000,0.000000,0.000000,0.075521,0.242188,VALID,INVALID,INVALID,连续未解决异常 6 > 2
10676102043,10376102043,10676102043,382,0.000000,0.000000,0.000000,0.000000,0.000000,0.000000,0.000000,0.000000,0.000000,0.938507,0.924680,0.999914,0.000086,0.000000,0.000000,269.597900,1.000000,0.000000,1.000000,0.000000,0.000000,0.079487,0.210256,VALID,INVALID,INVALID,连续未解决异常 6 > 2
10696678043,10396678043,10696678043,386,0.000000,0.000000,0.000000,0.000000,0.000000,0.000000,0.000000,0.000000,0.000000,0.929182,0.901326,0.999920,0.000080,0.000000,0.000000,250.399150,1.000000,0.000000,1.000000,0.000000,0.000000,0.088832,0.190355,VALID,INVALID,INVALID,心搏峰附近削底/饱和 8.9% > 8.0%；连续未解决异常 6 > 2
10716694043,10416694043,10716694043,383,0.000000,0.000000,0.000000,0.000000,0.000000,0.000000,0.000000,0.000000,0.000000,0.924493,0.969224,0.999824,0.000176,0.000000,0.000000,232.000000,1.000000,0.000000,1.000000,0.000000,0.000000,0.071611,0.168798,VALID,INVALID,INVALID,连续未解决异常 6 > 2
10737222043,10437222043,10737222043,384,0.000000,0.000000,0.000000,0.000000,0.000000,0.000000,0.000000,0.000000,0.000000,0.964462,0.988100,0.999827,0.000173,0.000000,0.000000,144.794700,1.000000,0.000000,1.000000,0.000000,0.000000,0.071429,0.155612,VALID,INVALID,INVALID,连续未解决异常 6 > 2
10757838046,10457838046,10757838046,385,0.000000,0.000000,0.000000,0.000000,0.000000,0.000000,0.000000,0.000000,0.000000,0.958519,0.954096,0.999866,0.000134,0.000000,0.000000,32.802100,1.000000,0.000000,1.000000,0.000000,0.000000,0.083969,0.165394,VALID,INVALID,INVALID,心搏峰附近削底/饱和 8.4% > 8.0%；连续未解决异常 6 > 2
10778086047,10478086047,10778086047,387,0.000000,0.000000,0.000000,0.000000,0.000000,0.000000,0.000000,0.000000,0.000000,0.000000,0.000000,0.000000,1.000000,0.000000,0.000000,0.000000,0.000000,0.000000,0.000000,0.000000,0.000000,0.000000,0.000000,VALID,INVALID,LIMITED,频域窗口积累中：298/300 秒
10798430044,10498430044,10798430044,393,0.000000,0.000000,0.000000,0.000000,0.000000,0.000000,0.000000,0.000000,0.000000,0.910934,0.914604,0.999937,0.000063,0.000000,0.000000,131.997500,1.000000,0.000000,1.000000,0.000000,0.000000,0.107769,0.167920,VALID,INVALID,INVALID,心搏峰附近削底/饱和 10.8% > 8.0%；连续未解决异常 6 > 2
