t_us,latest_data_t_us,baseline_version,baseline_ready,quality_multiplier,primary_code,primary_score,temporal_model_version,score_INWARD_QUIET,evidence_score_INWARD_QUIET,raw_score_INWARD_QUIET,temporal_ready_INWARD_QUIET,coverage_INWARD_QUIET,persistence_INWARD_QUIET,stability_INWARD_QUIET,observed_span_minutes_INWARD_QUIET,score_RESONANCE_0P1,evidence_score_RESONANCE_0P1,raw_score_RESONANCE_0P1,temporal_ready_RESONANCE_0P1,coverage_RESONANCE_0P1,persistence_RESONANCE_0P1,stability_RESONANCE_0P1,observed_span_minutes_RESONANCE_0P1,score_PHASED_VIPASSANA,evidence_score_PHASED_VIPASSANA,raw_score_PHASED_VIPASSANA,temporal_ready_PHASED_VIPASSANA,coverage_PHASED_VIPASSANA,persistence_PHASED_VIPASSANA,stability_PHASED_VIPASSANA,observed_span_minutes_PHASED_VIPASSANA,score_TRAINED_VIPASSANA_SHIFT,evidence_score_TRAINED_VIPASSANA_SHIFT,raw_score_TRAINED_VIPASSANA_SHIFT,temporal_ready_TRAINED_VIPASSANA_SHIFT,coverage_TRAINED_VIPASSANA_SHIFT,persistence_TRAINED_VIPASSANA_SHIFT,stability_TRAINED_VIPASSANA_SHIFT,observed_span_minutes_TRAINED_VIPASSANA_SHIFT,score_AROUSAL_MEDITATION,evidence_score_AROUSAL_MEDITATION,raw_score_AROUSAL_MEDITATION,temporal_ready_AROUSAL_MEDITATION,coverage_AROUSAL_MEDITATION,persistence_AROUSAL_MEDITATION,stability_AROUSAL_MEDITATION,observed_span_minutes_AROUSAL_MEDITATION,score_SLOW_RECOVERY_VLF,evidence_score_SLOW_RECOVERY_VLF,raw_score_SLOW_RECOVERY_VLF,temporal_ready_SLOW_RECOVERY_VLF,coverage_SLOW_RECOVERY_VLF,persistence_SLOW_RECOVERY_VLF,stability_SLOW_RECOVERY_VLF,observed_span_minutes_SLOW_RECOVERY_VLF,elapsed_minutes
68243349920,68243349920,67857493920,False,0.68,STABLE_NEUTRAL,0.06099329576451982,v0.4.3,nan,nan,nan,0,0.0,0.0,0.0,0.0,0.06099329576451982,0.33647900457576824,0.3279256618027475,1,0.8491518066674185,0.4100228300896047,0.7898576818735848,4.7413334,nan,nan,nan,0,0.0,0.0,0.0,0.0,nan,nan,nan,0,0.0,0.0,0.0,0.0,nan,nan,nan,0,0.0,0.0,0.0,0.0,nan,nan,nan,0,0.0,0.0,0.0,0.0,0.0
68304717916,68304717916,67857493920,False,0.68,STABLE_NEUTRAL,0.1144627607427369,v0.4.3,nan,nan,nan,0,0.0,0.0,0.0,0.0,0.1144627607427369,0.3500265719932903,0.3779068244281912,1,0.8502003047205715,0.3613747218259311,0.826290098092668,4.748666600000001,nan,nan,nan,0,0.0,0.0,0.0,0.0,nan,nan,nan,0,0.0,0.0,0.0,0.0,nan,nan,nan,0,0.0,0.0,0.0,0.0,nan,nan,nan,0,0.0,0.0,0.0,0.0,1.0227999333333333
68366381917,68366381917,68161861918,False,0.68,STABLE_NEUTRAL,0.15929217247423555,v0.4.3,nan,nan,nan,0,0.0,0.0,0.0,0.0,0.15929217247423555,0.3557432622629845,0.3886950622748762,1,0.8520853694373265,0.3628407710217469,0.8236023412336724,4.76359995,nan,nan,nan,0,0.0,0.0,0.0,0.0,nan,nan,nan,0,0.0,0.0,0.0,0.0,nan,nan,nan,0,0.0,0.0,0.0,0.0,nan,nan,nan,0,0.0,0.0,0.0,0.0,2.0505332833333334
68427253920,68427253920,68161861918,False,0.68,STABLE_NEUTRAL,0.20119388127304558,v0.4.3,nan,nan,nan,0,0.0,0.0,0.0,0.0,0.20119388127304558,0.3874583468773741,0.42837804286279624,1,0.8867596484435769,0.3929952417661483,0.8827408309961463,4.757066699999999,nan,nan,nan,0,0.0,0.0,0.0,0.0,nan,nan,nan,0,0.0,0.0,0.0,0.0,nan,nan,nan,0,0.0,0.0,0.0,0.0,nan,nan,nan,0,0.0,0.0,0.0,0.0,3.0650666666666666
68487525920,68487525920,68161861918,False,1.0,STABLE_NEUTRAL,0.22799811840803955,v0.4.3,nan,nan,nan,0,0.0,0.0,0.0,0.0,0.22799811840803955,0.34846082555244123,0.3272321664273959,1,0.8847075029247772,0.46869208352733677,0.6745745161528779,4.40333335,nan,nan,nan,0,0.0,0.0,0.0,0.0,nan,nan,nan,0,0.0,0.0,0.0,0.0,nan,nan,nan,0,0.0,0.0,0.0,0.0,nan,nan,nan,0,0.0,0.0,0.0,0.0,4.0696
68548805920,68548805920,68161861918,False,0.68,STABLE_NEUTRAL,0.271790479886951,v0.4.3,nan,nan,nan,0,0.0,0.0,0.0,0.0,0.271790479886951,0.46502741719727686,0.5233212798319193,1,0.9517458537833974,0.5481380435648971,0.5563125152215878,4.755333333333334,nan,nan,nan,0,0.0,0.0,0.0,0.0,nan,nan,nan,0,0.0,0.0,0.0,0.0,nan,nan,nan,0,0.0,0.0,0.0,0.0,nan,nan,nan,0,0.0,0.0,0.0,0.0,5.090933333333333
68609669920,68609669920,68161861918,False,1.0,STABLE_NEUTRAL,0.3020249174281351,v0.4.3,nan,nan,nan,0,0.0,0.0,0.0,0.0,0.3020249174281351,0.43644472217541286,0.42578444010891375,1,0.9503498830049834,0.6115940660465793,0.6157204146465046,4.742266666666667,nan,nan,nan,0,0.0,0.0,0.0,0.0,nan,nan,nan,0,0.0,0.0,0.0,0.0,nan,nan,nan,0,0.0,0.0,0.0,0.0,nan,nan,nan,0,0.0,0.0,0.0,0.0,6.105333333333333
68670709920,68670709920,68467413917,False,0.68,STABLE_NEUTRAL,0.3174373034391212,v0.4.3,nan,nan,nan,0,0.0,0.0,0.0,0.0,0.3174373034391212,0.38574120415417623,0.33509925941618834,1,0.9490849697165578,0.5983117491042782,0.5850205178106529,4.732266666666666,nan,nan,nan,0,0.0,0.0,0.0,0.0,nan,nan,nan,0,0.0,0.0,0.0,0.0,nan,nan,nan,0,0.0,0.0,0.0,0.0,nan,nan,nan,0,0.0,0.0,0.0,0.0,7.1226666666666665
68731709920,68731709920,68467413917,False,0.68,STABLE_NEUTRAL,0.34663220670273204,v0.4.3,nan,nan,nan,0,0.0,0.0,0.0,0.0,0.34663220670273204,0.4761105974039013,0.47309863652947065,1,0.950202916706428,0.6583860088752436,0.6695199257510944,4.740800050000001,nan,nan,nan,0,0.0,0.0,0.0,0.0,nan,nan,nan,0,0.0,0.0,0.0,0.0,nan,nan,nan,0,0.0,0.0,0.0,0.0,nan,nan,nan,0,0.0,0.0,0.0,0.0,8.139333333333333
68792829920,68792829920,68467413917,False,0.68,STABLE_NEUTRAL,0.35622817489543385,v0.4.3,nan,nan,nan,0,0.0,0.0,0.0,0.0,0.35622817489543385,0.3986936256391504,0.3442513768864965,1,0.9513855284873839,0.6046538313350843,0.7377332405717545,4.751733333333333,nan,nan,nan,0,0.0,0.0,0.0,0.0,nan,nan,nan,0,0.0,0.0,0.0,0.0,nan,nan,nan,0,0.0,0.0,0.0,0.0,nan,nan,nan,0,0.0,0.0,0.0,0.0,9.158
68854189918,68854189918,68467413917,False,0.68,STABLE_NEUTRAL,0.3689912118729823,v0.4.3,nan,nan,nan,0,0.0,0.0,0.0,0.0,0.3689912118729823,0.4252278502530167,0.3745719460813671,1,0.9514196756149004,0.65147541819263,0.49812911482762656,4.751199966666666,nan,nan,nan,0,0.0,0.0,0.0,0.0,nan,nan,nan,0,0.0,0.0,0.0,0.0,nan,nan,nan,0,0.0,0.0,0.0,0.0,nan,nan,nan,0,0.0,0.0,0.0,0.0,10.180666633333333
68915109919,68915109919,68467413917,False,0.68,STABLE_NEUTRAL,0.42547914718036917,v0.4.3,nan,nan,nan,0,0.0,0.0,0.0,0.0,0.42547914718036917,0.6763647567617267,0.8403476058058255,1,0.9518659302366901,0.7273607490402355,0.2792406428503905,4.756533316666666,nan,nan,nan,0,0.0,0.0,0.0,0.0,nan,nan,nan,0,0.0,0.0,0.0,0.0,nan,nan,nan,0,0.0,0.0,0.0,0.0,nan,nan,nan,0,0.0,0.0,0.0,0.0,11.195999983333333
68976213920,68976213920,68772349920,True,0.68,STABLE_NEUTRAL,0.4847582171507917,v0.4.3,0.060130036983091294,0.3916799934095601,0.4431601939237889,1,0.9757445826729434,0.4750371471353564,0.3056401837452042,7.808133333333333,0.4847582171507917,0.7471643558208119,0.859845634759938,1,0.9518316872187904,0.8562628287007724,0.4452191024354343,4.757066666666666,0.007319090639358358,0.07691143397227343,0.0888023091058019,1,0.7572229738257203,0.12686044157971701,0.7768888888888889,18.645333333333333,0.03038859117978386,0.2282760798000955,0.15505711958923696,1,0.9829334141226214,0.4231036412944069,0.0,9.824000000000002,0.03375389755474749,0.21986892134305794,0.2197505971219458,1,0.9757445826729434,0.30132188446800967,0.040000000000000036,7.808133333333333,0.03213987144286384,0.40197156075916834,0.5095766278867921,1,0.9074048348118312,0.35703923733342713,0.5650627782100733,18.645333333333333,12.2144
69037565917,69037565917,68772349920,True,0.68,STABLE_NEUTRAL,0.5204964718934834,v0.4.3,0.12028260093249535,0.4440221746240102,0.551838101786646,1,0.9757949189945088,0.4750371471353566,0.30564018374520385,7.807466616666667,0.5204964718934834,0.6779894831548331,0.7420066798405673,1,0.9525327569282593,0.8352921131600539,0.4058223368084676,4.763199999999999,0.017028232439716767,0.10720822105938062,0.12192224081714922,1,0.7994945329034178,0.17417462973878461,0.8194944423611111,19.667866616666668,0.08532127623593729,0.4345784330435109,0.5435814957639378,1,0.9837470464937212,0.4802071971116535,0.0,9.8384,0.06337951741885275,0.2228238522142831,0.22620738050529776,1,0.9757949189945088,0.3013218844680098,0.040000000000000036,7.807466616666667,0.05875494106097743,0.35797910323873827,0.4342649592874708,1,0.9580599563945942,0.3599457580110018,0.3275611807032748,19.667866616666668,13.236933283333334
69098181920,69098181920,68772349920,True,0.68,STABLE_NEUTRAL,0.5445747961088508,v0.4.3,0.17350989725169225,0.46376103537602775,0.5928318840054896,1,0.975719589322091,0.4750371471353564,0.30564018374520474,7.807733333333333,0.5445747961088508,0.6521089392892658,0.7616722245606218,1,0.9510042974429715,0.763944911883716,0.21056798710085456,4.7488,0.016418489023075983,0.01249120110493458,0.014319178914283654,1,0.8413611268060799,0.02045596987754808,0.861588888888889,20.678133333333335,0.14072814455026886,0.4975974744591145,0.6140518052042274,1,0.9837801757769288,0.5636363636363636,0.0,9.840933333333334,0.09070415641657711,0.23970679446839396,0.28,1,0.975719589322091,0.2684327477308546,0.040000000000000036,7.807733333333333,0.08129820661124063,0.3379547800620373,0.33969658292863425,1,0.9579673775813022,0.43227593235906264,0.5060212520286791,19.667866716666666,14.2472
69159517920,69159517920,68772349920,True,0.68,STABLE_NEUTRAL,0.5380854979293761,v0.4.3,0.21626350137346737,0.44642758532794385,0.5614658247495151,1,0.976270611230765,0.4652117543681306,0.31299019419389396,7.812133333333334,0.5380854979293761,0.5158002912768821,0.568876014740064,1,0.9516541508321437,0.65608118832161,0.1658449023464933,4.752666666666667,0.014187623272762025,0.0,0.0,1,0.8838056265672356,0.0,0.9041833333333332,21.7004,0.18587931422284115,0.47302693193531925,0.5855072267732979,1,0.9840141246125301,0.5636363636363636,0.0,9.84,0.11773770469590703,0.2632728473713298,0.28,1,0.976270611230765,0.30197948757565696,0.24442583008722107,7.812133333333334,0.09942489624661204,0.3032725411546832,0.28978911631868814,1,0.9581834695815536,0.37739067511907987,0.5204047569444264,19.665333383333333,15.269466666666666
69220069920,69220069920,68772349920,True,0.68,STABLE_NEUTRAL,0.5471794234171762,v0.4.3,0.25492968796226273,0.4660205136007734,0.5635466952574215,1,0.9755446210617373,0.5207749611640049,0.38299019419389324,7.804933383333333,0.5471794234171762,0.5878404370744099,0.7471669650976195,1,0.9504968315887594,0.596595948418175,0.38085047175102804,4.743733333333334,0.01228278336546674,0.0,0.0,1,0.9254696729147025,0.0,0.9462333333333334,22.709600000000002,0.21329680744248616,0.3900902105790409,0.48,1,0.9836935328738926,0.44302544206822453,0.0,9.8392,0.1360406956344631,0.23596245699050986,0.28,1,0.9755446210617373,0.17697948757565735,0.5223929554106748,7.804933383333333,0.11778523867873628,0.32704933331067254,0.3053975804377019,1,0.9579284097842242,0.4399024870959911,0.6141005883724826,19.66626666666667,16.278666666666666
69281221917,69281221917,69078029918,True,0.68,STABLE_NEUTRAL,0.5496123947592663,v0.4.3,0.2897046944425867,0.4775286500915024,0.522519245999043,1,0.9752029020315975,0.5585979072144582,0.6969084134969308,7.799466616666667,0.5496123947592663,0.5603729005879186,0.7021692630943523,1,0.9499489826544536,0.5674298487924087,0.570260420051912,4.7382666166666665,0.01061850849166167,0.0,0.0,1,0.9675938729110604,0.0,0.9886999979166666,23.72879995,0.21537757285027134,0.22865339975812304,0.23478630690527483,1,0.9837601677415264,0.32628674056850776,0.0,9.840533283333334,0.12836959395334877,0.10193607171603736,0.07060187248188111,1,0.9752029020315975,0.11733695907863281,0.39066066618913153,7.799466616666667,0.13999383400198723,0.39052939425827293,0.42000000000000004,1,0.9581232140337634,0.42830767406543774,0.7593248549959478,19.674266616666667,17.297866616666667
69342085920,69342085920,69078029918,True,0.68,STABLE_NEUTRAL,0.5421048493855144,v0.4.3,0.3289980744867614,0.5423182350481488,0.6160632174758367,1,0.9749527924627907,0.6563251799417307,0.4886750343558265,7.795466666666667,0.5421048493855144,0.5160962483260217,0.6030809583986904,1,0.9495746719547463,0.5861478012444088,0.5702604200519126,4.7345334,0.009186033839849634,0.0,0.0,1,0.9676781324167905,0.0,0.9888722243055555,23.732933383333332,0.223446832951084,0.2751925977050001,0.3158957290746758,1,0.9836601857554716,0.3754681456944516,0.0,9.838533383333333,0.11643229947921922,0.07507759374639694,0.041574449412857706,1,0.9749527924627907,0.1001126282095462,0.3906606661891322,7.795466666666667,0.15923093260419652,0.37731607175870346,0.4125224387703352,1,0.966545029090143,0.4135929446074912,0.6196148276261562,19.670400033333333,18.312266666666666
69402813920,69402813920,69078029918,True,0.0,DATA_UNSTABLE,0.0,v0.4.3,nan,nan,nan,0,0.0,0.0,0.0,0.0,nan,nan,nan,0,0.0,0.0,0.0,0.0,nan,nan,nan,0,0.0,0.0,0.0,0.0,nan,nan,nan,0,0.0,0.0,0.0,0.0,nan,nan,nan,0,0.0,0.0,0.0,0.0,nan,nan,nan,0,0.0,0.0,0.0,0.0,19.3244
69464333920,69464333920,69078029918,True,0.68,STABLE_NEUTRAL,0.5480926107356724,v0.4.3,0.34534244689755306,0.4028879039252976,0.39520117195069115,1,0.9540986267103909,0.5370209589088324,0.6247991755684099,7.790133333333333,0.5480926107356724,0.5652074045339026,0.6167970265589743,1,0.9184091047937281,0.6972813845357487,0.7760150698777774,4.745200033333333,0.04437190056110285,0.26179107049740413,0.28,1,0.9606255336374476,0.4000000000000001,0.9890555555555555,23.737333333333332,0.21220753407379644,0.18008229202212694,0.1462581138027294,1,0.9668516229207876,0.3136363636363636,0.0,9.832933333333333,0.09847848862469029,0.05901881910632236,0.0134970623702605,1,0.9540986267103909,0.10011262820954644,0.39066066618913065,7.790133333333333,0.1837713492987899,0.3680800373034245,0.42000000000000004,1,0.9749998486407222,0.36635118632573516,0.5997503775664437,19.67093338333333,20.349733333333333
69524661920,69524661920,69078029918,True,0.0,DATA_UNSTABLE,0.0,v0.4.3,nan,nan,nan,0,0.0,0.0,0.0,0.0,nan,nan,nan,0,0.0,0.0,0.0,0.0,nan,nan,nan,0,0.0,0.0,0.0,0.0,nan,nan,nan,0,0.0,0.0,0.0,0.0,nan,nan,nan,0,0.0,0.0,0.0,0.0,nan,nan,nan,0,0.0,0.0,0.0,0.0,21.3552
69586173918,69586173918,69382797918,True,0.68,STABLE_NEUTRAL,0.5364852068527293,v0.4.3,0.32643885214899626,0.284891706112363,0.28312243602042936,1,0.867181229620258,0.3304776072048376,0.5633402397935874,7.790266633333333,0.5364852068527293,0.5109739477168105,0.5416770425651151,1,0.7763500163727811,0.6615297470717557,0.8247511546447992,4.747066683333333,0.07748085534019286,0.28206644996418956,0.3013990266581391,1,0.938896432677934,0.4305700380830559,0.9891055555555556,23.738533333333333,0.21750879905600903,0.23969199622574322,0.1994356147475832,1,0.897145165653027,0.4355168816116004,0.0,9.820799966666668,0.08067511170078426,0.04154607244441618,0.012517715066784438,1,0.867181229620258,0.04689527237072912,0.665432899179385,7.790266633333333,0.21312795487633437,0.4336082150774094,0.4423533128313263,1,0.9571187168670691,0.5558383173400085,0.6958152154947339,19.98999996666667,22.380399966666666
69646965920,69646965920,69382797918,True,0.68,STABLE_NEUTRAL,0.5327690424970902,v0.4.3,0.2931461169875194,0.1776544994251446,0.1203759127663358,1,0.8669507671650835,0.24736072408795584,0.4625109395523811,7.7890667,0.5327690424970902,0.5198777666533138,0.5588197951108788,1,0.775748989664742,0.6621182266968935,0.8253984822324514,4.741466666666667,0.10448266866086586,0.35771002841881205,0.3773038574004758,1,0.9530439469857721,0.5390055105721083,0.9886388895833332,23.72733335,0.2109982192393552,0.18201484444153493,0.13438458456053726,1,0.8967491210395344,0.3691166169285302,0.0,9.815866733333333,0.07351619577151315,0.048682105791989394,0.04044354574758125,1,0.8669507671650835,0.017214266248678816,0.7416141482259806,7.7890667,0.22834625941212683,0.4010846462715044,0.4342165350782656,1,0.9570548058377952,0.4727991926595513,0.5663652745318608,19.995066716666667,23.3936
69707629917,69707629917,69382797918,True,0.68,STABLE_NEUTRAL,0.5393525793147137,v0.4.3,0.25537116175939034,0.12401783819031718,0.023014021809277706,1,0.8196805039777304,0.22442387153211962,0.4391443720205864,7.787866683333333,0.5393525793147137,0.5687290592781227,0.6137015869910869,1,0.7351928427977598,0.717278424257727,0.9470414012984119,4.73533335,0.13372763406822774,0.4086001646029948,0.4283637737121716,1,0.938099546016705,0.6119482481602452,0.9885777777777777,23.725866666666665,0.1880790856005376,0.08581133974133605,0.0015209279231367806,1,0.859745668864638,0.24871766508101137,0.01995057716948223,9.814533283333333,0.0722908095969161,0.0680298238269301,0.08620880677990635,1,0.8196805039777304,0.02008331062345845,0.7641357250212109,7.787866683333333,0.24216617841213667,0.3993770802238238,0.4488120773896135,1,0.9392073113876254,0.43051881295372985,0.6374239950914479,19.99839995,24.404666616666667
69768813917,69768813917,69382797918,True,0.68,STABLE_NEUTRAL,0.25910318955431544,v0.4.3,0.2257998543306169,0.12396172418082523,0.04644388641295132,1,0.7701866601514613,0.18560391057556846,0.4730982710175008,7.791066666666667,nan,nan,nan,0,0.5481404541337769,0.0,0.0,3.3837332833333336,0.15611201991267126,0.36462216354745236,0.38535070646684527,1,0.9232852801792879,0.5505010092383504,0.9882999979166667,23.71919995,0.16664357244450662,0.07189374994248858,0.0,1,0.8218168521478896,0.1453746395461819,0.25781037177651056,9.81986665,0.08192633684846004,0.13393936931762473,0.22365878347653437,1,0.7701866601514613,0.024099972748150546,0.7227981533366907,7.791066666666667,0.25910318955431544,0.4500656707624217,0.47369295307788395,1,0.9213253243445296,0.5454401253451449,0.8028561387785791,19.994933283333335,25.42439995
69829981920,69829981920,69382797918,True,0.68,STABLE_NEUTRAL,0.5153943051641975,v0.4.3,0.18970381805927677,0.06535889527360622,0.0,1,0.7702923339592294,0.0828076516731949,0.5175012862714321,7.791733333333334,0.5153943051641975,0.46273776400589794,0.5028113520653882,1,0.747427388279823,0.5824720060862486,0.7308105412985402,4.4032,0.1662504936849395,0.260716170038748,0.28,1,0.9232528961259184,0.4000000000000001,0.9880388909722222,23.712933383333333,0.15105853136014083,0.08214920437511217,0.0,1,0.822196340200407,0.10911066634997107,0.5353451032176575,9.827066733333334,0.10546397515087885,0.23255739392344477,0.3348269286973473,1,0.7702923339592294,0.22409997274815013,0.025476990011809253,7.791733333333334,0.27608568310615544,0.4676132057478166,0.5379339781834186,1,0.9048468324350476,0.519027750388506,0.6679442670385061,19.668,26.44386666666667
69891157921,69891157921,69707629917,True,0.0,DATA_UNSTABLE,0.0,v0.4.3,nan,nan,nan,0,0.0,0.0,0.0,0.0,nan,nan,nan,0,0.0,0.0,0.0,0.0,nan,nan,nan,0,0.0,0.0,0.0,0.0,nan,nan,nan,0,0.0,0.0,0.0,0.0,nan,nan,nan,0,0.0,0.0,0.0,0.0,nan,nan,nan,0,0.0,0.0,0.0,0.0,27.463466683333333
69952629920,69952629920,69707629917,True,0.68,STABLE_NEUTRAL,0.5147176940539967,v0.4.3,nan,nan,nan,0,0.6770629344603191,0.0,0.0,6.447333333333333,0.5147176940539967,0.5132306086091679,0.6208384257955593,1,0.6829573403615632,0.5832687639402854,0.3410612998081455,4.083333383333334,0.17662339447259603,0.2407192286593847,0.2597009190788745,1,0.9089317906482509,0.37100131296982075,0.9891611111111112,23.739866666666668,0.12115957372673006,0.03569950530494095,0.0,1,0.7825638492355204,0.03603097706264667,0.5947326751536935,9.835866666666668,nan,nan,nan,0,0.6770629344603191,0.0,0.0,6.447333333333333,0.30584654547828444,0.5293629415508112,0.6384616527803939,1,0.8868120570794582,0.5686303542400515,0.6418614223844278,19.671333333333333,28.488
70013549920,70013549920,69707629917,True,0.68,STABLE_NEUTRAL,0.5327184792236274,v0.4.3,0.1388343414486937,0.02703118434237911,0.0,1,0.8027631152199811,0.037050509294244256,0.6724596834002663,7.462666666666666,0.5327184792236274,0.612667197787413,0.7701631337524463,1,0.7547003381115486,0.687451572955214,0.2231769902235865,4.078933383333333,0.20489013102016862,0.46939447680160973,0.48912890571324147,1,0.9088948326533154,0.698755579590345,0.9888888909722223,23.733333383333335,0.1169739426846414,0.09838387369363104,0.07032944683557839,1,0.8028937359906411,0.13912516655076693,0.3216684335682465,9.834000066666666,0.2246784337130039,0.6444100899583668,0.8870199708497777,1,0.8027631152199811,0.6564094111669786,0.0,7.462666666666666,0.3242773582013367,0.5330215879496724,0.6384616527803939,1,0.8868076304577138,0.5858499586919237,0.620918712584318,19.667333333333332,29.503333333333334
70074749920,70074749920,69707629917,True,0.68,STABLE_NEUTRAL,0.5461639600904705,v0.4.3,0.10936857239159611,0.007923951348211455,0.0,1,0.7961268148048072,0.0,0.9089790791113898,7.8,0.5461639600904705,0.6055788543858623,0.7464669652792235,1,0.8152923719501605,0.687451572955214,0.2231769902235866,4.761066716666666,0.21773901381386213,0.3373932081413413,0.35907271264778806,1,0.8937975723652029,0.5129610180682687,0.9894777777777777,23.747466666666664,0.12742317839860834,0.19403584041387253,0.21832101238279472,1,0.7073577530185352,0.21533643733905844,0.19645604765454783,8.482666666666667,0.29955985284034853,0.703658388813837,0.8822658284432416,1,0.7961268148048072,0.7876912934003744,0.061066056988194006,7.8,0.3428669754081266,0.5524052063100446,0.6384616527803939,1,0.8681196442242994,0.6405115558674436,0.7030271531459145,19.67040005,30.523333333333333
70135597920,70135597920,69707629917,True,0.68,STABLE_NEUTRAL,0.5614502727304354,v0.4.3,0.09092236586753977,0.026999624909176685,0.0,1,0.7612441233508273,0.04515006630098563,0.6555980960323537,7.13280005,0.5614502727304354,0.6294316970443301,0.7116139585712066,1,0.8149774416523023,0.7955946116196759,0.3608521619512677,4.758266666666667,0.19838493989955036,0.07423795732068889,0.08248287690423067,1,0.8935201018954336,0.11783268129175811,0.9890555569444445,23.737333366666668,0.14763555707578518,0.27728814777180755,0.3250573712560152,1,0.8083391244093651,0.33070853509487613,0.0,9.4968,0.3622194117459407,0.7024896579859857,0.7573836955272937,1,0.7612441233508273,0.9040549297640105,0.39512029620800193,7.13280005,0.3598093741957873,0.5519328788148534,0.6273600744966769,1,0.867926740152612,0.644840986998654,0.7689344429863452,19.665466700000003,31.537466666666667
70196061920,70196061920,70013549920,True,0.68,STABLE_NEUTRAL,0.581227218606465,v0.4.3,0.08832293528723922,0.07925020429284672,0.044320163891280656,1,0.8065133095057466,0.16261541085452372,0.21947428681672632,7.12080005,0.581227218606465,0.6697965749680436,0.6963867780154985,1,0.8178583532746544,0.8965014577043301,0.6117416534888254,4.395066666666667,0.17178563294842078,0.0,0.0,1,0.8930943470464651,0.0,0.988688888888889,23.728533333333335,0.1518581364568219,0.17912871433236816,0.17583429182713878,1,0.8411619325072286,0.25947144842359415,0.0,9.821866666666667,0.3888771973468129,0.5346405239837505,0.5380496828840339,1,0.8065133095057466,0.7667068315920762,0.37305003947317594,7.12080005,0.3702446102149334,0.489361884690455,0.63,1,0.8841652247579062,0.44296731736319345,0.6333335041758988,19.985599999999998,32.5452
70257357920,70257357920,70013549920,True,0.68,STABLE_NEUTRAL,0.5885985163682455,v0.4.3,0.08938897394069689,0.09513206765531991,0.08071437974978622,1,0.8901032189117284,0.1393846378753057,0.2208813999942969,7.804533383333333,0.5885985163682455,0.6211155097166324,0.6430031533500251,1,0.8842329481596468,0.8297717397208253,0.7401203680229174,4.741333316666667,0.1606011614511029,0.08942145731922808,0.09909759394178362,1,0.8932236948883431,0.14156799134540518,0.9887833333333332,23.7308,0.1452912263832228,0.11632262708313164,0.04959131595190308,1,0.8124978969730821,0.26358458169265286,0.0,9.162133383333332,0.40866842875433884,0.515290169281804,0.528329297734091,1,0.8901032189117284,0.7148839869515687,0.3362387615773432,7.804533383333333,0.37788714118128797,0.46389139993392814,0.6105394318355416,1,0.8843274967000831,0.42133940550478965,0.44570993917001045,19.989066733333335,33.5668
70318741916,70318741916,70013549920,True,0.68,STABLE_NEUTRAL,0.5889743834583316,v0.4.3,0.09070716662180588,0.09779762382716335,0.0657137876670686,1,0.8448375501549782,0.1626154108545236,0.21947428681672665,7.8106666,0.5889743834583316,0.5906298173574266,0.6219558334567694,1,0.7533439572118952,0.7730289862944337,0.9479526092023138,4.066533266666666,0.1949333313821882,0.5136408830904329,0.5334327088455955,1,0.8778867852073171,0.7620467269222793,0.9890388881944445,23.73693331666667,0.13606262132469965,0.09541701531611603,0.03337787949392526,1,0.8127230374956017,0.2325579830031483,0.0054183924467823275,9.16546665,0.425113164023335,0.5135681322152043,0.5309580021743229,1,0.8448375501549782,0.7127599071499717,0.2915257107312532,7.8106666,0.38272190641969256,0.43704796566262527,0.5726427361379939,1,0.8656220827342526,0.35846041064385803,0.6289122382319479,19.999733266666667,34.5898666
70380365917,70380365917,70013549920,True,0.0,DATA_UNSTABLE,0.0,v0.4.3,nan,nan,nan,0,0.0,0.0,0.0,0.0,nan,nan,nan,0,0.0,0.0,0.0,0.0,nan,nan,nan,0,0.0,0.0,0.0,0.0,nan,nan,nan,0,0.0,0.0,0.0,0.0,nan,nan,nan,0,0.0,0.0,0.0,0.0,nan,nan,nan,0,0.0,0.0,0.0,0.0,35.61693328333333
70441309920,70441309920,70013549920,True,0.0,DATA_UNSTABLE,0.0,v0.4.3,nan,nan,nan,0,0.0,0.0,0.0,0.0,nan,nan,nan,0,0.0,0.0,0.0,0.0,nan,nan,nan,0,0.0,0.0,0.0,0.0,nan,nan,nan,0,0.0,0.0,0.0,0.0,nan,nan,nan,0,0.0,0.0,0.0,0.0,nan,nan,nan,0,0.0,0.0,0.0,0.0,36.632666666666665
70502469920,70502469920,70318741916,True,0.0,DATA_UNSTABLE,0.0,v0.4.3,nan,nan,nan,0,0.0,0.0,0.0,0.0,nan,nan,nan,0,0.0,0.0,0.0,0.0,nan,nan,nan,0,0.0,0.0,0.0,0.0,nan,nan,nan,0,0.0,0.0,0.0,0.0,nan,nan,nan,0,0.0,0.0,0.0,0.0,nan,nan,nan,0,0.0,0.0,0.0,0.0,37.652
70563621921,70563621921,70318741916,True,0.68,STABLE_NEUTRAL,0.42116203301052946,v0.4.3,0.13897322940875717,0.3089089462534759,0.3600543694428425,1,0.8213228262218805,0.32146808224977225,0.38014534513789566,7.813200083333333,nan,nan,nan,0,0.6437406494316312,0.0,0.0,4.081333416666667,0.17067439192254946,0.069162613324905,0.07738197908568348,1,0.8380290038099549,0.11054568440811927,0.989244445138889,23.741866683333335,0.13322959084756786,0.1251319514119325,0.02239801322276607,1,0.8231336318541023,0.3297132747755555,0.0,9.845733333333333,0.42116203301052946,0.4124780647292355,0.4740627325393369,1,0.8213228262218805,0.4782772519166903,0.633441635650915,7.813200083333333,0.36778029826627906,0.29532919957748793,0.29139867354524274,1,0.7995457815763927,0.3783535382384219,0.44710877747913413,19.68040005,38.67120001666667
70624213918,70624213918,70318741916,True,0.68,STABLE_NEUTRAL,0.528734730100129,v0.4.3,0.15860747231996197,0.2657200818566867,0.3150182078242862,1,0.8209153987741935,0.21006453546101347,0.5378159340160287,7.808399966666667,0.528734730100129,0.39633738935304735,0.4679767197686,1,0.776390792412978,0.4292664058477416,0.5313495642615153,4.751066716666667,0.1529994472469481,0.0391087048244136,0.04399232022593852,1,0.8378474779815319,0.06284617175134075,0.9892000006944444,23.740800016666665,0.1286225950600037,0.10803868258802757,0.007527233353664936,1,0.7937022157828899,0.3341977213967054,0.0,9.157733299999999,0.37702109116730587,0.22332516989159792,0.18765341620591183,1,0.8209153987741935,0.3813075549469917,0.21817919288001453,7.808399966666667,0.3623896691782742,0.32232460060898516,0.31987892924529726,1,0.8094375815485323,0.4413737358759842,0.3405384798698631,19.6737333,39.68106663333333
70685389920,70685389920,70318741916,True,0.0,DATA_UNSTABLE,0.0,v0.4.3,nan,nan,nan,0,0.0,0.0,0.0,0.0,nan,nan,nan,0,0.0,0.0,0.0,0.0,nan,nan,nan,0,0.0,0.0,0.0,0.0,nan,nan,nan,0,0.0,0.0,0.0,0.0,nan,nan,nan,0,0.0,0.0,0.0,0.0,nan,nan,nan,0,0.0,0.0,0.0,0.0,40.70066666666666
70746413916,70746413916,70318741916,True,0.68,STABLE_NEUTRAL,0.5020143258242336,v0.4.3,0.20211182819251106,0.3552824717915588,0.48,1,0.7368165295200275,0.30005336670868593,0.3804618469602139,7.127866666666667,0.5020143258242336,0.44328705445732786,0.5607433435789593,1,0.8136747192623639,0.4328215391260316,0.522224722180571,4.74306665,0.15471389608110353,0.16530775313664606,0.1822390144572727,1,0.8213506932547893,0.2603414492246753,0.9892388888888889,23.741733333333332,0.10343115988490256,0.03142658366845684,0.0,1,0.8230273986174489,0.06012323109378082,0.5240627366908539,9.8450666,0.2846875073993854,0.08175272489277337,0.0,1,0.7368165295200275,0.22484179320911823,0.14779004578328314,7.127866666666667,0.36330885878233965,0.3702123532120056,0.3860308444155818,1,0.8295772960529214,0.4669612211470407,0.5625505095036449,19.6770666,41.71773326666667
70807877920,70807877920,70624213918,True,0.68,STABLE_NEUTRAL,0.4801334600961086,v0.4.3,0.2262623105768895,0.35598197931585895,0.5369614455055699,1,0.8214217029607236,0.3173814436129902,0.0,7.812133416666667,0.4801334600961086,0.40516867677446156,0.43833365094466037,1,0.8201580998294833,0.4967022783523452,0.6072193258343966,4.414933333333334,0.14308043424419495,0.06926078264263544,0.07762668884983154,1,0.82175579830662,0.11089526978547364,0.9896388902777776,23.751333366666664,0.09004226624666314,0.03115835412150348,0.0,1,0.8235075806219139,0.0588513967687759,0.5238863438488895,9.85093335,0.23832859486303565,0.07950097458073449,0.0,1,0.8214217029607236,0.21277121467479035,0.10632129199504348,7.812133416666667,0.37123722649630797,0.4602037114090121,0.599730025881933,1,0.8299754645254276,0.4293594278121675,0.4878232615362116,19.684533383333335,42.742133333333335
70868805920,70868805920,70624213918,True,0.68,STABLE_NEUTRAL,0.4740412759835385,v0.4.3,0.2580833499677111,0.4306396318678214,0.7038105280616087,1,0.8208604588994208,0.3173814436129898,0.0,7.802933333333333,0.4740412759835385,0.45296104875416837,0.49729638971324486,1,0.8143621197731554,0.5636487007454355,0.6268913639415639,4.749333333333333,0.12758868651468017,0.02835680760038963,0.03204663987290917,1,0.8132302091013297,0.04578091410415596,0.9895944444444446,23.75026666666667,0.07868216424133789,0.028234707662288167,0.0,1,0.7555892258220039,0.062074096335820485,0.6261782529676009,9.1677334,0.20271745660328047,0.07949549342208748,0.0,1,0.8208604588994208,0.21277121467479035,0.10632129199504348,7.802933333333333,0.37816314049767047,0.45659411536837446,0.6078909800783423,1,0.8130203057976839,0.42612162610105386,0.3790099054537819,19.352933383333333,43.7576
70930365920,70930365920,70624213918,True,0.68,STABLE_NEUTRAL,0.4664016729307531,v0.4.3,0.2955564618092565,0.49649464259367,0.783101689493161,1,0.8450628471295597,0.42796931252303433,0.0,7.808933383333334,0.4664016729307531,0.4402743292263708,0.43666622136563915,1,0.815876321168728,0.6202414873083503,0.6665491918125662,4.766133383333334,0.14388254020930044,0.2946843915763691,0.32,1,0.8041221573964544,0.4571428571428572,0.9476222222222223,22.742933333333333,0.06950692343627966,0.029224108070848985,0.0,1,0.8236190579978392,0.06475999753651045,0.6284604754082923,9.853600083333333,0.1678812270969131,0.048741772417294556,0.0,1,0.8450628471295597,0.11580151770509339,0.34821249297765977,7.808933383333334,0.3812129361605223,0.4153798901878688,0.5716602414456139,1,0.8328292865797412,0.31222788636455456,0.4783373642064688,19.359200050000002,44.7836
70991749917,70991749917,70624213918,True,0.68,STABLE_NEUTRAL,0.45898941305928337,v0.4.3,0.32603547656690146,0.48997975350631207,0.6705319608720967,1,0.8497066690759556,0.5311379101615747,0.08522413445575161,7.479466616666667,0.45898941305928337,0.4335571747905201,0.4229230492627265,1,0.8869510971328709,0.6013772040259578,0.7079496066069406,4.766133333333333,0.15881307925459973,0.2974141485377394,0.32,1,0.8467992867448298,0.4571428571428572,0.9902499979166666,23.765999949999998,0.06472222466018997,0.043648944723943706,0.0,1,0.8618772314180728,0.10824296751244568,0.34326457507708397,9.85199995,0.13617717974024568,0.027397279893176835,0.0,1,0.8497066690759556,0.009009260248746457,0.6418912009826139,7.479466616666667,0.37912591863428335,0.3638274922814532,0.4389085248432216,1,0.8499614760952905,0.3723598530194434,0.38844796078846644,19.70559995,45.80666661666667
71052701920,71052701920,70624213918,True,0.68,STABLE_NEUTRAL,0.46660277583113774,v0.4.3,0.36255646770138433,0.5605144516898454,0.7210250706555357,1,0.8910786104365277,0.6415587707096081,0.3102722435897102,7.814266666666667,0.46660277583113774,0.5003971607958241,0.5606023498427315,1,0.8865291724245281,0.5819247319534109,0.757877618259811,4.7616000000000005,0.17220134772213036,0.2974121180732287,0.32,1,0.8467802750066495,0.4571428571428572,0.990205557638889,23.764933383333336,0.07084721532214518,0.11006404299080316,0.07649291558724225,1,0.8802296353294089,0.18616282959312963,0.19999999999999996,9.847866716666665,0.10857013916977662,0.013086617915654792,0.0,1,0.8910786104365277,0.0,0.8333333333333333,7.814266666666667,0.3724185648169255,0.32288054510254033,0.3699934893630148,1,0.8498176791782539,0.32446312945365086,0.49756765928594715,19.698933383333333,46.82253333333333
71113941921,71113941921,70930365920,True,0.68,STABLE_NEUTRAL,0.4865412133843097,v0.4.3,0.3800835762113677,0.47460165978989566,0.5593919366575454,1,0.8917321701332398,0.5326461064906743,0.5389024469589888,7.8257334,0.4865412133843097,0.574584532700871,0.6527693622390298,1,0.8211916121946847,0.7065594662519484,0.6818602085180683,4.085600016666667,0.18431527169676873,0.2970477132743616,0.32,1,0.8489926243476071,0.4571428571428572,0.9766055583333332,23.438533399999997,0.09311799870745636,0.2349919965533635,0.3457571876193684,1,0.8831134736221513,0.22358221572678344,0.16550096927351765,9.516000016666668,0.08872970837017313,0.020473706569511516,0.0,1,0.8917321701332398,0.015860426506890932,0.753718632776068,7.8257334,0.3741867947925958,0.39410432904049886,0.4451120948617163,1,0.8687877016418372,0.48660916220976663,0.30152927964148823,19.69306668333333,47.843200016666664
71174685917,71174685917,70930365920,True,0.68,STABLE_NEUTRAL,0.5138836842845226,v0.4.3,0.39752175815266394,0.4923953395481758,0.6009601922562231,1,0.9346189690405152,0.5080568852245545,0.5710603969739327,7.815066666666667,0.5138836842845226,0.6357113861123306,0.7276634542400379,1,0.9512979478295187,0.7652475730015588,0.4797711963380855,4.751733333333333,0.19290679413900563,0.27354643409603496,0.29531388232567696,1,0.8647276994818364,0.4218769747509671,0.9763000000000001,23.4312,0.11874584416586054,0.28343836914952597,0.4188028507333226,1,0.9161472381289301,0.2883116883116883,0.0,9.847333283333334,0.07911815256446589,0.04574609121772907,0.0,1,0.9346189690405152,0.09907470473614843,0.3949284553529723,7.815066666666667,0.37628453997163996,0.4001150364332185,0.45234142568045765,1,0.8687465133633979,0.49424289433029456,0.2814906584347463,19.69119995,48.85559995
71235725920,71235725920,70930365920,True,0.68,STABLE_NEUTRAL,0.5291864412839197,v0.4.3,0.41391005956400717,0.5026018182899468,0.6071549260620486,1,0.9344355657221268,0.5317815789459217,0.5806873244965016,7.812,0.5291864412839197,0.5970044895234085,0.6103446901106325,1,0.9508173350091407,0.8158024829589493,0.572455197926634,4.746933333333333,0.20087912701474098,0.27532553479462946,0.2962837425263624,1,0.8788735847673596,0.4232624893233749,0.9904944444444443,23.771866666666664,0.13555203953374723,0.24299136521247253,0.3364560324864394,1,0.9165254963661539,0.2600916802802148,0.05964086732366514,9.855466716666665,0.07657667476117054,0.06780090258549436,0.0,1,0.9344355657221268,0.1572976296307042,0.22310960198167318,7.812,0.3802443489734046,0.42500051508329784,0.5178985167060448,1,0.8704883981014656,0.43691507583393674,0.49213127930284384,19.349600000000002,49.872933333333336
71296381917,71296381917,70930365920,True,0.0,DATA_UNSTABLE,0.0,v0.4.3,nan,nan,nan,0,0.0,0.0,0.0,0.0,nan,nan,nan,0,0.0,0.0,0.0,0.0,nan,nan,nan,0,0.0,0.0,0.0,0.0,nan,nan,nan,0,0.0,0.0,0.0,0.0,nan,nan,nan,0,0.0,0.0,0.0,0.0,nan,nan,nan,0,0.0,0.0,0.0,0.0,50.883866616666666
71358077917,71358077917,70930365920,True,0.68,STABLE_NEUTRAL,0.5218266541443581,v0.4.3,0.380143914424552,0.3059312061083093,0.3438134370104124,1,0.9342122569447184,0.363784363016391,0.27461836783270166,7.8082666666666665,0.5218266541443581,0.5056509925755848,0.5565461211918694,1,0.8852249215554676,0.6717294686191578,0.25218697872948836,4.7476,0.25176625175626893,0.5662060383159436,0.5835703805627963,1,0.8786911738368213,0.8336719722325662,0.99008333125,23.76199995,0.14679661727834645,0.19384966707604578,0.18762578362229798,1,0.9163270773618031,0.3281153177045684,0.0,9.85119995,0.07644263384913123,0.07614803287923867,0.0,1,0.9342122569447184,0.1376354259268661,0.2635096804658179,7.8082666666666665,0.3836143579413627,0.4089245203227969,0.48805726854600706,1,0.8690464569813978,0.43715749295085005,0.4571908806050359,19.704799949999998,51.91213328333333
71419621920,71419621920,71235725920,True,0.68,STABLE_NEUTRAL,0.5154647332358799,v0.4.3,0.3419739522906087,0.21139470636860108,0.21610321165851892,1,0.9344276023480373,0.28412626045814576,0.12772689459879583,7.811866666666666,0.5154647332358799,0.4937006342323392,0.5587353119336043,1,0.8853865133732933,0.6144730419192066,0.29987743616175644,4.749333333333333,0.29963531361612106,0.7427912141398879,0.7526155349909521,1,0.8789031718553261,1.0,0.990561111111111,23.773466666666664,0.13922576259256214,0.1059772592739748,0.0,1,0.8845728521620898,0.2627976708584113,0.0,9.180266666666666,0.08751843998014226,0.14692588115417024,0.0999878411180476,1,0.9344276023480373,0.18225877465658127,0.26404366050285155,7.811866666666666,0.3875137228880432,0.4312102747791563,0.47326977737700293,1,0.869096450878557,0.5129352706338978,0.5084682469019258,19.707066666666666,52.937866666666665
71480309918,71480309918,71235725920,True,0.0,DATA_UNSTABLE,0.0,v0.4.3,nan,nan,nan,0,0.0,0.0,0.0,0.0,nan,nan,nan,0,0.0,0.0,0.0,0.0,nan,nan,nan,0,0.0,0.0,0.0,0.0,nan,nan,nan,0,0.0,0.0,0.0,0.0,nan,nan,nan,0,0.0,0.0,0.0,0.0,nan,nan,nan,0,0.0,0.0,0.0,0.0,53.9493333
71541429918,71541429918,71235725920,True,0.0,DATA_UNSTABLE,0.0,v0.4.3,nan,nan,nan,0,0.0,0.0,0.0,0.0,nan,nan,nan,0,0.0,0.0,0.0,0.0,nan,nan,nan,0,0.0,0.0,0.0,0.0,nan,nan,nan,0,0.0,0.0,0.0,0.0,nan,nan,nan,0,0.0,0.0,0.0,0.0,nan,nan,nan,0,0.0,0.0,0.0,0.0,54.96799996666667
71603365919,71603365919,71235725920,True,0.0,DATA_UNSTABLE,0.0,v0.4.3,nan,nan,nan,0,0.0,0.0,0.0,0.0,nan,nan,nan,0,0.0,0.0,0.0,0.0,nan,nan,nan,0,0.0,0.0,0.0,0.0,nan,nan,nan,0,0.0,0.0,0.0,0.0,nan,nan,nan,0,0.0,0.0,0.0,0.0,nan,nan,nan,0,0.0,0.0,0.0,0.0,56.00026665
71664789920,71664789920,71235725920,True,0.0,DATA_UNSTABLE,0.0,v0.4.3,nan,nan,nan,0,0.0,0.0,0.0,0.0,nan,nan,nan,0,0.0,0.0,0.0,0.0,nan,nan,nan,0,0.0,0.0,0.0,0.0,nan,nan,nan,0,0.0,0.0,0.0,0.0,nan,nan,nan,0,0.0,0.0,0.0,0.0,nan,nan,nan,0,0.0,0.0,0.0,0.0,57.024
71725877920,71725877920,71235725920,True,0.0,DATA_UNSTABLE,0.0,v0.4.3,nan,nan,nan,0,0.0,0.0,0.0,0.0,nan,nan,nan,0,0.0,0.0,0.0,0.0,nan,nan,nan,0,0.0,0.0,0.0,0.0,nan,nan,nan,0,0.0,0.0,0.0,0.0,nan,nan,nan,0,0.0,0.0,0.0,0.0,nan,nan,nan,0,0.0,0.0,0.0,0.0,58.04213333333333
71787301920,71787301920,71235725920,True,0.0,DATA_UNSTABLE,0.0,v0.4.3,nan,nan,nan,0,0.0,0.0,0.0,0.0,nan,nan,nan,0,0.0,0.0,0.0,0.0,nan,nan,nan,0,0.0,0.0,0.0,0.0,nan,nan,nan,0,0.0,0.0,0.0,0.0,nan,nan,nan,0,0.0,0.0,0.0,0.0,nan,nan,nan,0,0.0,0.0,0.0,0.0,59.065866666666665
