t_us,hr_bpm,time_status,time_validity_reason,rmssd_ms,rmssd_ci_low_ms,rmssd_ci_high_ms,sdnn_ms,pnn50_percent,fiducial_quality_mean,fiducial_uncertainty_p95_ms,fiducial_shift_p95_ms,fiducial_unstable_ratio,frequency_status,frequency_validity_reason,total_power_ms2,vlf_ms2,lf_ms2,hf_ms2,lf_nu,hf_nu,lf_hf,hf_lf,median_frequency_hz,thm_power_ms2,resonance_band_power_ms2,resonance_share,lf_peak_frequency_hz,lf_peak_prominence_ratio,spectral_agreement,spectral_agreement_raw,spectral_shape_agreement,band_power_agreement,interpolation_agreement,frequency_waveform_inserted_ratio,frequency_timing_recovered_ratio,frequency_timing_shift_delta_p95_ms,dual_detector_ratio,single_detector_ratio,detector_consensus_mean,detector_time_spread_p95_ms,sequence_rescue_ratio,local_clip_ratio,firmware_unmatched_ratio,sqi,transport_score,transport_status,contact_score,contact_status,overall_status,detected_artifact_ratio,corrected_ratio,unresolved_suspect_ratio,max_consecutive_artifacts,protocol_error_ratio,protocol_crc_errors,protocol_format_errors,protocol_seq_gaps
14217190043,75.00018750046874,INVALID,有效 NN 不足：26/40；连续有效 NN 对不足：25/30,nan,nan,nan,nan,nan,1.0,5.0,337.9975,0.0,LIMITED,频域窗口积累中：20/300 秒,nan,nan,nan,nan,nan,nan,nan,nan,nan,nan,nan,nan,nan,nan,0.0,0.0,0.0,0.0,0.0,0.0,0.0,0.0,0.0,0.0,0.0,0.0,0.0,0.0,0.0,0.9997,0.9991000000000001,VALID,1.0,VALID,INVALID,0.0,0.0,0.0,0,0.0,0,0,0
14237926043,68.18150826587151,VALID,,49.20966238018128,42.36208944897993,57.71872353767615,90.8122494946894,32.6530612244898,1.0,5.0,285.6006499999997,0.0,LIMITED,频域窗口积累中：41/300 秒,nan,nan,nan,nan,nan,nan,nan,nan,nan,nan,nan,nan,nan,nan,0.0,0.0,0.0,0.0,0.0,0.0,0.0,0.0,0.0,0.0,0.0,0.0,0.0,0.0,0.0,0.9997,0.9991000000000001,VALID,1.0,VALID,LIMITED,0.0,0.0,0.0,0,0.0,0,0,0
14257934044,83.33310185249486,VALID,,41.228948374918495,33.47232088548848,49.130357488223325,79.9661188475971,22.033898305084744,1.0,5.0,8.00305,0.0,LIMITED,频域窗口积累中：61/300 秒,nan,nan,nan,nan,nan,nan,nan,nan,nan,nan,nan,nan,nan,nan,0.0,0.0,0.0,0.0,0.0,0.0,0.0,0.0,0.0,0.0,0.0,0.0,0.0,0.0,0.0,0.9997,0.9991000000000001,VALID,1.0,VALID,LIMITED,0.0,0.0,0.0,0,0.0,0,0,0
14278350047,67.56756756756756,VALID,,36.348703174125454,31.658645992132474,41.22189325169778,63.52878688965489,18.64406779661017,1.0,5.0,8.00305,0.0,LIMITED,频域窗口积累中：81/300 秒,nan,nan,nan,nan,nan,nan,nan,nan,nan,nan,nan,nan,nan,nan,0.0,0.0,0.0,0.0,0.0,0.0,0.0,0.0,0.0,0.0,0.0,0.0,0.0,0.0,0.0,0.9997,0.9991000000000001,VALID,1.0,VALID,LIMITED,0.0,0.0,0.0,0,0.0,0,0,0
14298822047,66.96458466332439,VALID,,37.58122530791229,31.60847736869281,42.456599292590695,74.24886442932925,22.033898305084744,1.0,5.0,8.00305,0.0,LIMITED,频域窗口积累中：102/300 秒,nan,nan,nan,nan,nan,nan,nan,nan,nan,nan,nan,nan,nan,nan,0.0,0.0,0.0,0.0,0.0,0.0,0.0,0.0,0.0,0.0,0.0,0.0,0.0,0.0,0.0,0.9997,0.9991000000000001,VALID,1.0,VALID,LIMITED,0.0,0.0,0.0,0,0.0,0,0,0
14319302045,67.56741538870408,VALID,,44.700285723881116,38.55418318727542,50.255486386145854,58.326415035096474,32.20338983050847,1.0,5.0,8.004,0.0,LIMITED,频域窗口积累中：122/300 秒,nan,nan,nan,nan,nan,nan,nan,nan,nan,nan,nan,nan,nan,nan,0.0,0.0,0.0,0.0,0.0,0.0,0.0,0.0,0.0,0.0,0.0,0.0,0.0,0.0,0.0,0.9859036790189283,0.9991000000000001,VALID,0.9800719808051186,VALID,LIMITED,0.0,0.0,0.0,0,0.0,0,0,0
14339902047,79.78680964462954,VALID,,41.30770210140361,34.74667379028933,48.79063840503299,67.00362736487156,22.033898305084744,1.0,5.0,8.004,0.0,LIMITED,频域窗口积累中：143/300 秒,nan,nan,nan,nan,nan,nan,nan,nan,nan,nan,nan,nan,nan,nan,0.0,0.0,0.0,0.0,0.0,0.0,0.0,0.0,0.0,0.0,0.0,0.0,0.0,0.0,0.0,0.9757063982937884,0.9991000000000001,VALID,0.9653425753132499,VALID,LIMITED,0.0,0.0,0.0,0,0.0,0,0,0
14360278043,71.42891156624556,VALID,,29.861084348038627,22.802646437049745,35.91645839986952,57.19530245818808,8.47457627118644,1.0,5.0,8.004,0.0,LIMITED,频域窗口积累中：163/300 秒,nan,nan,nan,nan,nan,nan,nan,nan,nan,nan,nan,nan,nan,nan,0.0,0.0,0.0,0.0,0.0,0.0,0.0,0.0,0.0,0.0,0.0,0.0,0.0,0.0,0.0,0.9997,0.9991000000000001,VALID,1.0,VALID,LIMITED,0.0,0.0,0.0,0,0.0,0,0,0
14380870043,80.64516129032258,VALID,,35.50352987344465,27.379196766377806,43.35945157120788,66.74408023927035,15.254237288135593,1.0,5.0,8.004,0.0,LIMITED,频域窗口积累中：184/300 秒,nan,nan,nan,nan,nan,nan,nan,nan,nan,nan,nan,nan,nan,nan,0.0,0.0,0.0,0.0,0.0,0.0,0.0,0.0,0.0,0.0,0.0,0.0,0.0,0.0,0.0,0.9769060783790989,0.9991000000000001,VALID,0.9670754465475874,VALID,LIMITED,0.0,0.0,0.0,0,0.0,0,0,0
14401350045,85.22751485089445,VALID,,43.92919752514709,36.67826957780593,52.07164389852405,76.11539112548893,27.11864406779661,1.0,5.0,8.002,0.0,LIMITED,频域窗口积累中：204/300 秒,nan,nan,nan,nan,nan,nan,nan,nan,nan,nan,nan,nan,nan,nan,0.0,0.0,0.0,0.0,0.0,0.0,0.0,0.0,0.0,0.0,0.0,0.0,0.0,0.0,0.0,0.946314236203679,0.9991000000000001,VALID,0.9228872300719808,VALID,LIMITED,0.0,0.0,0.0,0,0.0,0,0,0
14421478044,73.5297722047657,VALID,,36.866932695247804,28.784197246071965,45.99552073199838,71.96978371262155,18.64406779661017,1.0,5.0,8.0,0.0,LIMITED,频域窗口积累中：224/300 秒,nan,nan,nan,nan,nan,nan,nan,nan,nan,nan,nan,nan,nan,nan,0.0,0.0,0.0,0.0,0.0,0.0,0.0,0.0,0.0,0.0,0.0,0.0,0.0,0.0,0.0,0.9805051186350308,0.9991000000000001,VALID,0.9722740602505998,VALID,LIMITED,0.0,0.0,0.0,0,0.0,0,0,0
14441846043,82.41769562870279,VALID,,30.931267866795523,23.713740879248522,36.32629896321898,50.538299211677476,8.47457627118644,1.0,5.0,8.802999999999955,0.0,LIMITED,频域窗口积累中：245/300 秒,nan,nan,nan,nan,nan,nan,nan,nan,nan,nan,nan,nan,nan,nan,0.0,0.0,0.0,0.0,0.0,0.0,0.0,0.0,0.0,0.0,0.0,0.0,0.0,0.0,0.0,0.952312636630232,0.9991000000000001,VALID,0.9315515862436683,VALID,LIMITED,0.0,0.0,0.0,0,0.0,0,0,0
14462022043,79.78702184302702,VALID,,29.23680537859364,25.100375445154537,33.97833127492055,43.12833126026227,8.47457627118644,1.0,5.0,8.0011,0.0,LIMITED,频域窗口积累中：265/300 秒,nan,nan,nan,nan,nan,nan,nan,nan,nan,nan,nan,nan,nan,nan,0.0,0.0,0.0,0.0,0.0,0.0,0.0,0.0,0.0,0.0,0.0,0.0,0.0,0.0,0.0,0.7573000000000001,0.9991000000000001,VALID,0.6498666666666667,INVALID,LIMITED,0.0,0.0,0.0,0,0.0,0,0,0
14482382043,73.52941176470588,VALID,,33.29622174549874,28.28319716713598,36.559282753831674,53.823040486163,13.559322033898304,1.0,5.0,259.1981499999998,0.0,LIMITED,频域窗口积累中：285/300 秒,nan,nan,nan,nan,nan,nan,nan,nan,nan,nan,nan,nan,nan,nan,0.0,0.0,0.0,0.0,0.0,0.0,0.0,0.0,0.0,0.0,0.0,0.0,0.0,0.0,0.0,0.7153,0.9991000000000001,VALID,0.5892,INVALID,LIMITED,0.0,0.0,0.0,0,0.0,0,0,0
14502942043,64.10263258828267,VALID,,47.988182311298,29.82843533820432,69.88439269174822,85.16319942256166,18.64406779661017,1.0,5.0,73.60084999999945,0.0,LIMITED,受限输出：Welch/Lomb 稳健一致性 90%,4098.909711490751,1515.769935045293,2048.2002718179133,492.35048046047325,80.62032494257674,19.379675057423253,4.160045238307321,0.24038200132816095,0.060296760554134014,881.576065436231,333.069131414239,0.1302366366757727,0.07421875,6.599080063570848,0.8965321977114624,0.7731412537530084,0.8611903980907403,0.9789963968264812,0.9998976230413229,0.0,0.0,219.1992000000021,1.0,0.0,1.0,0.0,0.0,0.0,0.06233062330623306,0.8497399893361771,0.9991000000000001,VALID,0.7833910957078113,LIMITED,LIMITED,0.0,0.0,0.0,0,0.0,0,0,0
14522990046,72.11538461538461,VALID,,52.39690524597739,36.37762939798537,71.44428477612279,80.33117706140565,30.508474576271187,1.0,5.0,76.4009499999993,0.0,VALID,,4107.134361869529,1545.7916688426403,2013.6334461850672,488.4654174388032,80.47777309920748,19.522226900792518,4.122366444575051,0.24257911407074917,0.059147303588454346,963.6715686559111,448.3315135559273,0.177268416113998,0.07421875,9.03939369936333,0.96712496733715,0.8944674177378998,0.9582796368868284,0.9877640717212338,0.9999298638203019,0.0,0.0,64.001,1.0,0.0,1.0,0.0,0.0,0.0,0.05945945945945946,0.9427151959477472,0.9991000000000001,VALID,0.9176886163689683,VALID,VALID,0.0,0.0,0.0,0,0.0,0,0,0
14543038046,72.11555797009127,VALID,,49.93806894544483,32.97107027427906,68.16781902763023,73.7263181929885,23.728813559322035,1.0,5.0,76.4009499999993,0.0,VALID,,4304.558168552831,1853.961467173558,1903.550212851952,471.5096277732516,80.14746324668884,19.852536753311142,4.037139648328384,0.24770012610637823,0.05587602742616367,1055.9619916816998,579.5602463607378,0.23988140327923646,0.07421875,9.769384659798348,0.9805771636324273,0.9009682826625046,0.976187773765762,0.9908190733213129,0.9999545047899357,0.0,0.0,34.40234999999964,1.0,0.0,1.0,0.0,0.0,0.0,0.05675675675675676,0.9505131165022661,0.9991000000000001,VALID,0.9289522793921621,VALID,VALID,0.0,0.0,0.0,0,0.0,0,0,0
14563590046,85.22739378891163,VALID,,30.773235382913565,25.40224621865132,35.24218573846395,65.61404793362591,10.16949152542373,1.0,5.0,8.0001,0.0,VALID,,4290.219426696703,2030.5453169263765,1739.9386829516568,440.32113890097264,79.80418964347015,20.19581035652985,3.9515220352456564,0.253067043807547,0.05136751155199177,1081.4984311309204,652.7783860032318,0.29275876214454005,0.08203125,9.584084731635935,0.9616875638588334,0.9168212468254904,0.9622795918073719,0.9603061653122438,0.9999613490399515,0.0,0.0,16.002000000000017,1.0,0.0,1.0,0.0,0.0,0.0,0.053763440860215055,0.8093564523548796,0.9623092944798213,VALID,0.7428495054798182,LIMITED,VALID,0.0,0.0,0.0,0,6.325644161430439e-05,2,1,9
14584222047,77.31928871409002,VALID,,35.488460030297645,28.352332921166724,41.34869036796655,65.72971697328919,15.254237288135593,1.0,5.0,8.004,0.0,LIMITED,受限输出：频带一致性 90%,4234.01224079519,2165.680401131742,1580.1798945030512,416.6621713898609,79.13394461651902,20.866055383480983,3.7924726625218743,0.2636802131449068,0.03757215706935109,1016.7063930667632,654.1389063687134,0.3201102098287813,0.08203125,15.724196750191426,0.9512750275489036,0.9357038337414375,0.9739388121778223,0.8983928634147601,0.9999698073493227,0.0,0.0,49.601599999999465,1.0,0.0,1.0,0.0,0.0,0.0,0.056,0.8662357443481474,0.9983505845440557,VALID,0.8076512929885363,VALID,LIMITED,0.0,0.0,0.0,0,5.995323647554907e-05,2,1,9
14604590043,78.12489827487204,VALID,,34.371036536004006,28.393536668729162,40.51439323646995,48.311866306311025,18.64406779661017,1.0,5.0,19.603899999999342,0.0,VALID,,4222.784159902223,2147.77433042465,1559.6735598709008,446.00357582255646,77.76294260499948,22.237057395000516,3.496997881674878,0.28595956698751346,0.03792380792296922,929.881566552993,613.3714127448413,0.3004395595440295,0.08203125,18.259326004853044,0.9520491868354704,0.9181719389075517,0.966589245968384,0.9181223821920053,0.9999503284235819,0.0,0.0,67.20219999999983,1.0,0.0,1.0,0.0,0.0,0.0,0.06596306068601583,0.9496147909417604,0.9983869773544009,VALID,0.9280666666666666,VALID,VALID,0.0,0.0,0.0,0,5.704181164793794e-05,2,1,9
14624686043,76.53090509274908,VALID,,28.63765961255818,23.826626929942805,32.021116207433224,44.46598657121432,10.16949152542373,1.0,5.0,8.004,0.0,VALID,,4499.890660410997,2139.892062291089,1733.849784119346,536.7253197221311,76.36170154362782,23.63829845637219,3.2304229377831106,0.3095569896758638,0.0471404176203268,917.4757799944117,582.9173338368333,0.2537932821209821,0.08203125,9.478782777058289,0.9439073277645937,0.9120875571719279,0.9548477834701834,0.9183795977848851,0.9999131502842246,0.0,0.0,43.601849999999466,1.0,0.0,1.0,0.0,0.0,0.0,0.06266318537859007,0.9802280046420542,0.9984200116051354,VALID,0.9722666666666667,VALID,VALID,0.0,0.0,0.0,0,5.439907158917821e-05,2,1,9
14644926044,82.41758241758242,VALID,,26.67579155212088,22.140035303152118,29.706743526196686,39.609454539264014,5.084745762711865,1.0,5.0,8.004,0.0,VALID,,5087.148176723698,2300.186103376325,2012.18278033882,646.8997593542183,75.67206923073189,24.327930769268097,3.1105016677506963,0.3214915492146745,0.04828610375569986,1001.5437171913726,584.722379806397,0.21803442938783582,0.08203125,7.905005534637305,0.9356417206400851,0.902807214339967,0.9459997934346992,0.9114728841193194,0.9999119112905528,0.0,0.0,16.003,1.0,0.0,1.0,0.0,0.0,0.0,0.06217616580310881,0.9880400481777378,0.9984501204443444,VALID,0.9835333333333334,VALID,VALID,0.0,0.0,0.0,0,5.199036445245481e-05,2,1,9
14665534047,69.44412294387526,VALID,,27.9081110614271,23.09032318125367,33.176831830522616,60.15523501872629,3.389830508474576,1.0,5.0,8.0002,0.0,VALID,,5414.98207130599,2301.2385174843225,2221.5413519855197,719.4940531731781,75.53602884510823,24.46397115489177,3.0876437994002535,0.3238715554541106,0.049277854741828254,1117.1624009303023,590.7092576655136,0.1992219035467158,0.078125,8.143208148625082,0.9025296998618049,0.8073272622326183,0.9028310023383231,0.9018266607499291,0.9999039887681067,0.0,0.0,24.00045,1.0,0.0,1.0,0.0,0.0,0.0,0.06753246753246753,0.9898513427491547,0.9984783568728866,VALID,0.9861333333333333,VALID,VALID,0.0,0.0,0.0,0,4.973145016908693e-05,2,1,9
14685662047,87.20968260036018,VALID,,32.81989905865555,28.726592528636242,37.8132543166254,75.78149850688406,8.47457627118644,1.0,5.0,16.399999999999977,0.0,VALID,,5496.070101054513,2386.9694407640604,2198.4353346315966,708.055859145884,75.63880941178272,24.361190588217294,3.104889686646379,0.32207263411026676,0.04668623708255844,1155.7616773487284,567.9133807938557,0.19380534740770114,0.078125,12.093678642911572,0.9427573202395303,0.8314146510138254,0.9494131058226118,0.9272271538790067,0.9999324432753274,0.0,0.0,65.60159999999992,1.0,0.0,1.0,0.0,0.0,0.0,0.07493540051679587,0.9832614162332396,0.9985035405830989,VALID,0.9766,VALID,VALID,0.0,0.0,0.0,0,4.771675335210192e-05,2,1,9
14705742043,86.20677269141855,VALID,,31.262384529568063,26.73601813851638,36.34878784146564,66.99707121391904,8.47457627118644,1.0,5.0,8.403799999999977,0.0,VALID,,4914.346877575181,2111.2786907070436,1963.675047722483,627.6208419804004,75.77965355193909,24.2203464480609,3.128760099053252,0.31961542858546277,0.04636473033201834,1095.1136594571435,512.8985758672807,0.1964962129564642,0.078125,12.158664195803905,0.9572683462790272,0.8203180762520692,0.9743312191635324,0.9174549762151822,0.9999403190096401,0.0,0.0,64.4011500000001,1.0,0.0,1.0,0.0,0.0,0.0,0.07197943444730077,0.8865505860761043,0.9985264651902608,VALID,0.8363066666666668,VALID,VALID,0.0,0.0,0.0,0,4.588278477915086e-05,2,1,9
14726390043,80.64516129032258,VALID,,28.579746507931578,23.238923143230505,32.571061566621246,44.429116580125665,6.779661016949152,1.0,5.0,8.00015,0.0,LIMITED,受限输出：频带一致性 87%,3975.87852451848,1615.348244431698,1643.662827017015,520.132680728504,75.96202234145333,24.03797765854666,3.160083740008186,0.3164473103479876,0.04966215020748461,975.3397042897566,453.0122599898245,0.20823093778797608,0.078125,11.215056585263108,0.9075729619297855,0.8331435081562919,0.9258026547464415,0.8650370120242549,0.9999320124022487,0.0,0.0,201.59949999999674,1.0,0.0,1.0,0.0,0.0,0.0,0.06666666666666667,0.8903085434633934,0.9985485780666412,VALID,0.8423087176752866,VALID,LIMITED,0.0,0.0,0.0,0,4.4113754668705703e-05,2,1,9
14746894045,87.20930232558139,VALID,,27.57532208088251,22.052208073777457,31.57315872249483,39.71675688834228,5.084745762711865,1.0,5.0,225.19999999999993,0.0,VALID,,3262.357576717827,1305.7280693354273,1362.8040609282784,430.31714936370327,76.00178131328707,23.99821868671292,3.16697594540077,0.3157586344955498,0.05414354249441131,853.8527493737167,411.0221234719154,0.22820453921443168,0.078125,11.45585599917291,0.9316890823973121,0.8969101886044071,0.9376399090318499,0.9178038202500571,0.9999262437092126,0.0,0.0,223.5989999999999,1.0,0.0,1.0,0.0,0.0,0.002551020408163265,0.07397959183673469,0.8951153890525497,0.9985688911864263,VALID,0.8492402026126367,VALID,VALID,0.0,0.0,0.0,0,4.2488705085897996e-05,2,1,9
14767126044,80.64516129032258,VALID,,28.043767422321988,23.624018847965747,32.82345061869993,49.32624658425163,5.084745762711865,1.0,5.0,296.80184999999994,0.0,VALID,,3128.821949467217,1467.58432297525,1158.2770528537246,378.6937930331664,75.36102951812039,24.638970481879607,3.0586111369200117,0.32694577873243125,0.04236132186943093,754.8126735846473,384.9463268804159,0.24890136680984137,0.078125,5.649873312539945,0.9745040203627713,0.8425476608826338,0.9691154113705809,0.9870774413445488,0.9999459072970426,0.0,0.0,232.002,1.0,0.0,1.0,0.0,0.0,0.002544529262086514,0.07888040712468193,0.8818950791677482,0.9985876979193706,VALID,0.8301333333333334,VALID,VALID,0.0,0.0,0.0,0,4.0984166450361347e-05,2,1,9
14787246045,90.36171795698179,VALID,,31.29773924255416,27.108432486632395,35.003767470596756,56.929222329570926,11.864406779661017,1.0,5.0,280.79915,0.0,LIMITED,受限输出：频带一致性 88%,3473.1677621473805,2022.1732218014138,1002.1479319177894,360.02663320141704,73.5697140131294,26.430285986870594,2.783538326058054,0.3592549779676157,0.02891155873375817,673.3149383965462,357.2089869426153,0.25988419399401663,0.0703125,8.952695085008171,0.9078538290754998,0.8187643051836542,0.9209352795236749,0.8773304446964245,0.999968305896125,0.0,0.0,223.999,1.0,0.0,1.0,0.0,0.0,0.0025380710659898475,0.08121827411167512,0.8249484597948005,0.998604780518726,VALID,0.7478672354038922,LIMITED,LIMITED,0.0,0.0,0.0,0,3.961755850192805e-05,2,1,9
14807430047,74.25705813337558,VALID,,31.0019049586924,26.79699241626765,35.111516391039345,57.43445516910342,11.864406779661017,1.0,5.0,15.998099999999999,0.0,LIMITED,受限输出：频带一致性 90%,3810.203587780275,2505.095461857728,877.8940152190523,356.27248209427336,71.13254306693239,28.867456933067615,2.4641083983206777,0.4058263023986741,0.02214248488132062,603.904758683188,317.8635211986225,0.2547406280887754,0.0703125,11.074335247655407,0.933267946432287,0.849539970025875,0.9494302492142435,0.8955559066077223,0.9999815190773103,0.0,0.0,223.999,1.0,0.0,1.0,0.0,0.0,0.0025188916876574307,0.07808564231738035,0.8951084609196431,0.9986211522991075,VALID,0.8492,VALID,LIMITED,0.0,0.0,0.0,0,3.830781607140577e-05,2,1,9
14827542047,72.11555797009127,VALID,,27.29887331567156,23.264625667498116,30.864088920499277,61.85265600150635,5.084745762711865,1.0,5.0,24.801749999999952,0.0,LIMITED,受限输出：频带一致性 87%,4230.124636210116,3019.52965995147,792.3274755831551,351.6252904507609,69.26225444868274,30.737745551317275,2.253329032639952,0.4437878292583048,0.019007704418524195,549.5885654420949,272.80177491868295,0.23573420168944545,0.0703125,15.285935109094344,0.9241290331666969,0.8515771579334261,0.9488773830029159,0.8663828835488527,0.9999870049588858,0.0,0.0,215.999,1.0,0.0,1.0,0.0,0.0,0.0025188916876574307,0.07808564231738035,0.857352362774098,0.9986361322085056,VALID,0.7946547587310051,LIMITED,LIMITED,0.0,0.0,0.0,0,3.7109423319561615e-05,2,1,9
14847590043,85.22727272727273,VALID,,28.769852637139326,25.443787946204523,33.41537857726311,59.64561720923053,3.389830508474576,1.0,5.0,288.39905,0.0,LIMITED,受限输出：Welch/Lomb 稳健一致性 88%；频带一致性 80%；快慢节律分布算法差异较大 80%,4376.566900525769,3210.9057569110996,754.2836605753496,336.7064503417281,69.13753415613499,30.862465843865007,2.24018179577438,0.4463923427492735,0.018204343897030323,509.99552291110376,234.96230438471613,0.2131635316371995,0.0703125,8.792982893098042,0.8783523450212024,0.7848088018182637,0.9135892894020083,0.7961328081326553,0.9999882370729979,0.0,0.0,230.80169999999973,1.0,0.0,1.0,0.0,0.0,0.0024937655860349127,0.08977556109725686,0.8192882100480583,0.9986503704947125,VALID,0.7390295921087711,LIMITED,LIMITED,0.0,0.0,0.0,0,3.597036042301144e-05,2,1,9
14867990047,78.12520345105065,VALID,,27.27980347859033,22.746328988738824,31.899618319558886,53.17817581499968,3.389830508474576,1.0,5.0,288.39905,0.0,LIMITED,受限输出：频带一致性 88%,3927.6063282449186,2747.931610211788,769.8389399007871,313.59631672169235,71.05537088581526,28.944629114184746,2.4548723911958343,0.4073531494290313,0.019229100845263872,466.4731668593135,222.25425476630184,0.20336817287677855,0.0703125,4.920916712805379,0.9501580210338119,0.837018464413993,0.9816011174304764,0.8767907961082613,0.9999812830042307,0.0,0.0,230.00150000000002,1.0,0.0,1.0,0.0,0.0,0.004975124378109453,0.08706467661691543,0.8243722240158999,0.9986637911781129,VALID,0.7470007997867236,LIMITED,LIMITED,0.0,0.0,0.0,0,3.489670575097711e-05,2,1,9
14888222043,81.52162836735276,VALID,,21.293838174935466,18.275772853119705,23.10186139784945,39.51334817667409,0.0,1.0,5.0,8.00205,0.0,VALID,,3344.0828682968863,2064.8468432994882,855.7808794587339,297.9530616424025,74.17488980535384,25.825110194646157,2.8722003215587883,0.3481651305774119,0.022455298001027725,426.3962257535044,250.52953360389014,0.21524141272106906,0.05859375,4.80343334966975,0.9828331607157748,0.8772460634241306,0.9935369796828155,0.9578575831260132,0.9999664352623681,0.0,0.0,165.6000499999967,1.0,0.0,1.0,0.0,0.0,0.004975124378109453,0.08208955223880597,0.8663660840954832,0.9986764339123954,VALID,0.8076512929885363,VALID,VALID,0.0,0.0,0.0,0,3.388528700838096e-05,2,1,9
14908758043,81.52173913043478,VALID,,20.725518898862788,18.036558878257882,23.28935362509786,24.438258530334778,0.0,1.0,5.0,8.0,0.0,VALID,,2925.2057629505234,1458.5389356659725,1007.862401244357,300.42679845670216,77.03666754068222,22.96333245931778,3.3547686372246557,0.29808314913402895,0.03917365437799046,411.91890840203774,320.3964483320263,0.24201881380376764,0.04296875,7.129497862715237,0.9418847871492166,0.8411647722281427,0.9576471270185104,0.9051059941208647,0.9999442271454195,0.0,0.0,136.80064999999837,1.0,0.0,1.0,0.0,0.0,0.007444168734491315,0.07444168734491315,0.7464561849602701,0.9986884096147515,VALID,0.6329912023460411,INVALID,VALID,0.0,0.0,0.0,0,3.292723081988805e-05,2,1,9
14928958043,72.81553398058253,VALID,,34.41761887562526,25.593377693247227,42.07613158005549,63.55548927981222,11.864406779661017,1.0,5.0,8.002,0.0,LIMITED,受限输出：Welch/Lomb 稳健一致性 86%；频带一致性 83%,2839.023233390428,1176.434546667423,1165.3747182807463,316.1993110784901,78.65787974055925,21.34212025944074,3.685570073843284,0.27132844579378945,0.045397887426403834,430.96861376039203,409.9424007344836,0.27230659622602654,0.04296875,6.931609368248075,0.862189424807683,0.7663597450568587,0.8775867485900495,0.8262623359821615,0.9999108858415321,0.0,0.0,222.3990000000001,1.0,0.0,1.0,0.0,0.0,0.007462686567164179,0.08955223880597014,0.5393559072747309,0.998699645552863,VALID,0.33217808584377495,INVALID,LIMITED,0.0,0.0,0.0,0,3.2028355770975904e-05,2,1,9
14949438043,81.52162836735276,VALID,,39.63275836061863,33.86128035124366,47.197818603256856,68.27257691374909,16.94915254237288,1.0,5.0,8.00205,0.0,LIMITED,受限输出：Welch/Lomb 稳健一致性 87%；频带一致性 82%,2989.0973028540607,1244.3829632480258,1238.7383555810575,328.98514940171225,79.01510385242784,20.984896147572144,3.7653321368268737,0.26558082093727897,0.045809650180854936,460.56262281719626,481.5722013322985,0.30144179078354294,0.04296875,5.378275698436911,0.8721948041666019,0.8024553805349902,0.8942488429942259,0.8207353802354792,0.9999134763480261,0.0,0.0,223.999,1.0,0.0,1.0,0.0,0.0,0.007444168734491315,0.10669975186104218,0.5353079327327934,0.998710341029531,VALID,0.32508664356171685,INVALID,LIMITED,0.0,0.0,0.0,0,3.117271763752364e-05,2,1,9
14969934043,77.31998618549581,VALID,,38.76075257923244,33.195515961810365,44.62895226792491,54.60484698038639,18.64406779661017,1.0,5.0,8.0011,0.0,VALID,,3086.9802463517203,1457.0849549743073,1161.178152639355,324.3855749954388,78.16414274519869,21.8358572548013,3.579623269794541,0.27935900641784484,0.042003207729039864,460.5163665576487,496.9562939017708,0.32799794702146307,0.05859375,4.928385809376614,0.9145329458709607,0.7063674144273565,0.8879482727521232,0.9765638498149151,0.999931913314489,0.0,0.0,223.999,1.0,0.0,1.0,0.0,0.0,0.007407407407407408,0.145679012345679,0.5187297174296319,0.9987204146084704,VALID,0.2960677152759264,INVALID,VALID,0.0,0.0,0.0,0,3.0366831322374282e-05,2,1,9
14990030043,80.64537807897332,VALID,,37.349646265881034,29.778594433150346,44.53919827366338,47.24769842439164,18.64406779661017,1.0,5.0,8.003,0.0,LIMITED,受限输出：频带一致性 88%,3033.586809061149,1666.7496214663538,963.4605955982231,302.82755042907615,76.0854153630727,23.91458463692731,3.181548687472776,0.3143123359819892,0.028949837468404887,411.06659313320745,448.85564338807546,0.3478161970140954,0.05859375,4.551362916750503,0.9021438280625024,0.7035993649307754,0.9100948165396386,0.8835915216158511,0.9999590715924753,0.0,0.0,223.999,1.0,0.0,1.0,0.0,0.0,0.009925558312655087,0.1588089330024814,0.5325920257672464,0.9987300644181161,VALID,0.32032,INVALID,LIMITED,0.0,0.0,0.0,0,2.9594846550720635e-05,2,1,9
15010878043,69.44444444444444,VALID,,39.986255402134695,30.81447963379628,46.55211168652244,85.00188315102402,18.64406779661017,1.0,5.0,8.00305,0.0,LIMITED,受限输出：Welch/Lomb 稳健一致性 85%；频带一致性 88%,2839.7974920799275,1746.7963307865678,742.228224865942,279.46628930751035,72.64678576319874,27.35321423680127,2.655877482415177,0.37652339259664547,0.022307272780602815,324.2629031989317,360.3721659565501,0.3467130033169404,0.09765625,4.959633766340882,0.8503116727702823,0.6930134799576279,0.8367981432748932,0.8818432415928572,0.9999678059958216,0.0,0.0,242.0,1.0,0.0,1.0,0.0,0.0,0.010025062656641603,0.18045112781954886,0.5401157192874456,0.9987392982186143,VALID,0.33348,INVALID,LIMITED,0.0,0.0,0.0,0,2.8856142510869146e-05,2,1,9
15031350043,68.18181818181819,VALID,,47.45521648149005,39.705088065068246,55.06568301174234,109.74486141670872,25.423728813559322,1.0,5.0,8.00305,0.0,VALID,,2779.1138289828377,1797.0322725978942,630.6937891479735,275.55378725051776,69.5939835397306,30.406016460269402,2.288822793695021,0.43690582021233015,0.022336234823557583,257.79446538508427,289.8288867128457,0.31522960043065984,0.09375,6.251712487356525,0.9710649351806109,0.9470118694302013,0.9810085613200669,0.9478631408552136,0.9999737845560703,0.0,0.0,255.99725,1.0,0.0,1.0,0.0,0.0,0.007633587786259542,0.19338422391857507,0.5226330772452628,0.9987480756778063,VALID,0.3028792322047454,INVALID,VALID,0.0,0.0,0.0,0,2.8153945775500437e-05,2,1,9
15051566043,68.80733944954129,LIMITED,受限输出：未解决异常 3.3% > 2.0%；连续异常搏 2 > 1,46.72150022817576,39.952692896401004,54.21532868408456,77.92516014364024,25.0,1.0,5.0,8.003,0.0,LIMITED,受限输出：连续异常 2,2674.586518257792,1602.6884573300476,665.6220651527575,300.0669440488506,68.92716586917214,31.072834130827854,2.2182452227873353,0.4508067862503724,0.03118349640337313,259.6234547685143,286.1618014698275,0.2933018071078042,0.09375,7.029509373958473,0.9724182458502595,0.9521793377291357,0.968981120746266,0.9804382044262447,0.9999690396494558,0.0,0.0,67.9995,1.0,0.0,1.0,0.0,0.0,0.010309278350515464,0.24742268041237114,0.48877866751924715,0.9987561462707918,VALID,0.24362836576912822,INVALID,LIMITED,0.03333333333333333,0.0,0.03333333333333333,2,2.7508298336664893e-05,2,1,9
15072358044,71.42891156624556,LIMITED,受限输出：未解决异常 3.3% > 2.0%；连续异常搏 2 > 1,44.12958855138224,35.097038831861745,50.73219982292372,54.77788691465881,21.428571428571427,1.0,5.0,8.0011,0.0,LIMITED,受限输出：连续异常 2,2723.2910332296624,1441.1030344712592,797.4764118355855,344.48017467517,69.83421447502413,30.165785524975863,2.315013955701722,0.4319628387280638,0.03736960303043057,337.28620300601244,359.44392370307037,0.31287191121677616,0.09375,6.116851292307075,0.910541194437906,0.8792500891433641,0.8794725709996987,0.9830346491270567,0.9999488011483043,0.0,0.0,64.79909999999973,1.0,0.0,1.0,0.0,0.0,0.01038961038961039,0.2727272727272727,0.5205067808801231,0.9987642462552266,VALID,0.2991468941615569,INVALID,LIMITED,0.03333333333333333,0.0,0.03333333333333333,2,2.686029958187467e-05,2,1,9
15092798043,85.22715166597774,LIMITED,受限输出：异常搏 6.7% > 5.0%；连续异常搏 2 > 1；心搏峰附近削底/饱和 5.0%,38.176768809029845,31.885629296260138,44.42606256041813,74.91822648502193,16.9811320754717,1.0,5.0,8.00005,0.0,LIMITED,受限输出：连续异常 2；Welch/Lomb 稳健一致性 83%,3069.5379747897746,1563.1244383867186,972.0958885122941,384.6815663043593,71.64740872287393,28.35259127712605,2.5270144807073334,0.3957238898449412,0.038617297259259366,479.8687712284527,477.1718527478763,0.35056905048616555,0.0859375,5.423747125206519,0.8252453730326139,0.7119068409726311,0.7887078670829207,0.9104995535818982,0.9999374984711908,0.0,0.0,71.19989999999981,1.0,0.0,1.0,0.0,0.0,0.018229166666666668,0.3125,0.5262150021133811,0.9987719361019012,VALID,0.3091308984270861,INVALID,LIMITED,0.06666666666666667,0.03333333333333333,0.016666666666666666,2,2.6245111847918324e-05,2,1,9
15113174043,90.36144578313252,INVALID,心搏峰附近削底/饱和 15.0% > 8.0%,nan,nan,nan,nan,nan,1.0,5.0,17.203599999999476,0.0,LIMITED,受限输出：连续异常 2；心搏峰附近削底/饱和 3.3%；Welch/Lomb 稳健一致性 81%；频带一致性 73%；快慢节律分布算法差异较大 73%,3960.661787762323,2220.6675592797105,1196.6647076300699,412.2905898672529,74.3752613569465,25.6247386430535,2.9024788269248774,0.34453309037898533,0.035511002098439874,687.1494652542654,590.9433615281876,0.3666803766631351,0.0859375,5.366674384092483,0.8080799118711746,0.7022800669907585,0.8416284289563299,0.7298000386724788,0.9999613441346811,0.0,0.0,205.59684999999993,1.0,0.0,1.0,0.0,0.0,0.03316326530612245,0.3239795918367347,0.7236452293470513,0.9987791224212139,VALID,0.6014396161023727,INVALID,INVALID,0.05,0.03333333333333333,0.0,2,2.567020630289132e-05,2,1,9
15133374047,82.41792205187659,INVALID,心搏峰附近削底/饱和 10.0% > 8.0%,nan,nan,nan,nan,nan,1.0,5.0,8.0002,0.0,LIMITED,受限输出：连续异常 2；心搏峰附近削底/饱和 3.3%；频带一致性 81%；快慢节律分布算法差异较大 81%,5466.118443787421,3465.5525535293505,1468.3557392934479,436.39055998281043,77.08930789635214,22.910692103647854,3.3647742961059626,0.29719675437288473,0.02508332186455458,929.5174212748047,655.339025512878,0.34371872181774804,0.08203125,4.871678085459679,0.903802760399744,0.845179828960887,0.9434532059486201,0.8112850541190334,0.9999787502882034,0.0,0.0,201.5965999999999,1.0,0.0,1.0,0.0,0.0,0.03291139240506329,0.31645569620253167,0.7889743992095524,0.998785998023881,VALID,0.6958,LIMITED,INVALID,0.0,0.0,0.0,0,2.5120158089528244e-05,2,1,9
15154158043,61.98347107438016,LIMITED,受限输出：心搏峰附近削底/饱和 6.7%,50.396081805367906,30.271073297505513,62.92741769539417,115.76225708097432,14.035087719298245,1.0,5.0,19.999999999999318,0.0,LIMITED,受限输出：连续异常 2；心搏峰附近削底/饱和 3.8%,7215.792455151869,4936.545113427893,1743.2724679177545,474.79948599187884,78.59404492469307,21.40595507530693,3.671597209664149,0.2723610306075684,0.021054051638391316,1150.0938655276223,642.8038752429096,0.2895459653393233,0.0625,7.2532162533451725,0.9866486268654833,0.9141198625300375,0.9843252408215132,0.9920698609680804,0.9999884196544191,0.0,0.0,217.59789999999947,1.0,0.0,1.0,0.0,0.0,0.038461538461538464,0.3435897435897436,0.5168924720435089,0.9987927236971486,VALID,0.29280191948813644,INVALID,LIMITED,0.016666666666666666,0.0,0.016666666666666666,1,2.4582104228121928e-05,2,1,9
15174966043,70.09362171406943,LIMITED,受限输出：心搏峰附近削底/饱和 5.0%,53.842893078079896,33.330370475143745,73.61503096714986,130.64923102560803,15.789473684210526,1.0,5.0,20.001899999999317,0.0,LIMITED,受限输出：连续异常 2；心搏峰附近削底/饱和 3.9%,8372.291079018447,5906.58227288607,1898.1167816041777,526.7539375653615,78.27703005355427,21.722969946445733,3.6034221032636373,0.2775139773645433,0.019113947927184644,1249.3983925710893,547.8092321949432,0.22562953325409416,0.06640625,10.779424015653388,0.9851259723574556,0.9346901941259153,0.9829477847629632,0.9902084100779381,0.9999878018842395,0.0,0.0,248.79959999999994,1.0,0.0,1.0,0.0,0.0,0.03896103896103896,0.37662337662337664,0.524839620766801,0.9987992252041259,VALID,0.3067048786990136,INVALID,LIMITED,0.016666666666666666,0.0,0.016666666666666666,1,2.4061983669933748e-05,2,1,9
15195414043,71.42831632744168,LIMITED,受限输出：心搏峰附近削底/饱和 5.0%,53.6548110403152,35.25384007247792,73.94214890779435,101.50524407554978,21.052631578947366,1.0,5.0,8.0001,0.0,LIMITED,受限输出：连续异常 2；心搏峰附近削底/饱和 3.9%,9371.174761760249,6924.412474120691,1855.0007178062665,561.093118562875,76.77684905624051,23.22315094375948,3.3060478848100483,0.30247595765161034,0.01735908516317186,1194.2464855933592,414.0791447837705,0.17104310676076237,0.06640625,14.115203127078864,0.9857557485793196,0.9483203931446975,0.9849845408091551,0.9875552333763699,0.99999096709871,0.0,0.0,253.997,1.0,0.0,1.0,0.0,0.0,0.03926701570680628,0.40575916230366493,0.5311337108301222,0.9988053114661345,VALID,0.3177152759264196,INVALID,LIMITED,0.016666666666666666,0.0,0.016666666666666666,1,2.3575082709248505e-05,2,1,9
15216110043,75.00037500187501,VALID,,34.16393201579204,28.167905133270203,40.8989863065108,57.188180238033915,11.864406779661017,1.0,5.0,8.00105,0.0,LIMITED,受限输出：连续异常 2；心搏峰附近削底/饱和 3.7%,10277.89835245644,8037.67320507488,1665.277065480177,552.4733654527411,75.08856913082246,24.91143086917755,3.0142214441695576,0.331760628249232,0.015641184787434058,1042.5248177043447,289.59360565482876,0.1301551290006166,0.06640625,15.809869984611671,0.9835751697654536,0.892456411791089,0.9903991902266552,0.9676524553559835,0.9999925489589042,0.0,0.0,242.39999999999986,1.0,0.0,1.0,0.0,0.0,0.036939313984168866,0.43007915567282323,0.5306561785090127,0.9988111607486714,VALID,0.3168754998667022,INVALID,LIMITED,0.0,0.0,0.0,0,2.3107140106292844e-05,2,1,9
15236726043,76.53070986059932,VALID,,35.057400113412065,27.8859725633582,43.15235830385955,58.48810863901731,13.559322033898304,1.0,5.0,8.00205,0.0,LIMITED,受限输出：连续异常 2；心搏峰附近削底/饱和 3.7%,11682.735082698555,9542.41996213648,1591.407268275106,518.2366775297053,75.4348747540902,24.565125245909798,3.0708117300012727,0.32564679567626426,0.01237324780653924,935.4181806393475,275.26682046795423,0.1299725851882536,0.06640625,21.763735772453956,0.9758994433853112,0.9204027800199517,0.9941519742580731,0.9333102046822005,0.9999904009242292,0.0,0.0,240.79999999999995,1.0,0.0,1.0,0.0,0.0,0.03684210526315789,0.42105263157894735,0.5436134035564617,0.9988168422244876,VALID,0.3395466666666666,INVALID,LIMITED,0.0,0.0,0.0,0,2.2652622041001247e-05,2,1,9
15256902043,77.31918907634497,VALID,,40.13544885357539,34.5037861071476,46.73014895496149,72.52520189250095,23.728813559322035,1.0,5.0,8.00205,0.0,LIMITED,受限输出：连续异常 2；心搏峰附近削底/饱和 3.7%；频带一致性 89%,14005.592422520886,11530.260746120817,1885.127179784682,516.3930519368216,78.49724332463147,21.502756675368538,3.6505665068772437,0.27393008677313946,0.011293781856922204,957.6588279970006,420.92983463510654,0.1747579354446689,0.06640625,10.393082482497524,0.9645638874171116,0.9630752650039621,0.9951486904733882,0.8931993469524663,0.9999887272065974,0.0,0.0,241.19999999999982,1.0,0.0,1.0,0.0,0.0,0.03713527851458886,0.41909814323607425,0.5347661724767496,0.9988222160492457,VALID,0.32406025059984006,INVALID,LIMITED,0.0,0.0,0.0,0,2.2222716060356898e-05,2,1,9
15276958043,70.09345794392523,VALID,,42.31947924529814,36.23459718576842,48.99873822928703,71.25298927535214,27.11864406779661,1.0,5.0,337.19999999999993,0.0,LIMITED,受限输出：连续异常 2；心搏峰附近削底/饱和 3.7%,16158.660997999028,12917.148861106416,2522.4087368763785,580.0801020934173,81.3027497534516,18.697250246548418,4.348380038848781,0.22997069967802233,0.011262387954276578,1072.4646289190337,669.569814414707,0.21547992499252147,0.06640625,6.001899680707598,0.9748268936554447,0.940509365727899,0.994831630168072,0.9281491751259814,0.9999853697841596,0.0,0.0,259.5968999999999,1.0,0.0,1.0,0.0,0.0,0.03723404255319149,0.3803191489361702,0.5386071841136923,0.9988273044591176,VALID,0.3307784590775793,INVALID,LIMITED,0.0,0.0,0.0,0,2.181564327060124e-05,2,1,9
15297206043,68.80733944954129,VALID,,41.5038035463445,34.30072674757686,50.96385311187588,66.68434871675001,20.33898305084746,1.0,5.0,337.19999999999993,0.0,LIMITED,受限输出：连续异常 2；心搏峰附近削底/饱和 3.5%,17132.276699808386,13021.433327850435,3236.844604410398,678.7417143890879,82.66564291712028,17.334357082879716,4.768890044313499,0.20969240026668592,0.011495174493524612,1163.6576832381609,908.3145394155072,0.231770403700076,0.06640625,4.272665167816909,0.9862810327880794,0.953862115451286,0.9962622487064847,0.9629915289784675,0.9999794831509454,0.0,0.0,248.0,1.0,0.0,1.0,0.0,0.0,0.03485254691689008,0.40482573726541554,0.5051780504979324,0.9988321830296885,VALID,0.2722740602505998,INVALID,LIMITED,0.0,0.0,0.0,0,2.142535762492769e-05,2,1,9
15317926043,65.78947368421052,VALID,,36.926048044293765,30.595729731751522,44.152569506740655,58.59355744467645,13.559322033898304,1.0,5.0,8.00205,0.0,LIMITED,受限输出：连续异常 2；心搏峰附近削底/饱和 3.5%,14833.972729345322,10224.772310110613,3656.2894999154473,743.7636184242731,83.09648546459097,16.903514535409034,4.915929482624613,0.20342033048572133,0.014205697829874402,1115.6499396605418,1016.4314121772966,0.23077601853656385,0.046875,3.8962124987641342,0.9869672063211817,0.9414976564412025,0.991265027402267,0.9769389571319832,0.9999637646141717,0.0,0.0,231.99925000000002,1.0,0.0,1.0,0.0,0.0,0.03485254691689008,0.4450402144772118,0.5090190077217747,0.9988371354068093,VALID,0.2789922687283391,INVALID,LIMITED,0.0,0.0,0.0,0,2.1029167455260448e-05,2,1,9
15338038043,75.0,VALID,,38.47943057143251,31.45181016221905,45.819167904558576,66.0551190516823,18.64406779661017,1.0,5.0,0.0,0.0,LIMITED,受限输出：连续异常 2；心搏峰附近削底/饱和 3.2%,12337.736449997303,7876.404390765857,3559.1269338882043,722.472800170139,83.12610133957247,16.873898660427518,4.92631270416,0.20299158012351817,0.020753495025899456,965.6673029557451,985.5149137473586,0.22981212290313777,0.046875,4.92258982747266,0.9774531643406632,0.9577225721743384,0.9862545359864782,0.9569166305004285,0.9999444817574995,0.0,0.0,241.19999999999982,1.0,0.0,1.0,0.0,0.0,0.032,0.4693333333333333,0.4959966671718494,0.9988416679296236,VALID,0.2562,INVALID,LIMITED,0.0,0.0,0.0,0,2.0666565630123585e-05,2,1,9
15358646043,75.75786271917697,VALID,,35.60960843910588,27.61040033745187,43.47610776594721,77.63085590492399,13.559322033898304,1.0,5.0,7.9990499999999995,0.0,LIMITED,受限输出：心搏峰附近削底/饱和 3.2%；频带一致性 88%,9593.064225184355,5693.938098334893,3115.84077368883,644.703757784734,82.85610627958425,17.143893720415743,4.832980630352098,0.20691165069435563,0.02455146101138932,830.4604362747539,923.4321849911645,0.24501015700826875,0.12109375,4.918111670363107,0.9442599497604116,0.9370790618084025,0.9738068806983857,0.8753171109051388,0.9999121680367163,0.0,0.0,214.39759999999964,1.0,0.0,1.0,0.0,0.0,0.0316622691292876,0.42480211081794195,0.5344558540217048,0.9988462066351738,VALID,0.32350039989336177,INVALID,LIMITED,0.0,0.0,0.0,0,2.03034691861016e-05,2,1,9
15379342043,72.11564464775715,VALID,,26.20397721559179,22.563040857613547,30.045756150327545,63.763806430162845,1.694915254237288,1.0,5.0,7.9990499999999995,0.0,LIMITED,受限输出：心搏峰附近削底/饱和 3.2%；频带一致性 84%,7028.600499212809,3726.4968109613674,2616.679133501057,566.8537088567098,82.19419315187933,17.805806848120667,4.6161453874557,0.21663095853035386,0.03311805357835847,828.0725007495138,927.2063312273469,0.2904191627089958,0.09765625,4.698511903724465,0.9270288878853805,0.9172525527771798,0.9622898406293471,0.8447533314827922,0.9998727928963931,0.0,0.0,219.19804999999982,1.0,0.0,1.0,0.0,0.0,0.0316622691292876,0.43271767810026385,0.5369636217979331,0.9988506300746781,VALID,0.3278858970941082,INVALID,LIMITED,0.0,0.0,0.0,0,1.9949594025761575e-05,2,1,9
15399486043,75.75757575757575,VALID,,25.018436928373102,19.893526995970472,29.767178749700157,36.387251828295845,5.084745762711865,1.0,5.0,8.00105,0.0,LIMITED,受限输出：Welch/Lomb 稳健一致性 88%；频带一致性 84%,5187.67436988953,2168.8827899168177,2350.9081101541906,538.5602285235492,81.36126908488633,18.63873091511367,4.365172149081919,0.2290860396445807,0.060304996675446206,967.5027229365052,991.1807406415211,0.34184225725898,0.06640625,5.733515732407459,0.8760902884213889,0.8303971030791453,0.8922547624501724,0.8383731823542278,0.9998043091774608,0.0,0.0,191.996,1.0,0.0,1.0,0.0,0.0,0.01876675603217158,0.40482573726541554,0.546136169592218,0.9988547801522326,VALID,0.3439349506798187,INVALID,LIMITED,0.0,0.0,0.0,0,1.961758782140148e-05,2,1,9
15420174043,75.00018750046874,VALID,,24.58076444454009,20.155178178139924,27.976320269101738,32.21941029963921,5.084745762711865,1.0,5.0,8.00105,0.0,LIMITED,受限输出：频带一致性 89%,4808.5265550512295,1854.3653834045003,2272.757411659287,540.6015351270781,80.78448056745142,19.215519432548582,4.204126817962206,0.23786152114334,0.06501387410682227,1168.8318161972556,1020.4211828483252,0.3611145194812177,0.06640625,8.783275271604376,0.9234520497079438,0.8923149604670262,0.939065175577385,0.887021422679248,0.9998577026428346,0.0,0.0,9.203399999999817,1.0,0.0,1.0,0.0,0.0,0.010899182561307902,0.4032697547683924,0.5376600757061978,0.9988588936110023,VALID,0.3290989069581445,INVALID,LIMITED,0.0,0.0,0.0,0,1.928851111982666e-05,2,1,9
15440486043,69.44444444444444,VALID,,30.47167297949838,25.265181044828232,36.29723727463554,53.1495372815506,8.47457627118644,1.0,5.0,8.00005,0.0,VALID,,4975.6836355567775,2092.6263648629806,2226.7555651282482,528.1740888215534,80.82803718547589,19.171962814524097,4.215950029083253,0.23719446224495394,0.06361956868894286,1302.6266957795608,914.4046208434587,0.3299466927848979,0.06640625,13.04401871671117,0.9178556715751538,0.8435400344534656,0.8890592599226804,0.9850472987642583,0.999898180620063,0.0,0.0,8.004,1.0,0.0,1.0,0.0,0.0,0.01098901098901099,0.42857142857142855,0.5338717840048918,0.9988627933455627,VALID,0.3224666666666666,INVALID,VALID,0.0,0.0,0.0,0,1.8976532354987664e-05,2,1,9
15460806043,79.78755234395882,VALID,,34.574065046368325,28.93577724642199,41.05535132107286,67.31523280719607,11.864406779661017,1.0,5.0,8.002,0.0,VALID,,5098.867888301398,2441.92633401253,2083.4259084922137,479.1968841696362,81.30052985004927,18.69947014995072,4.347745107112756,0.23000428391352468,0.044955501158495025,1297.547935344694,698.4687047813919,0.2704706191228239,0.06640625,14.91618695576073,0.9650071067280037,0.867453967791536,0.9679105298974666,0.9582324526659234,0.9999322379930081,0.0,0.0,8.004,1.0,0.0,1.0,0.0,0.0,0.0027247956403269754,0.3978201634877384,0.5229798309561563,0.9666417241421733,VALID,0.3222281592305637,INVALID,VALID,0.0,0.0,0.0,0,3.734455329690165e-05,4,2,17
15481590047,71.42857142857143,VALID,,32.9187022526709,26.87826017556473,40.2746532295977,58.71750979035562,8.47457627118644,1.0,5.0,8.002,0.0,VALID,,5268.033507151274,2973.552362893619,1822.826645165143,407.2029784930349,81.74001931754376,18.259980682456238,4.4764570532146095,0.22339095139578863,0.019963286950416544,1158.0872752318141,462.12237166009174,0.20534659967762459,0.0703125,13.72196564575744,0.9219438001811787,0.7935783234029723,0.9256244500237367,0.9133556172152102,0.999962264965498,0.0,0.0,8.004,1.0,0.0,1.0,0.0,0.0,0.002717391304347826,0.3858695652173913,0.5342602721548502,0.9906427625305623,VALID,0.327967457988797,INVALID,VALID,0.0,0.0,0.0,0,3.674961872270575e-05,4,2,17
15502342043,77.31958762886597,VALID,,32.30392129972743,25.44727545178644,39.34274733419043,56.29687253006748,8.47457627118644,1.0,5.0,8.00105,0.0,LIMITED,受限输出：Welch/Lomb 稳健一致性 89%；频带一致性 82%,4994.32818578056,3084.05348456138,1512.1490151583523,341.1278303370153,81.59326108421571,18.406738915784292,4.432792873171424,0.22559141124149884,0.01843769647635024,952.9392966615886,315.4173934567819,0.16859619133945755,0.0703125,17.625345077782768,0.8905949510848359,0.7765804997823844,0.9204199726354015,0.821003234133516,0.999967442915453,0.0,0.0,8.004,1.0,0.0,1.0,0.0,0.0,0.0027100271002710027,0.3712737127371274,0.5438139901729467,0.9986478386688371,VALID,0.3400159957344708,INVALID,LIMITED,0.0,0.0,0.0,0,3.617290649303671e-05,4,2,17
15522702043,75.00009375011719,VALID,,24.425332999829138,21.49649208330824,27.11964477687076,40.02688593297667,0.0,1.0,5.0,8.00105,0.0,LIMITED,受限输出：Welch/Lomb 稳健一致性 87%；频带一致性 82%；快慢节律分布算法差异较大 82%,4272.226926401478,2673.583136315428,1239.1326302075959,293.91901730429856,80.82784635590576,19.172153644094248,4.2158981122500965,0.2371973831849278,0.01959680286630051,767.4929997411136,266.4370435359531,0.1722285730947516,0.0703125,12.774116285454893,0.8695210468935413,0.821280958445921,0.8910242379399612,0.8193469344518947,0.999968882246012,0.0,0.0,8.004,1.0,0.0,1.0,0.0,0.0,0.0027100271002710027,0.34688346883468835,0.5478690246770215,0.9986547930975123,VALID,0.34710743801652894,INVALID,LIMITED,0.0,0.0,0.0,0,3.5616552199025295e-05,4,2,17
15543182043,78.12510172539287,VALID,,24.73452282964378,21.18990338388388,27.823691426301227,39.353890760243885,5.084745762711865,1.0,5.0,8.00005,0.0,LIMITED,受限输出：频带一致性 85%,3516.5728522789977,2134.726473637256,1043.4451766750497,266.95452986390643,79.62800750551219,20.371992494487813,3.9087000217115575,0.2558395360210109,0.02477216984245301,625.8575216079266,261.4756278453019,0.19797670626255795,0.0703125,10.089074989406162,0.9154366389163703,0.8611995795108726,0.9440375444620771,0.8487011926430543,0.999960481872247,0.0,0.0,8.004,1.0,0.0,1.0,0.0,0.0,0.0027100271002710027,0.36585365853658536,0.5378477049875185,0.9986614778780207,VALID,0.329565449213543,INVALID,LIMITED,0.0,0.0,0.0,0,3.5081769758345076e-05,4,2,17
15563382045,76.53041701424232,VALID,,26.28704674569149,22.84945250569181,29.83573376011961,41.45958838209118,6.779661016949152,1.0,5.0,8.002,0.0,VALID,,2944.6399982777043,1639.5916127016594,976.3857440125922,264.9222052464979,78.65781771520724,21.34218228479277,3.6855564564854433,0.27132944829546923,0.03051907013934084,538.4610833844087,268.38532587952517,0.2148873873723572,0.0703125,4.831990688506755,0.9808399331739981,0.8935376288169663,0.9810847099912101,0.9802687872671701,0.9999333585854867,0.0,0.0,8.004,1.0,0.0,1.0,0.0,0.0,0.0026954177897574125,0.3477088948787062,0.5478743222560738,0.9986680370451431,VALID,0.34710743801652894,INVALID,VALID,0.0,0.0,0.0,0,3.4557036388559315e-05,4,2,17
15583934043,79.7872340425532,VALID,,26.162807326820626,22.338355813322327,30.139505571974123,39.98185017382305,3.389830508474576,1.0,5.0,8.00205,0.0,VALID,,2747.322188677978,1390.843552741523,1027.359518916701,285.1941578921369,78.2718099129082,21.728190087091804,3.6023161431843147,0.27759917793223915,0.037912981101266625,481.86770742886995,284.91893911257193,0.21604139644190534,0.07421875,2.8785165115353735,0.9174091717421922,0.7999684586635909,0.908116988234714,0.9390909332596412,0.9999265749922632,0.0,0.0,8.003,1.0,0.0,1.0,0.0,0.0,0.002680965147453083,0.353887399463807,0.5371597207010255,0.9986743883961253,VALID,0.3283524393495068,INVALID,VALID,0.0,0.0,0.0,0,3.4048928309981446e-05,4,2,17
15604422044,76.53061224489795,VALID,,28.599201251439506,24.71715691546511,33.010168701716694,42.88262659447909,5.084745762711865,1.0,5.0,8.00015,0.0,VALID,,2761.1144208743904,1298.5539330661006,1124.6153510692034,313.8591159079774,78.18111317835742,21.81888682164258,3.58318523843334,0.27908130153975114,0.0508332370132604,432.0558556764438,312.11650634269154,0.21604404747849734,0.0625,3.2510190469273215,0.9375393985554807,0.7947977491629606,0.9243580867630338,0.968295792737857,0.9999252601367331,0.0,0.0,8.003,1.0,0.0,1.0,0.0,0.0,0.0026595744680851063,0.31117021276595747,0.5310837906857762,0.9986805111052695,VALID,0.3177152759264196,INVALID,VALID,0.0,0.0,0.0,0,3.355911157845281e-05,4,2,17
15625070047,72.81571071774445,VALID,,30.41831307823338,26.480816593078316,35.05981735094415,43.45711728124037,8.47457627118644,1.0,5.0,8.0,0.0,VALID,,2820.684960051501,1308.120044053945,1165.7496859295677,329.7859154074127,77.94864160287524,22.051358397124773,3.5348680203319707,0.28289599335764926,0.05166510048609421,369.2339689130002,337.07972467686534,0.22435777999238588,0.0546875,4.5346989264558175,0.9361500998579264,0.8428854034024074,0.9282577937790012,0.9545654807087517,0.9999315011425414,0.0,0.0,8.003,1.0,0.0,1.0,0.0,0.0,0.002652519893899204,0.2864721485411141,0.5344412835566924,0.9986865422250645,VALID,0.32358666666666663,INVALID,VALID,0.0,0.0,0.0,0,3.307662199485107e-05,4,2,17
15645838043,72.81553398058253,VALID,,35.74666056893299,29.216231587008224,43.36073326592324,50.54975563034755,16.94915254237288,1.0,5.0,7.9971,0.0,VALID,,2579.5117312717452,1143.7878532481243,1095.6016271889084,318.76342479544195,77.4624362820463,22.5375637179537,3.4370368177967157,0.29094829442096054,0.05270568550311327,296.84972479562475,338.59542384699324,0.2382025338318409,0.0546875,5.152478180829528,0.9041389593153293,0.7476904284827077,0.9055865972394387,0.9007611374924075,0.9999311208984211,0.0,0.0,8.003,1.0,0.0,1.0,0.0,0.0,0.0026666666666666666,0.256,0.5205313819360224,0.998692451107718,VALID,0.2992402026126366,INVALID,VALID,0.0,0.0,0.0,0,3.260391138256886e-05,4,2,17
15666230043,66.96428571428571,VALID,,38.09682949662498,30.257897552428304,46.74023462524224,56.93971838142451,16.94915254237288,1.0,5.0,7.9971,0.0,VALID,,2280.3167482924114,1006.8136708296844,961.9323038538423,284.7362138615278,77.16023066152886,22.839769338471143,3.3783279295890574,0.2960044201871311,0.0520592973944751,244.39003228598216,325.3182883712502,0.2597191026826453,0.0546875,6.093680798712989,0.9339970737315075,0.8239309983251222,0.9261566386619718,0.952291422227091,0.9999294537297797,0.0,0.0,8.003,1.0,0.0,1.0,0.0,0.0,0.0,0.2949061662198391,0.5066172787411092,0.9986979155944417,VALID,0.2748866968808317,INVALID,VALID,0.0,0.0,0.0,0,3.216675244467319e-05,4,2,17
15686278047,74.25733383993337,VALID,,33.73203690202123,27.377572491885665,40.427640480885714,55.49712958980262,10.16949152542373,1.0,5.0,0.0,0.0,VALID,,2095.835254593522,971.6376343048122,852.1473822444143,245.13704498127387,77.6596624449447,22.3403375550553,3.4762081035508534,0.28766977413651584,0.048937940093123654,237.46232953394832,331.27336412451143,0.30078434907941576,0.109375,6.765247011297412,0.9282745883550212,0.8884999559167294,0.9161869300276103,0.9564791244523135,0.9999517940936978,0.0,0.0,8.0027,1.0,0.0,1.0,0.0,0.0,0.0,0.3333333333333333,0.5142440703466566,0.9987033110305981,VALID,0.2882298053852306,INVALID,VALID,0.0,0.0,0.0,0,3.17351175521646e-05,4,2,17
15706310046,75.0,VALID,,31.296682179166037,24.827361643585707,37.23317306908264,58.544795221625726,6.779661016949152,1.0,5.0,7.999,0.0,VALID,,1936.2007779175774,878.2062993831094,817.6125840831919,215.75254767633848,79.12136368400851,20.878636315991475,3.7895848410083883,0.26388114845158217,0.04982541711644178,283.9887328336491,381.78628899057094,0.36818325723726947,0.109375,4.681784024227847,0.9568268577058406,0.9277036283598527,0.9637398680882014,0.9406965001469988,0.9999493920518644,0.0,0.0,8.002,1.0,0.0,1.0,0.0,0.0,0.0,0.3378016085790885,0.5426652669658583,0.9987085819707637,VALID,0.3379632098107171,INVALID,VALID,0.0,0.0,0.0,0,3.131344233890539e-05,4,2,17
15726878043,86.20739199650573,VALID,,25.12565873189924,20.208954035108054,28.73501648670115,49.42436742483036,3.389830508474576,1.0,5.0,8.0,0.0,VALID,,1924.023556093514,812.837256868441,870.8691640454567,209.29660749212454,80.62365860804887,19.37634139195112,4.160933015019014,0.2403307134218383,0.0582048602563861,386.35142694923235,481.5641249497841,0.4434321238377606,0.08203125,3.9473828332689918,0.9570426654351708,0.9201448760586706,0.9488966640543091,0.9760500019905151,0.9999349083596922,0.0,0.0,8.002,1.0,0.0,1.0,0.0,0.0,0.002680965147453083,0.3351206434316354,0.5384018155215187,0.9987137763404537,VALID,0.3304985337243402,INVALID,VALID,0.0,0.0,0.0,0,3.0897892763713514e-05,4,2,17
15747574043,69.4447659479905,LIMITED,受限输出：心搏峰附近削底/饱和 5.0%,26.736555612120277,22.11870716773568,32.19121874883652,59.83317679044093,3.389830508474576,1.0,5.0,8.0,0.0,VALID,,1985.6575786427918,724.3363075513498,977.4982061395694,232.57707539394184,80.77994989706754,19.220050102932458,4.202900068649806,0.237930948551259,0.07889727477256767,510.4229009092296,586.0393396066183,0.48043857216140773,0.0859375,7.98047588468278,0.9249749273693106,0.7800222202439242,0.91858131718223,0.9398933511391658,0.9998735897024038,0.0,0.0,8.002,1.0,0.0,1.0,0.0,0.0,0.008,0.344,0.5346675803378635,0.998718950844659,VALID,0.32395999999999997,INVALID,LIMITED,0.0,0.0,0.0,0,3.048393242728312e-05,4,2,17
15768302043,72.81553398058253,LIMITED,受限输出：心搏峰附近削底/饱和 5.0%,30.454024496507824,26.08847694579326,34.974326772275724,62.76923644903991,5.084745762711865,1.0,5.0,7.9971499999999995,0.0,LIMITED,受限输出：Welch/Lomb 稳健一致性 86%；频带一致性 86%,2256.722176251731,813.140258471366,1096.7203722639802,273.8339924216839,80.0202020819154,19.979797918084596,4.005055627188581,0.2496844221616886,0.07990988903809845,619.9944233112611,664.6228278922326,0.48021947740601617,0.0859375,11.27165233267618,0.8617994761783581,0.7331808773336589,0.8627824846021672,0.8595057898561369,0.9998712411354725,0.0,0.0,8.002,1.0,0.0,1.0,0.0,0.0,0.007978723404255319,0.3404255319148936,0.5397388775155069,0.9987239866440056,VALID,0.33283124500133293,INVALID,LIMITED,0.0,0.0,0.0,0,3.0081068479552394e-05,4,2,17
15788678046,73.52941176470588,VALID,,25.298178674979482,21.31931782353264,29.805693247405294,32.18132433719537,1.694915254237288,1.0,5.0,8.00205,0.0,LIMITED,受限输出：Welch/Lomb 稳健一致性 89%；频带一致性 87%,2650.140177228515,1038.7366348187556,1210.0639417257578,314.86029018763423,79.35239773896407,20.647602261035924,3.8431773692536653,0.2602013656721228,0.07316059325976848,703.2851839939171,714.1821570213958,0.4638820122100853,0.0859375,12.872222740531063,0.8870361796651143,0.6785851492585279,0.893761406105883,0.8713439846366541,0.9998659340485607,0.0,0.0,8.002500000000001,1.0,0.0,1.0,0.0,0.0,0.007978723404255319,0.32978723404255317,0.5478452675896195,0.9987286981662641,VALID,0.3470141295654492,INVALID,LIMITED,0.0,0.0,0.0,0,2.9704146698879165e-05,4,2,17
15809454043,77.31958762886597,VALID,,23.14886844289458,19.608777551886188,27.020513947703378,30.199096828265212,1.694915254237288,1.0,5.0,8.0001,0.0,VALID,,3191.016213009871,1502.091091439904,1270.4849974960623,333.25942328966113,79.21991690381769,20.780083096182317,3.8123002943319237,0.2623088221792985,0.044896383454131744,736.6446585598069,728.85945937629,0.45095743008250755,0.0859375,9.031393316591869,0.921549317883662,0.7502512773413429,0.9100416337965627,0.9484005807535607,0.9999062808491934,0.0,0.0,8.0028,1.0,0.0,1.0,0.0,0.0,0.008,0.344,0.5426752166440506,0.9987334561662449,VALID,0.3379632098107171,INVALID,VALID,0.0,0.0,0.0,0,2.9323506700421283e-05,4,2,17
15829518043,96.15384615384616,INVALID,心搏峰附近削底/饱和 16.7% > 8.0%,nan,nan,nan,nan,nan,1.0,5.0,8.0,0.0,LIMITED,受限输出：心搏峰附近削底/饱和 3.4%,3682.6959037199495,2046.2041867839175,1233.6656341161188,327.637103903053,79.0151457545814,20.9848542454186,3.765341652150476,0.2655801497930145,0.026742546736836754,704.8065403443798,696.2427090485953,0.443452474790128,0.08984375,6.65228167538724,0.9823293046169441,0.9251128316852658,0.9826828727336722,0.9815043123445788,0.9999528549625272,0.0,0.0,8.003,1.0,0.0,1.0,0.0,0.0,0.03430079155672823,0.36939313984168864,0.5276410239790927,0.9987379505102485,VALID,0.3116502266062383,INVALID,INVALID,0.0,0.0,0.0,0,2.8963959180126862e-05,4,2,17
15849630043,70.75471698113208,INVALID,心搏峰附近削底/饱和 16.7% > 8.0%,nan,nan,nan,nan,nan,1.0,5.0,8.00005,0.0,LIMITED,受限输出：心搏峰附近削底/饱和 3.4%,3684.7661491230447,2203.015067187402,1097.4222537425649,314.4192282817181,77.72984911656604,22.270150883433974,3.490315333893256,0.286507064358725,0.025886641335128663,613.3084366488745,607.6834450268411,0.4287604167580661,0.09375,5.819876416698434,0.9762937536262648,0.910605067819062,0.9763020453143971,0.9762744063539561,0.9999586920230514,0.0,0.0,8.003,1.0,0.0,1.0,0.0,0.0,0.034482758620689655,0.3925729442970822,0.5137798198878667,0.9987423649689335,VALID,0.2873900293255132,INVALID,INVALID,0.0,0.0,0.0,0,2.8610802485325043e-05,4,2,17
15869838043,70.75471698113208,LIMITED,受限输出：心搏峰附近削底/饱和 6.7%,26.286742300628674,21.20279296375278,30.922406355628638,85.76510980019525,3.389830508474576,1.0,5.0,8.00005,0.0,LIMITED,受限输出：心搏峰附近削底/饱和 3.5%,3498.135772730942,2223.8287201011726,888.1994917184437,306.56247867926527,74.34112515506185,25.65887484493816,2.8972870246384725,0.34515047749705824,0.02660113404159778,477.1334761606916,466.78870182293656,0.3895131558370874,0.09375,5.264289006423775,0.9774182349182603,0.8419430195797678,0.9829642401498031,0.9644775560446605,0.9999677972401796,0.0,0.0,8.0023,1.0,0.0,1.0,0.0,0.0,0.034666666666666665,0.424,0.52673196926431,0.9987465898274417,VALID,0.31005333333333335,INVALID,LIMITED,0.0,0.0,0.0,0,2.8272813804672552e-05,4,2,17
15890158043,72.81544561232329,VALID,,23.74945512773728,17.915765808182027,27.762256987468273,33.96742212668197,3.389830508474576,1.0,5.0,8.00005,0.0,LIMITED,受限输出：心搏峰附近削底/饱和 3.5%,3097.9955283492986,2003.1152077579568,690.086798517656,305.18928742619977,69.33621818746123,30.663781812538765,2.261176348414691,0.4422476825839343,0.02847912712463484,346.5066828289265,316.314400737009,0.3168197923737924,0.09375,4.197498514863455,0.9689160810905164,0.8407384589142757,0.9801373557910088,0.9427331067893681,0.9999697432949074,0.0,0.0,8.002,1.0,0.0,1.0,0.0,0.0,0.034759358288770054,0.39572192513368987,0.5461470109645244,0.9987508607446443,VALID,0.34402666666666665,INVALID,LIMITED,0.0,0.0,0.0,0,2.7931140428463695e-05,4,2,17
15910222043,90.36144578313252,VALID,,31.72709065863142,25.037027945288557,39.264965078477374,66.80297570353777,10.16949152542373,1.0,5.0,8.0011,0.0,LIMITED,受限输出：心搏峰附近削底/饱和 3.7%；Welch/Lomb 稳健一致性 88%；频带一致性 85%,2745.7689348006447,1752.343903942633,568.1907472180832,298.48675276368675,65.55965133859306,34.44034866140696,1.9035710695942416,0.5253284292732797,0.030006933837736963,267.44040186936206,199.1550606218101,0.2290421915975844,0.04296875,5.607872158889921,0.8848257219186211,0.7101443902805199,0.8979296744065417,0.8542498327801399,0.9999615608634149,0.0,0.0,8.002,1.0,0.0,1.0,0.0,0.0,0.037333333333333336,0.4026666666666667,0.5281753032979977,0.9987549249116608,VALID,0.3125733333333333,INVALID,LIMITED,0.0,0.0,0.0,0,2.760600706713781e-05,4,2,17
15930350043,74.99962500187499,VALID,,32.38729207287265,25.156664274402505,38.800046045286884,66.89493983196152,10.16949152542373,1.0,5.0,8.003,0.0,LIMITED,受限输出：心搏峰附近削底/饱和 3.7%；频带一致性 88%,2702.9874299980306,1696.9743040230885,579.4794827789739,277.0823409679238,67.65179893777312,32.34820106222686,2.091362014463624,0.478157293230016,0.0298843131821398,269.37277931874485,153.6934322414741,0.17892759110151796,0.04296875,11.259565339818428,0.9167577368443693,0.77143362765567,0.9333111303150202,0.8781331520795175,0.9999602067750165,0.0,0.0,8.003,1.0,0.0,1.0,0.0,0.0,0.03723404255319149,0.39893617021276595,0.5459902161981868,0.9987588738288002,VALID,0.34374666666666664,INVALID,LIMITED,0.0,0.0,0.0,0,2.7290093695988357e-05,4,2,17
15951070043,73.52914143698001,VALID,,30.755574528469978,24.339113910426956,36.07580207492532,66.24539692176381,8.47457627118644,1.0,5.0,8.0,0.0,LIMITED,受限输出：心搏峰附近削底/饱和 3.7%,3172.3638611888287,2053.6408820738648,715.7216839840878,241.74158415422986,74.75186858872719,25.248131411272816,2.9606891445183097,0.337759201046652,0.024184757214215095,333.50376436610566,166.2113756413973,0.1732392041525638,0.04296875,11.949518623443096,0.9464214767194961,0.8084558218090766,0.9635473341387046,0.9064611427413427,0.9999773796037666,0.0,0.0,8.003,1.0,0.0,1.0,0.0,0.0,0.037333333333333336,0.37866666666666665,0.5332495036216742,0.9987628819547454,VALID,0.3214476139696081,INVALID,LIMITED,0.0,0.0,0.0,0,2.6969443620378112e-05,4,2,17
15971510045,65.78954582187042,VALID,,32.7539943616663,28.175177422848428,37.71297550534563,50.12702296250612,10.16949152542373,1.0,5.0,8.0,0.0,LIMITED,受限输出：心搏峰附近削底/饱和 3.7%；频带一致性 89%,3911.54012473337,2647.2759265969325,893.7895883212296,210.05948873539518,80.97027092729819,19.029729072701816,4.25493555993134,0.23502118561253524,0.02044972046058461,402.33178672397736,197.96119963202037,0.17896660609148116,0.04296875,8.33787055226563,0.9442747899525088,0.8062888063197786,0.9659444577281242,0.8937122318094065,0.9999864083368566,0.0,0.0,8.003,1.0,0.0,1.0,0.0,0.0,0.03723404255319149,0.3617021276595745,0.5226405509636898,0.9987667599738741,VALID,0.3028792322047454,INVALID,LIMITED,0.0,0.0,0.0,0,2.6659202090081445e-05,4,2,17
15991894043,65.78947368421052,VALID,,38.21085851483421,30.832024380580233,43.515827366537785,54.17508343622586,18.64406779661017,1.0,5.0,8.0,0.0,LIMITED,受限输出：心搏峰附近削底/饱和 3.7%；频带一致性 86%,4473.586944713474,3065.6049727850464,1071.9012321771556,190.89955497498832,84.88284479094258,15.117155209057408,5.615001210021659,0.17809435164772522,0.019356622599027862,456.51482899914265,235.88137771672785,0.1863053906417775,0.04296875,5.413306007590542,0.9337287604865184,0.891264918165161,0.9658080886733189,0.8588769947173173,0.9999857624938914,0.0,0.0,8.003,1.0,0.0,1.0,0.0,0.0,0.0374331550802139,0.3502673796791444,0.5323994516006679,0.9987705164983374,VALID,0.3199546787523327,INVALID,LIMITED,0.0,0.0,0.0,0,2.6358680133023473e-05,4,2,17
16012190043,66.3716814159292,VALID,,40.14887901109391,33.14557524252375,46.71206020963473,51.80602594721763,20.33898305084746,1.0,5.0,8.0,0.0,LIMITED,受限输出：心搏峰附近削底/饱和 3.8%；频带一致性 89%,4583.102913236788,3034.8679318219433,1245.4407179534678,184.46953357906312,87.09922294903791,12.900777050962095,6.751471062942084,0.14811586847922156,0.02023295524860733,532.9031639078721,292.98842483876524,0.2042505285093183,0.07421875,6.383538262944325,0.940964863178092,0.811316635242684,0.9640959587454703,0.8869923068542098,0.99998282014928,0.0,0.0,8.0034,1.0,0.0,1.0,0.0,0.0,0.03763440860215054,0.3709677419354839,0.5220569676789395,0.9987740774218221,VALID,0.30185283924286854,INVALID,LIMITED,0.0,0.0,0.0,0,2.6073806254236994e-05,4,2,17
16032814043,63.559322033898304,VALID,,46.07845947184265,37.55306716594082,56.056236093363054,53.605291504455195,24.561403508771928,1.0,5.0,8.0,0.0,LIMITED,受限输出：心搏峰附近削底/饱和 3.0%,4417.243383459236,2703.9264427255503,1443.3006557531978,184.9011768514626,88.64384174315335,11.35615825684665,7.80579485934073,0.1281099513912231,0.022759510511435137,679.2227604072339,380.76977298989726,0.23295907722702838,0.07421875,6.982379934310022,0.9630220745618703,0.7721360072345838,0.9648960853129601,0.9586493828093274,0.9999773363683946,0.0,0.0,8.004,1.0,0.0,1.0,0.0,0.0,0.030054644808743168,0.39617486338797814,0.5023303705334861,0.9987777658431795,VALID,0.2673287123433751,INVALID,LIMITED,0.016666666666666666,0.0,0.016666666666666666,1,2.5778732545649838e-05,4,2,17
16053350045,69.44444444444444,LIMITED,受限输出：未解决异常 5.0% > 2.0%；连续异常搏 2 > 1,47.81426726329627,36.82525559536579,59.925025727664384,66.24652834788112,22.22222222222222,1.0,5.0,0.0,0.0,LIMITED,受限输出：连续异常 2；心搏峰附近削底/饱和 3.3%,4128.130641869205,2235.7980898367596,1641.8160529377005,192.33743422026566,89.5135584035394,10.486441596460603,8.536123295985563,0.11714919821627788,0.027247357208277916,867.125839499306,477.30855442661596,0.258934134218392,0.07421875,6.498152305587338,0.9791712845509329,0.9435851786510875,0.9858051164090038,0.9636923435487676,0.9999662661171573,0.0,0.0,8.004,1.0,0.0,1.0,0.0,0.0,0.03287671232876712,0.4301369863013699,0.5112894084819576,0.9987813324552273,VALID,0.28300453212476673,INVALID,LIMITED,0.05,0.0,0.05,2,2.54934035818232e-05,4,2,17
16073590043,69.44452482005187,LIMITED,受限输出：未解决异常 5.0% > 2.0%；连续异常搏 2 > 1,42.48572057762467,29.533572624243373,52.39159820384021,83.22670146855795,14.814814814814813,1.0,5.0,8.0,0.0,LIMITED,受限输出：连续异常 2；心搏峰附近削底/饱和 3.3%,3767.5645859580923,1724.1240575690279,1780.0454306775412,212.7889301717305,89.32229720883336,10.677702791166638,8.365310306513418,0.11954129175834369,0.056335561179790605,1007.3191141533764,542.1212369115356,0.27002555508802406,0.0625,7.532056599132829,0.9596257652562883,0.9069579525860522,0.973097499811094,0.9281917179617423,0.9999624396962031,0.0,0.0,8.004,1.0,0.0,1.0,0.0,0.0,0.03287671232876712,0.43561643835616437,0.529093876979606,0.9987846924490149,VALID,0.31415999999999994,INVALID,LIMITED,0.05,0.0,0.05,2,2.522460407881848e-05,4,2,17
16094454043,69.44444444444444,VALID,,29.10669102818405,23.136788314097778,34.02663465071568,59.219706613411475,5.084745762711865,1.0,5.0,8.0,0.0,LIMITED,受限输出：连续异常 2；心搏峰附近削底/饱和 3.3%；频带一致性 87%,3418.6998292581975,1293.6029675084164,1808.9941783854454,253.30797849661448,87.7172228302576,12.282777169742387,7.141481247933227,0.14002697273613987,0.06097946852916133,1023.8193099023943,540.4501682770424,0.259043038344663,0.0625,7.153916527940875,0.9086639698315443,0.8427167632311672,0.9270356264727645,0.8657967710020306,0.9999394356266103,0.0,0.0,8.004,1.0,0.0,1.0,0.0,0.0,0.03296703296703297,0.49725274725274726,0.49801568095084014,0.9987881626543595,VALID,0.2597707278059184,INVALID,LIMITED,0.0,0.0,0.0,0,2.4946987651241113e-05,4,2,17
16115214043,73.52941176470588,VALID,,25.126063286042996,20.57976809248486,29.422898025979656,38.992713815249715,3.389830508474576,1.0,5.0,0.0,0.0,LIMITED,受限输出：连续异常 2；心搏峰附近削底/饱和 3.0%；Welch/Lomb 稳健一致性 89%；频带一致性 84%,3222.9294463150245,1091.5212767444084,1738.9248846515386,314.58084860677735,84.68079034249254,15.31920965750746,5.527751903375325,0.18090536939427138,0.061904748786201697,908.3020843465994,476.78737735776406,0.2284145196274652,0.0625,6.898809186124665,0.8882006146279777,0.8022475405656396,0.9084164707744875,0.8410302836194552,0.9999299819326556,0.0,0.0,8.004,1.0,0.0,1.0,0.0,0.0,0.03038674033149171,0.5497237569060773,0.49300500800592795,0.9987914722942122,VALID,0.25099973340442544,INVALID,LIMITED,0.0,0.0,0.0,0,2.468221646303838e-05,4,2,17
16135294047,86.20640111263728,VALID,,29.914875935515564,25.922144355697682,33.54004415275494,61.13026064214245,5.084745762711865,1.0,5.0,0.0,0.0,LIMITED,受限输出：连续异常 2,3582.458958602439,1423.1014198993403,1695.0123422803713,384.77630618026086,81.49925924131497,18.500740758685037,4.405188976179547,0.2270050173573398,0.05891344141369186,781.1206255122747,435.29907635008976,0.20542481964828482,0.0625,4.608529499153187,0.9738682559382652,0.9318384532764882,0.9720276313263888,0.9781630466993105,0.999957380564236,0.0,0.0,8.004,1.0,0.0,1.0,0.0,0.0,0.008356545961002786,0.5793871866295265,0.4881542292976098,0.9987946241637793,VALID,0.24250866435617166,INVALID,LIMITED,0.0,0.0,0.0,0,2.4430066897666522e-05,4,2,17
16155774043,66.96428571428571,INVALID,心搏峰附近削底/饱和 13.3% > 8.0%,nan,nan,nan,nan,nan,1.0,5.0,0.0,0.0,LIMITED,受限输出：连续异常 2；心搏峰附近削底/饱和 2.8%,4031.0444958576186,1725.3493150725963,1799.9662653718929,442.08358004644384,80.28216986567679,19.717830134323215,4.071551956720026,0.24560659194082424,0.05591741311040893,777.5698558206753,500.9305388079998,0.21984639164582861,0.0625,5.192566185928146,0.9287174893525286,0.8906053535594347,0.9242671656843776,0.9391015779115478,0.9999330829527309,0.0,0.0,8.004,1.0,0.0,1.0,0.0,0.0,0.027777777777777776,0.6,0.47850473982826386,0.9987977999838827,VALID,0.22561983471074376,INVALID,INVALID,0.0,0.0,0.0,0,2.4176001289386736e-05,4,2,17
16180630046,72.11538461538461,INVALID,心搏峰附近削底/饱和 13.3% > 8.0%,nan,nan,nan,nan,nan,1.0,5.0,0.0,0.0,LIMITED,受限输出：连续异常 2；心搏峰附近削底/饱和 2.8%,4536.988442524655,2051.392137777341,1980.9334070136222,460.5265809944475,81.13724643219813,18.862753567801878,4.301452920993296,0.2324795873318727,0.05289332119410909,880.3169955541396,631.8572435260162,0.2557571487628616,0.0625,4.203818591264147,0.9416500622275679,0.8592768455884041,0.9267800828650368,0.9763466807401405,0.9999045898626963,0.0,0.0,8.004,1.0,0.0,1.0,0.0,0.0,0.027855153203342618,0.6323119777158774,0.48355352406968116,0.9988004768408694,VALID,0.23445333333333335,INVALID,INVALID,0.0,0.0,0.0,0,2.396185273045312e-05,4,2,17
