t_us,quality_multiplier,primary_code,primary_score,score_INWARD_QUIET,score_RESONANCE_0P1,score_PHASED_VIPASSANA,score_TRAINED_VIPASSANA_SHIFT,score_AROUSAL_MEDITATION,score_SLOW_RECOVERY_VLF,elapsed_minutes
37254092,0.0,DATA_UNSTABLE,0.0,0.0,0.0,0.0,0.0,0.0,0.0,0.0
57546933,0.68,STABLE_NEUTRAL,0.34,0.1768,0.0,0.14839934829654736,0.0,0.10945049741014096,0.34,0.3382140166666667
78065822,0.68,STABLE_NEUTRAL,0.34,0.0,0.0,0.14839934829654736,0.0,0.13502602430220834,0.34,0.6801955
98213623,0.68,STABLE_NEUTRAL,0.34,0.0,0.0,0.14839934829654736,0.0,0.1697894157098529,0.34,1.0159921833333334
119001825,0.68,STABLE_NEUTRAL,0.34,0.0,0.0,0.14839934829654736,0.0,0.2246391763834278,0.34,1.3624622166666667
139545673,0.68,STABLE_NEUTRAL,0.27914486358565166,0.2731537059479802,0.0,0.14839934829654736,0.0,0.0,0.27914486358565166,1.7048596833333334
159807825,0.68,STABLE_NEUTRAL,0.3264,0.3264,0.0,0.14839934829654736,0.0,0.0,0.238,2.0425622166666666
180485168,0.68,STABLE_NEUTRAL,0.3305205306610884,0.13962242020489954,0.0,0.14839934829654736,0.0,0.15426448113102773,0.3305205306610884,2.3871846
200858625,0.68,STABLE_NEUTRAL,0.2847319319752884,0.0,0.0,0.14839934829654736,0.0,0.2847319319752884,0.23802987848075619,2.7267422166666666
221285534,0.68,STABLE_NEUTRAL,0.34,0.0,0.0,0.14839934829654736,0.0,0.010244403875669666,0.34,3.0671907
241823046,0.68,STABLE_NEUTRAL,0.2550228811559625,0.15246216378143584,0.0,0.14839934829654736,0.0,0.0,0.2550228811559625,3.4094825666666666
261920149,0.68,STABLE_NEUTRAL,0.30356716432351005,0.09170465265818031,0.0,0.14839934829654736,0.0,0.0,0.30356716432351005,3.7444342833333333
282378388,0.68,STABLE_NEUTRAL,0.34,0.0,0.0,0.14839934829654736,0.0,0.01547328120688971,0.34,4.085404933333334
302892443,0.68,STABLE_NEUTRAL,0.34,0.0,0.0,0.14839934829654736,0.0,0.029263296287889897,0.34,4.42730585
323558625,1.0,STABLE_NEUTRAL,0.39453355819645214,0.37136116161166877,0.39453355819645214,0.2182343357302167,0.0,0.07748533163395002,0.13014529119539126,4.7717422166666665
343929554,1.0,STABLE_NEUTRAL,0.4425622729642229,0.24161099572309408,0.39453355819645214,0.2182343357302167,0.0,0.4425622729642229,0.143714489672112,5.1112577
364184077,1.0,STABLE_NEUTRAL,0.48000000000000004,0.22978029796854352,0.46053355819645214,0.2182343357302167,0.0,0.48000000000000004,0.16284245992709592,5.448833083333334
384512865,1.0,STABLE_NEUTRAL,0.46053355819645214,0.3333260475543506,0.46053355819645214,0.2182343357302167,0.0,0.2,0.2990246275085422,5.7876462166666665
405007825,1.0,STABLE_NEUTRAL,0.46053355819645214,0.43646002709714704,0.46053355819645214,0.2182343357302167,0.0,0.006502885655740713,0.22000816087947733,6.129228883333333
425184149,0.0,DATA_UNSTABLE,0.0,0.0,0.0,0.0,0.0,0.0,0.0,6.46550095
445629421,0.0,DATA_UNSTABLE,0.0,0.0,0.0,0.0,0.0,0.0,0.0,6.8062554833333335
466314257,0.68,STABLE_NEUTRAL,0.26158983192694973,0.13102543606460548,0.20493936663831971,0.14839934829654736,0.0,0.136,0.26158983192694973,7.15100275
486894240,1.0,STABLE_NEUTRAL,0.5,0.03762788809423621,0.4415247576215751,0.2182343357302167,0.0,0.1871958192158959,0.5,7.494002466666666
507456625,1.0,STABLE_NEUTRAL,0.5259582240340409,0.0,0.4479601764902702,0.2182343357302167,0.0,0.2546901430101857,0.5259582240340409,7.836708883333333
527618796,0.68,STABLE_NEUTRAL,0.45586860292743686,0.0,0.45586860292743686,0.14839934829654736,0.007720922286475921,0.1855822840259677,0.36083697949579374,8.172745066666666
547706773,0.0,DATA_UNSTABLE,0.0,0.0,0.0,0.0,0.0,0.0,0.0,8.507544683333334
567806625,0.68,STABLE_NEUTRAL,0.4185593128322312,0.1496,0.4185593128322312,0.14839934829654736,0.32106236125636883,0.003585024217673473,0.272,8.842542216666667
588141954,0.68,STABLE_NEUTRAL,0.531780149558937,0.10473470655190718,0.3467323390853005,0.14839934829654736,0.531780149558937,0.2156311477765445,0.30792376360107687,9.181464366666667
608456080,0.68,STABLE_NEUTRAL,0.6799999999999999,0.13370891213874528,0.32380600855197067,0.14839934829654736,0.6799999999999999,0.35507938857869437,0.3392152014824444,9.520033133333333
629233291,0.0,DATA_UNSTABLE,0.0,0.0,0.0,0.0,0.0,0.0,0.0,9.866319983333334
649789440,0.0,DATA_UNSTABLE,0.0,0.0,0.0,0.0,0.0,0.0,0.0,10.208922466666667
669857394,1.0,STABLE_NEUTRAL,0.6580371378699126,0.025248062729476207,0.42183207750284946,0.2182343357302167,0.43472738253853127,0.6580371378699126,0.6426785191138291,10.543388366666667
690182625,0.68,STABLE_NEUTRAL,0.33451832056468667,0.01356180773275671,0.33451832056468667,0.14839934829654736,0.09717660373531826,0.2648836954472827,0.21645072559226833,10.882142216666667
710463383,1.0,STABLE_NEUTRAL,0.46053355819645214,0.2736263045277846,0.46053355819645214,0.2182343357302167,0.0,0.1985119940327406,0.24783914778208516,11.22015485
731085394,0.68,STABLE_NEUTRAL,0.3131628195735875,0.007351783601387972,0.3131628195735875,0.14839934829654736,0.0,0.1312851467299164,0.25671059251564293,11.563855033333333
751680555,1.0,STABLE_NEUTRAL,0.33993832089409226,0.0598375161261193,0.33993832089409226,0.2182343357302167,0.0,0.167671615699182,0.3350199106332333,11.907107716666667
771867315,1.0,STABLE_NEUTRAL,0.3452919812726586,0.07320094345549236,0.3452919812726586,0.2182343357302167,0.0,0.22518610222976995,0.3349340532102207,12.243553716666666
792159214,1.0,STABLE_NEUTRAL,0.4119040726269251,0.23533400612733352,0.3409327816341241,0.2182343357302167,0.0,0.1976524768411703,0.4119040726269251,12.581752033333334
812269733,1.0,SLOW_RECOVERY_VLF,0.7416241247183806,0.12232990046984826,0.7037966222955644,0.2182343357302167,0.0,0.0347227741534681,0.7416241247183806,12.91692735
832278443,1.0,RESONANCE_0P1,0.7064386206057325,0.0,0.7064386206057325,0.2182343357302167,0.0,0.38230796659163024,0.5945147628792848,13.25040585
852576832,1.0,SLOW_RECOVERY_VLF,0.8290569661139672,0.0,0.7160832957071801,0.2182343357302167,0.0,0.21856604231371202,0.8290569661139672,13.588712333333334
873238883,1.0,SLOW_RECOVERY_VLF,0.9490996574407298,0.019865478544267682,0.5896117976459477,0.2182343357302167,0.0,0.24855763751250837,0.9490996574407298,13.93307985
893415668,0.68,STABLE_NEUTRAL,0.6453877670596962,0.0,0.44278786374849793,0.14839934829654736,0.0,0.07995930375089223,0.6453877670596962,14.2693596
914255888,0.68,STABLE_NEUTRAL,0.5433877670596962,0.2016124794556784,0.42308946169593564,0.14839934829654736,0.013460848938559587,0.0,0.5433877670596962,14.6166966
934850354,1.0,SLOW_RECOVERY_VLF,0.7990996574407296,0.48,0.6219799409370703,0.2182343357302167,0.02646836036034076,0.0,0.7990996574407296,14.9599377
955372551,1.0,SLOW_RECOVERY_VLF,0.9181536995751851,0.12664835271582384,0.6219799409370703,0.2182343357302167,0.0,0.25192035895975,0.9181536995751851,15.301974316666668
975921625,1.0,SLOW_RECOVERY_VLF,0.7102523027338042,0.2653399331447066,0.574869999309904,0.2182343357302167,0.0,0.0,0.7102523027338042,15.644458883333334
996321292,1.0,STABLE_NEUTRAL,0.574869999309904,0.08675233460238731,0.574869999309904,0.2182343357302167,0.0,0.13614459053662065,0.5731235252972591,15.984453333333333
1016598292,1.0,STABLE_NEUTRAL,0.5305495096907171,0.16646582505306373,0.5305495096907171,0.2182343357302167,0.0,0.1341244897983442,0.5293387890488304,16.322403333333334
1036951668,1.0,STABLE_NEUTRAL,0.6490996574407297,0.02582415247190388,0.574869999309904,0.2182343357302167,0.0,0.056593010646323494,0.6490996574407297,16.661626266666666
1057428625,1.0,STABLE_NEUTRAL,0.574869999309904,0.33057420226328155,0.574869999309904,0.2182343357302167,0.0,0.2,0.43909965744072976,17.002908883333333
1077697083,1.0,STABLE_NEUTRAL,0.5807437345688982,0.32,0.5807437345688982,0.2182343357302167,0.0,0.48000000000000004,0.3209029679560873,17.340716516666667
1097852492,0.68,STABLE_NEUTRAL,0.3965282129375535,0.3672,0.3965282129375535,0.14839934829654736,0.0,0.0999539530159847,0.19658776705969624,17.67664
1118205435,0.68,STABLE_NEUTRAL,0.3942033962507463,0.25811511112311486,0.3942033962507463,0.14839934829654736,0.0,0.012327261818505159,0.2808806357372893,18.015855716666668
1138910945,0.68,STABLE_NEUTRAL,0.3609774568916443,0.3332135834509318,0.3609774568916443,0.14839934829654736,0.0,0.043752713884983155,0.25182906201609156,18.36094755
1158940443,0.68,STABLE_NEUTRAL,0.5507893547072578,0.11475236739114295,0.3560280223942251,0.14839934829654736,0.0,0.07669013634045743,0.5507893547072578,18.694772516666667
1179485529,1.0,STABLE_NEUTRAL,0.4758298243320184,0.22,0.34856078792652345,0.2182343357302167,0.28916387356087914,0.4758298243320184,0.4174247774538076,19.037190616666667
1199743810,1.0,STABLE_NEUTRAL,0.6762144193007886,0.21137361600666854,0.23278670945725297,0.2182343357302167,0.0,0.6762144193007886,0.25386055784843053,19.374828633333333
1220160163,0.68,STABLE_NEUTRAL,0.3536,0.21308108805279707,0.24707874391131107,0.14839934829654736,0.0,0.3536,0.10138776705969622,19.715101183333335
1240324843,0.68,STABLE_NEUTRAL,0.3536,0.24768653594717407,0.2726674248034915,0.14839934829654736,0.0,0.3536,0.10138776705969622,20.051179183333332
1260365075,1.0,STABLE_NEUTRAL,0.48999223228386796,0.20076711777080564,0.39447540539531517,0.2182343357302167,0.0,0.48999223228386796,0.22778134512599796,20.38518305
1281086139,1.0,STABLE_NEUTRAL,0.5550868459724698,0.036384702502831316,0.5550868459724698,0.2182343357302167,0.0,0.3557091192642512,0.38989299603448907,20.730534116666668
1301561204,0.68,STABLE_NEUTRAL,0.40221629397081626,0.0,0.40221629397081626,0.14839934829654736,0.0,0.15618680862822124,0.3165197396707234,21.0717852
1321893251,0.0,DATA_UNSTABLE,0.0,0.0,0.0,0.0,0.0,0.0,0.0,21.41065265
1342185736,0.0,DATA_UNSTABLE,0.0,0.0,0.0,0.0,0.0,0.0,0.0,21.748860733333334
1362197445,0.68,STABLE_NEUTRAL,0.6352880818591976,0.20086392064551073,0.5043471497532619,0.14839934829654736,0.6352880818591976,0.032554885530291656,0.46865431208968006,22.082389216666666
1382393625,0.68,STABLE_NEUTRAL,0.6799999999999999,0.416634474969226,0.5127030209658691,0.14839934829654736,0.6799999999999999,0.0031497290760518267,0.1657708763013344,22.418992216666666
1402493593,0.0,DATA_UNSTABLE,0.0,0.0,0.0,0.0,0.0,0.0,0.0,22.753991683333332
1423132538,0.0,DATA_UNSTABLE,0.0,0.0,0.0,0.0,0.0,0.0,0.0,23.0979741
1443540928,0.0,DATA_UNSTABLE,0.0,0.0,0.0,0.0,0.0,0.0,0.0,23.438113933333334
1463850911,0.68,STABLE_NEUTRAL,0.3465440478696718,0.27073681248687853,0.2576748195735875,0.14839934829654736,0.3465440478696718,0.07158411283076686,0.28057400931200027,23.77661365
1484087374,1.0,STABLE_NEUTRAL,0.44881298146391335,0.32647446495327087,0.4365585403308817,0.2182343357302167,0.42,0.09658793586737799,0.44881298146391335,24.113888033333332
1504849777,0.0,DATA_UNSTABLE,0.0,0.0,0.0,0.0,0.0,0.0,0.0,24.459928083333335
1525090763,0.0,DATA_UNSTABLE,0.0,0.0,0.0,0.0,0.0,0.0,0.0,24.79727785
1550338625,0.0,DATA_UNSTABLE,0.0,0.0,0.0,0.0,0.0,0.0,0.0,25.21807555
