t_us,nn_ms,corrected,metric_eligible,source
434936519,784.0,0,1,raw
435752517,815.0,0,1,raw
436520517,768.0,0,1,raw
437264517,744.0,0,1,raw
437928517,664.0,0,1,raw
438624517,696.0,0,1,raw
439264517,640.0,0,1,raw
439920517,656.0,0,1,raw
440656517,736.0,0,1,raw
441368521,712.0,0,1,raw
442096517,727.0,0,1,raw
442760517,664.0,0,1,raw
443528517,768.0,0,1,raw
444264517,736.0,0,1,raw
444992517,728.0,0,1,raw
445712517,720.0,0,1,raw
446448517,736.0,0,1,raw
447168517,720.0,0,1,raw
447904517,736.0,0,1,raw
448640517,736.0,0,1,raw
449408517,768.0,0,1,raw
450136517,728.0,0,1,raw
450888517,752.0,0,1,raw
451648517,760.0,0,1,raw
452400517,752.0,0,1,raw
453136517,736.0,0,1,raw
453872517,736.0,0,1,raw
454616517,744.0,0,1,raw
455368517,752.0,0,1,raw
456104517,736.0,0,1,raw
456872517,768.0,0,1,raw
457648517,776.0,0,1,raw
458416517,768.0,0,1,raw
459160517,744.0,0,1,raw
459856517,696.0,0,1,raw
460584517,728.0,0,1,raw
461328517,744.0,0,1,raw
462072517,744.0,0,1,raw
462848517,776.0,0,1,raw
463616517,768.0,0,1,raw
464360517,744.0,0,1,raw
465144517,784.0,0,1,raw
465936518,792.0,0,1,raw
466688517,751.0,0,1,raw
467424521,736.0,0,1,raw
468160519,735.0,0,1,raw
468896517,735.0,0,1,raw
469648517,752.0,0,1,raw
470408517,760.0,0,1,raw
471144517,736.0,0,1,raw
471856517,712.0,0,1,raw
472592517,736.0,0,1,raw
473320517,728.0,0,1,raw
474128517,808.0,0,1,raw
474864517,736.0,0,1,raw
475504519,640.0,0,1,raw
476136517,631.0,0,1,raw
476760517,624.0,0,1,raw
477448518,688.0,0,1,raw
478160517,711.0,0,1,raw
478856517,696.0,0,1,raw
479560517,704.0,0,1,raw
480248519,688.0,0,1,raw
480912517,663.0,0,1,raw
481544521,632.0,0,1,raw
482160517,615.0,0,1,raw
482808517,648.0,0,1,raw
483528517,720.0,0,1,raw
484248519,720.0,0,1,raw
484952517,703.0,0,1,raw
485680517,728.0,0,1,raw
486440517,760.0,0,1,raw
487224519,784.0,0,1,raw
488000517,775.0,0,1,raw
488824521,824.0,0,1,raw
489672517,847.0,0,1,raw
490496519,824.0,0,1,raw
491280517,783.0,0,1,raw
492072517,792.0,0,1,raw
492864517,792.0,0,1,raw
493632519,768.0,0,1,raw
494376517,743.0,0,1,raw
495120517,744.0,0,1,raw
495872517,752.0,0,1,raw
496640517,768.0,0,1,raw
497376519,736.0,0,1,raw
498096517,719.0,0,1,raw
498824517,728.0,0,1,raw
499552517,728.0,0,1,raw
500272517,720.0,0,1,raw
500984517,712.0,0,1,raw
501680517,696.0,0,1,raw
502408521,728.0,0,1,raw
503136517,727.0,0,1,raw
503864517,728.0,0,1,raw
504576517,712.0,0,1,raw
505288517,712.0,0,1,raw
505992517,704.0,0,1,raw
506704519,712.0,0,1,raw
507384517,679.0,0,1,raw
508088519,704.0,0,1,raw
508800517,711.0,0,1,raw
509496517,696.0,0,1,raw
510200517,704.0,0,1,raw
510896517,696.0,0,1,raw
511592517,696.0,0,1,raw
512304517,712.0,0,1,raw
513016517,712.0,0,1,raw
513728517,712.0,0,1,raw
514440517,712.0,0,1,raw
515168519,728.0,0,1,raw
515896517,727.0,0,1,raw
516616517,720.0,0,1,raw
517320517,704.0,0,1,raw
517984517,664.0,0,1,raw
518696517,712.0,0,1,raw
519416517,720.0,0,1,raw
520136517,720.0,0,1,raw
520864517,728.0,0,1,raw
521584517,720.0,0,1,raw
522344518,760.0,0,1,raw
523112517,767.0,0,1,raw
523880517,768.0,0,1,raw
524608517,728.0,0,1,raw
525320517,712.0,0,1,raw
526032517,712.0,0,1,raw
526744519,712.0,0,1,raw
527448517,703.0,0,1,raw
528160517,712.0,0,1,raw
528872517,712.0,0,1,raw
529592517,720.0,0,1,raw
530304517,712.0,0,1,raw
531000517,696.0,0,1,raw
531688517,688.0,0,1,raw
532384517,696.0,0,1,raw
533080517,696.0,0,1,raw
533784517,704.0,0,1,raw
534456517,672.0,0,1,raw
535152517,696.0,0,1,raw
535832517,680.0,0,1,raw
536528517,696.0,0,1,raw
537200517,672.0,0,1,raw
537888518,688.0,0,1,raw
538584517,695.0,0,1,raw
539296520,712.0,0,1,raw
540008517,711.0,0,1,raw
540720519,712.0,0,1,raw
541440519,720.0,0,1,raw
542168519,728.0,0,1,raw
542920517,751.0,0,1,raw
543672517,752.0,0,1,raw
544392518,720.0,0,1,raw
545104517,711.0,0,1,raw
545816517,712.0,0,1,raw
546464517,648.0,0,1,raw
547120519,656.0,0,1,raw
547800517,679.0,0,1,raw
548496517,696.0,0,1,raw
549192517,696.0,0,1,raw
549896517,704.0,0,1,raw
550560521,664.0,0,1,raw
551248519,687.0,0,1,raw
551912517,663.0,0,1,raw
552560517,648.0,0,1,raw
553224517,664.0,0,1,raw
553896517,672.0,0,1,raw
554520517,624.0,0,1,raw
555136517,616.0,0,1,raw
555744517,608.0,0,1,raw
556368517,624.0,0,1,raw
556976519,608.0,0,1,raw
557616521,640.0,0,1,raw
558280517,663.0,0,1,raw
558968517,688.0,0,1,raw
559704517,736.0,0,1,raw
560448517,744.0,0,1,raw
561176517,728.0,0,1,raw
561912517,736.0,0,1,raw
562656517,744.0,0,1,raw
563392519,736.0,0,1,raw
564128522,736.0,0,1,raw
564848517,719.0,0,1,raw
565592517,744.0,0,1,raw
566360517,768.0,0,1,raw
567112517,752.0,0,1,raw
567864517,752.0,0,1,raw
568616517,752.0,0,1,raw
569344521,728.0,0,1,raw
570056517,711.0,0,1,raw
570760519,704.0,0,1,raw
571472517,711.0,0,1,raw
572216517,744.0,0,1,raw
572944517,728.0,0,1,raw
573680517,736.0,0,1,raw
574416517,736.0,0,1,raw
575144517,728.0,0,1,raw
575832517,688.0,0,1,raw
576536517,704.0,0,1,raw
577240517,704.0,0,1,raw
577976516,735.0,0,1,raw
578696517,720.0,0,1,raw
579408517,712.0,0,1,raw
580136518,728.0,0,1,raw
580856517,719.0,0,1,raw
581576517,720.0,0,1,raw
582240517,664.0,0,1,raw
582920517,680.0,0,1,raw
583600517,680.0,0,1,raw
584288517,688.0,0,1,raw
584960519,672.0,0,1,raw
585640517,679.0,0,1,raw
586336517,696.0,0,1,raw
587048517,712.0,0,1,raw
587760517,712.0,0,1,raw
588424519,664.0,0,1,raw
589112517,687.0,0,1,raw
589792517,680.0,0,1,raw
590504517,712.0,0,1,raw
591232517,728.0,0,1,raw
591904520,672.0,0,1,raw
592624517,719.0,0,1,raw
593336517,712.0,0,1,raw
594056517,720.0,0,1,raw
594768517,712.0,0,1,raw
595432519,664.0,0,1,raw
596112517,679.0,0,1,raw
596824519,712.0,0,1,raw
597512517,687.0,0,1,raw
598184517,672.0,0,1,raw
598856519,672.0,0,1,raw
599536519,680.0,0,1,raw
600240519,704.0,0,1,raw
600928517,687.0,0,1,raw
601608519,680.0,0,1,raw
602264517,655.0,0,1,raw
602944517,680.0,0,1,raw
603632517,688.0,0,1,raw
604328517,696.0,0,1,raw
605008517,680.0,0,1,raw
605712517,704.0,0,1,raw
606400517,688.0,0,1,raw
607064517,664.0,0,1,raw
607744517,680.0,0,1,raw
608416517,672.0,0,1,raw
609112517,696.0,0,1,raw
609792517,680.0,0,1,raw
610488517,696.0,0,1,raw
611208517,720.0,0,1,raw
611952521,744.0,0,1,raw
612712517,759.0,0,1,raw
613472517,760.0,0,1,raw
614240519,768.0,0,1,raw
615008521,768.0,0,1,raw
615760522,752.0,0,1,raw
616488517,727.0,0,1,raw
617232517,744.0,0,1,raw
617976517,744.0,0,1,raw
618728517,752.0,0,1,raw
619456518,728.0,0,1,raw
620176517,719.0,0,1,raw
620904517,728.0,0,1,raw
621656517,752.0,0,1,raw
622432518,776.0,0,1,raw
623160517,727.0,0,1,raw
623880518,720.0,0,1,raw
624616517,735.0,0,1,raw
625376517,760.0,0,1,raw
626144519,768.0,0,1,raw
626920517,775.0,0,1,raw
627704517,784.0,0,1,raw
628480519,776.0,0,1,raw
629240517,759.0,0,1,raw
629984517,744.0,0,1,raw
630736517,752.0,0,1,raw
631472521,736.0,0,1,raw
632208521,736.0,0,1,raw
632920517,711.0,0,1,raw
633608517,688.0,0,1,raw
634320521,712.0,0,1,raw
635040521,720.0,0,1,raw
635784517,743.0,0,1,raw
636520518,736.0,0,1,raw
637248517,727.0,0,1,raw
637984517,736.0,0,1,raw
638736517,752.0,0,1,raw
639496517,760.0,0,1,raw
640240517,744.0,0,1,raw
640992517,752.0,0,1,raw
641752517,760.0,0,1,raw
642520517,768.0,0,1,raw
643280519,760.0,0,1,raw
644032517,751.0,0,1,raw
644776517,744.0,0,1,raw
645528517,752.0,0,1,raw
646280517,752.0,0,1,raw
647032517,752.0,0,1,raw
647768517,736.0,0,1,raw
648488517,720.0,0,1,raw
649208517,720.0,0,1,raw
649936517,728.0,0,1,raw
650664517,728.0,0,1,raw
651392517,728.0,0,1,raw
652112517,720.0,0,1,raw
652840517,728.0,0,1,raw
653576517,736.0,0,1,raw
654320517,744.0,0,1,raw
655032517,712.0,0,1,raw
655712517,680.0,0,1,raw
656400517,688.0,0,1,raw
657096517,696.0,0,1,raw
657800517,704.0,0,1,raw
658496517,696.0,0,1,raw
659152519,656.0,0,1,raw
659840517,687.0,0,1,raw
660528517,688.0,0,1,raw
661216517,688.0,0,1,raw
661896517,680.0,0,1,raw
662568517,672.0,0,1,raw
663256517,688.0,0,1,raw
663936517,680.0,0,1,raw
664576517,640.0,0,1,raw
665240517,664.0,0,1,raw
665912517,672.0,0,1,raw
666576517,664.0,0,1,raw
667224517,648.0,0,1,raw
667848517,624.0,0,1,raw
668472517,624.0,0,1,raw
669152517,680.0,0,1,raw
669872517,720.0,0,1,raw
670664517,792.0,0,1,raw
672216517,743.0,0,1,raw
672936517,720.0,0,1,raw
673656517,720.0,0,1,raw
674376517,720.0,0,1,raw
675072517,696.0,0,1,raw
675736517,664.0,0,1,raw
676424517,688.0,0,1,raw
677096517,672.0,0,1,raw
677784519,688.0,0,1,raw
678456517,671.0,0,1,raw
679120517,664.0,0,1,raw
679784519,664.0,0,1,raw
680440522,656.0,0,1,raw
681088517,647.0,0,1,raw
681728523,640.0,0,1,raw
682384520,655.0,0,1,raw
683040517,655.0,0,1,raw
683696517,656.0,0,1,raw
684344520,648.0,0,1,raw
685008519,663.0,0,1,raw
685664517,655.0,0,1,raw
686336517,672.0,0,1,raw
687008517,672.0,0,1,raw
687640517,632.0,0,1,raw
688288517,648.0,0,1,raw
688944517,656.0,0,1,raw
689584517,640.0,0,1,raw
690240517,656.0,0,1,raw
690896517,656.0,0,1,raw
691552517,656.0,0,1,raw
692224517,672.0,0,1,raw
692888517,664.0,0,1,raw
693560517,672.0,0,1,raw
694208517,648.0,0,1,raw
694880517,672.0,0,1,raw
695544519,664.0,0,1,raw
696248517,703.0,0,1,raw
696944517,696.0,0,1,raw
697640517,696.0,0,1,raw
698336517,696.0,0,1,raw
699040517,704.0,0,1,raw
699752517,712.0,0,1,raw
700496518,744.0,0,1,raw
701232517,735.0,0,1,raw
701976518,744.0,0,1,raw
702720517,743.0,0,1,raw
703456517,736.0,0,1,raw
704176517,720.0,0,1,raw
704848517,672.0,0,1,raw
705512518,664.0,0,1,raw
706200517,687.0,0,1,raw
706928520,728.0,0,1,raw
707640517,711.0,0,1,raw
708352517,712.0,0,1,raw
709064517,712.0,0,1,raw
709768522,704.0,0,1,raw
710432517,663.0,0,1,raw
711080517,648.0,0,1,raw
711760517,680.0,0,1,raw
712472517,712.0,0,1,raw
713184522,712.0,0,1,raw
713896517,711.0,0,1,raw
714624519,728.0,0,1,raw
715376521,752.0,0,1,raw
716096518,719.0,0,1,raw
716792517,695.0,0,1,raw
717520517,728.0,0,1,raw
718264517,744.0,0,1,raw
719024517,760.0,0,1,raw
719760517,736.0,0,1,raw
720424518,664.0,0,1,raw
721064519,640.0,0,1,raw
721688517,623.0,0,1,raw
722304517,616.0,0,1,raw
722920517,616.0,0,1,raw
723568517,648.0,0,1,raw
724256517,688.0,0,1,raw
724920517,664.0,0,1,raw
725544517,624.0,0,1,raw
726160517,616.0,0,1,raw
726768517,608.0,0,1,raw
727352519,584.0,0,1,raw
727920518,567.0,0,1,raw
728488517,567.0,0,1,raw
729064517,576.0,0,1,raw
729672517,608.0,0,1,raw
730296519,624.0,0,1,raw
730936517,639.0,0,1,raw
731560517,624.0,0,1,raw
732176517,616.0,0,1,raw
733136517,520.0,0,1,raw
733824517,688.0,0,1,raw
734520517,696.0,0,1,raw
735240517,720.0,0,1,raw
735944517,704.0,0,1,raw
736664517,720.0,0,1,raw
737344518,680.0,0,1,raw
738040517,695.0,0,1,raw
738696518,656.0,0,1,raw
739352517,655.0,0,1,raw
740056517,704.0,0,1,raw
740720519,664.0,0,1,raw
741408519,688.0,0,1,raw
742120517,711.0,0,1,raw
742800517,680.0,0,1,raw
743456517,656.0,0,1,raw
744680517,728.0,0,1,raw
745384517,704.0,0,1,raw
746112517,728.0,0,1,raw
746856517,744.0,0,1,raw
747624518,768.0,0,1,raw
748400519,776.0,0,1,raw
749168517,767.0,0,1,raw
749936521,768.0,0,1,raw
750672517,735.0,0,1,raw
751400517,728.0,0,1,raw
752112517,712.0,0,1,raw
752824517,712.0,0,1,raw
753536517,712.0,0,1,raw
754232517,696.0,0,1,raw
754936519,704.0,0,1,raw
755592517,655.0,0,1,raw
756280517,688.0,0,1,raw
756976517,696.0,0,1,raw
757680517,704.0,0,1,raw
758384517,704.0,0,1,raw
759112517,728.0,0,1,raw
759864517,752.0,0,1,raw
760616520,752.0,0,1,raw
761336517,719.0,0,1,raw
762032517,696.0,0,1,raw
762728517,696.0,0,1,raw
763424517,696.0,0,1,raw
764064517,640.0,0,1,raw
764728521,664.0,0,1,raw
765408517,679.0,0,1,raw
766048517,640.0,0,1,raw
766720517,672.0,0,1,raw
767352517,632.0,0,1,raw
767992517,640.0,0,1,raw
768640517,648.0,0,1,raw
769304517,664.0,0,1,raw
769976521,672.0,0,1,raw
770664517,687.0,0,1,raw
771304517,640.0,0,1,raw
771976517,672.0,0,1,raw
772656517,680.0,0,1,raw
773344517,688.0,0,1,raw
774048517,704.0,0,1,raw
774728517,680.0,0,1,raw
775376517,648.0,0,1,raw
776040517,664.0,0,1,raw
776672517,632.0,0,1,raw
777320517,648.0,0,1,raw
777928517,608.0,0,1,raw
778528517,600.0,0,1,raw
779120519,592.0,0,1,raw
779752517,631.0,0,1,raw
780432517,680.0,0,1,raw
781144517,712.0,0,1,raw
781888517,744.0,0,1,raw
782624517,736.0,0,1,raw
783352517,728.0,0,1,raw
784104517,752.0,0,1,raw
784896517,792.0,0,1,raw
785696518,800.0,0,1,raw
786472517,775.0,0,1,raw
787216517,744.0,0,1,raw
787968517,752.0,0,1,raw
788688517,720.0,0,1,raw
789376517,688.0,0,1,raw
790064517,688.0,0,1,raw
790744517,680.0,0,1,raw
791424517,680.0,0,1,raw
792064517,640.0,0,1,raw
792728517,664.0,0,1,raw
793360518,632.0,0,1,raw
794040517,679.0,0,1,raw
794728517,688.0,0,1,raw
795376517,648.0,0,1,raw
796032517,656.0,0,1,raw
796696517,664.0,0,1,raw
797376517,680.0,0,1,raw
798064517,688.0,0,1,raw
798736517,672.0,0,1,raw
799384521,648.0,0,1,raw
800064517,679.0,0,1,raw
800704517,640.0,0,1,raw
801352518,648.0,0,1,raw
801976517,623.0,0,1,raw
802632517,656.0,0,1,raw
803288517,656.0,0,1,raw
803944517,656.0,0,1,raw
804600517,656.0,0,1,raw
805232517,632.0,0,1,raw
805896517,664.0,0,1,raw
806560517,664.0,0,1,raw
807224517,664.0,0,1,raw
807848517,624.0,0,1,raw
808480517,632.0,0,1,raw
809128517,648.0,0,1,raw
809784517,656.0,0,1,raw
810448517,664.0,0,1,raw
811136517,688.0,0,1,raw
811824517,688.0,0,1,raw
812512517,688.0,0,1,raw
813224517,712.0,0,1,raw
813968517,744.0,0,1,raw
814704517,736.0,0,1,raw
815416517,712.0,0,1,raw
816120521,704.0,0,1,raw
816824517,703.0,0,1,raw
817528517,704.0,0,1,raw
818216518,688.0,0,1,raw
818872517,655.0,0,1,raw
819520517,648.0,0,1,raw
820176519,656.0,0,1,raw
820840517,663.0,0,1,raw
821528517,688.0,0,1,raw
822224519,696.0,0,1,raw
822912517,687.0,0,1,raw
823600518,688.0,0,1,raw
824304517,703.0,0,1,raw
825008521,704.0,0,1,raw
825728521,720.0,0,1,raw
826424518,695.0,0,1,raw
827096517,671.0,0,1,raw
827808521,712.0,0,1,raw
828528517,719.0,0,1,raw
829256517,728.0,0,1,raw
829936517,680.0,0,1,raw
830560517,624.0,0,1,raw
831240517,680.0,0,1,raw
831888519,648.0,0,1,raw
832560517,671.0,0,1,raw
833208518,648.0,0,1,raw
833904517,695.0,0,1,raw
834616517,712.0,0,1,raw
835336517,720.0,0,1,raw
836072517,736.0,0,1,raw
836824517,752.0,0,1,raw
837568517,744.0,0,1,raw
838296517,728.0,0,1,raw
839008518,712.0,0,1,raw
839672517,663.0,0,1,raw
840368517,696.0,0,1,raw
841048517,680.0,0,1,raw
841728517,680.0,0,1,raw
842384517,656.0,0,1,raw
843008517,624.0,0,1,raw
843672517,664.0,0,1,raw
844360517,688.0,0,1,raw
845040517,680.0,0,1,raw
845720517,680.0,0,1,raw
846392517,672.0,0,1,raw
847088518,696.0,0,1,raw
847776517,687.0,0,1,raw
848416517,640.0,0,1,raw
849072517,656.0,0,1,raw
849744517,672.0,0,1,raw
850440519,696.0,0,1,raw
851128517,687.0,0,1,raw
851824517,696.0,0,1,raw
852472517,648.0,0,1,raw
853104517,632.0,0,1,raw
853768519,664.0,0,1,raw
854416517,647.0,0,1,raw
855056518,640.0,0,1,raw
855672517,615.0,0,1,raw
856304517,632.0,0,1,raw
856968517,664.0,0,1,raw
857640517,672.0,0,1,raw
858312517,672.0,0,1,raw
858992517,680.0,0,1,raw
859616517,624.0,0,1,raw
860272517,656.0,0,1,raw
860936517,664.0,0,1,raw
861552517,616.0,0,1,raw
862144517,592.0,0,1,raw
862736517,592.0,0,1,raw
863304517,568.0,0,1,raw
863872517,568.0,0,1,raw
864440517,568.0,0,1,raw
865040517,600.0,0,1,raw
865664518,624.0,0,1,raw
866320518,656.0,0,1,raw
866992517,671.0,0,1,raw
867664517,672.0,0,1,raw
868352517,688.0,0,1,raw
869016518,664.0,0,1,raw
869728517,711.0,0,1,raw
870416517,688.0,0,1,raw
871096517,680.0,0,1,raw
871776517,680.0,0,1,raw
872456517,680.0,0,1,raw
873144517,688.0,0,1,raw
873792517,648.0,0,1,raw
874440517,648.0,0,1,raw
875096517,656.0,0,1,raw
875768517,672.0,0,1,raw
876448517,680.0,0,1,raw
877152517,704.0,0,1,raw
877808517,656.0,0,1,raw
878440517,632.0,0,1,raw
879096517,656.0,0,1,raw
879752517,656.0,0,1,raw
880424517,672.0,0,1,raw
881080521,656.0,0,1,raw
881760517,679.0,0,1,raw
882448517,688.0,0,1,raw
883152517,704.0,0,1,raw
883872517,720.0,0,1,raw
884592517,720.0,0,1,raw
885288517,696.0,0,1,raw
886008517,720.0,0,1,raw
886736517,728.0,0,1,raw
887464517,728.0,0,1,raw
888176517,712.0,0,1,raw
888856517,680.0,0,1,raw
889512519,656.0,0,1,raw
890200519,688.0,0,1,raw
890840517,639.0,0,1,raw
891504518,664.0,0,1,raw
892160517,655.0,0,1,raw
892840517,680.0,0,1,raw
893528517,688.0,0,1,raw
894200517,672.0,0,1,raw
894840517,640.0,0,1,raw
895528517,688.0,0,1,raw
896224517,696.0,0,1,raw
896928519,704.0,0,1,raw
897624518,695.0,0,1,raw
898312517,687.0,0,1,raw
899008517,696.0,0,1,raw
899688517,680.0,0,1,raw
900320517,632.0,0,1,raw
900952518,632.0,0,1,raw
901616517,663.0,0,1,raw
902288517,672.0,0,1,raw
902960519,672.0,0,1,raw
903592517,631.0,0,1,raw
904280517,688.0,0,1,raw
904976517,696.0,0,1,raw
905672517,696.0,0,1,raw
906360517,688.0,0,1,raw
907008518,648.0,0,1,raw
907688517,679.0,0,1,raw
908376517,688.0,0,1,raw
909056517,680.0,0,1,raw
909752517,696.0,0,1,raw
910408519,656.0,0,1,raw
911088517,679.0,0,1,raw
911784517,696.0,0,1,raw
912488517,704.0,0,1,raw
913200517,712.0,0,1,raw
913896517,696.0,0,1,raw
914592517,696.0,0,1,raw
915296517,704.0,0,1,raw
916008517,712.0,0,1,raw
916696517,688.0,0,1,raw
917392517,696.0,0,1,raw
918112517,720.0,0,1,raw
918800517,688.0,0,1,raw
919432517,632.0,0,1,raw
920064517,632.0,0,1,raw
920720517,656.0,0,1,raw
921376517,656.0,0,1,raw
922040517,664.0,0,1,raw
922704517,664.0,0,1,raw
923336517,632.0,0,1,raw
924000517,664.0,0,1,raw
924656517,656.0,0,1,raw
925272517,616.0,0,1,raw
925880517,608.0,0,1,raw
926480517,600.0,0,1,raw
927112517,632.0,0,1,raw
927736517,624.0,0,1,raw
928376517,640.0,0,1,raw
929016518,640.0,0,1,raw
929672517,655.0,0,1,raw
930352517,680.0,0,1,raw
931048517,696.0,0,1,raw
931728519,680.0,0,1,raw
932416517,687.0,0,1,raw
933104517,688.0,0,1,raw
933800517,696.0,0,1,raw
934512517,712.0,0,1,raw
935200517,688.0,0,1,raw
935912517,712.0,0,1,raw
936624517,712.0,0,1,raw
937352518,728.0,0,1,raw
938064518,712.0,0,1,raw
938760517,695.0,0,1,raw
939416518,656.0,0,1,raw
940096517,679.0,0,1,raw
940752517,656.0,0,1,raw
941424517,672.0,0,1,raw
942048517,624.0,0,1,raw
942696517,648.0,0,1,raw
943328517,632.0,0,1,raw
943984517,656.0,0,1,raw
944640517,656.0,0,1,raw
945304517,664.0,0,1,raw
945976517,672.0,0,1,raw
946648517,672.0,0,1,raw
947320517,672.0,0,1,raw
947960517,640.0,0,1,raw
948592522,632.0,0,1,raw
949272517,679.0,0,1,raw
949952517,680.0,0,1,raw
950640517,688.0,0,1,raw
951328517,688.0,0,1,raw
952016517,688.0,0,1,raw
