t_us,hr_bpm,time_status,time_validity_reason,rmssd_ms,rmssd_ci_low_ms,rmssd_ci_high_ms,sdnn_ms,pnn50_percent,fiducial_quality_mean,fiducial_uncertainty_p95_ms,fiducial_shift_p95_ms,fiducial_unstable_ratio,frequency_status,frequency_validity_reason,total_power_ms2,vlf_ms2,lf_ms2,hf_ms2,lf_nu,hf_nu,lf_hf,hf_lf,median_frequency_hz,thm_power_ms2,resonance_band_power_ms2,resonance_share,lf_peak_frequency_hz,lf_peak_prominence_ratio,spectral_agreement,spectral_agreement_raw,spectral_shape_agreement,band_power_agreement,interpolation_agreement,sqi,overall_status,detected_artifact_ratio,corrected_ratio,unresolved_suspect_ratio,max_consecutive_artifacts,protocol_error_ratio,protocol_crc_errors,protocol_format_errors,protocol_seq_gaps
32118896108,84.7752185081257,INVALID,有效 NN 不足：29/40；连续有效 NN 对不足：28/30,nan,nan,nan,nan,nan,1.0,7.0,5.1884,0.0,LIMITED,频域窗口积累中：21/300 秒,nan,nan,nan,nan,nan,nan,nan,nan,nan,nan,nan,nan,nan,nan,0.0,0.0,0.0,0.0,0.0,0.9812204567536115,INVALID,0.0,0.0,0.0,0,0.0002729257641921397,0,1,0
32139081409,71.05797027645103,VALID,,26.342575703208016,21.11423750320703,32.018471215222114,59.01858702611745,5.660377358490567,1.0,7.0,107.37284999999834,0.0,LIMITED,频域窗口积累中：41/300 秒,nan,nan,nan,nan,nan,nan,nan,nan,nan,nan,nan,nan,nan,nan,0.0,0.0,0.0,0.0,0.0,0.9917002559181063,LIMITED,0.0,0.0,0.0,0,0.0001599488163787588,0,1,0
32159601413,75.16705878815668,VALID,,26.778762977594198,22.884566053607777,32.22239908987847,60.411013014044464,8.47457627118644,1.0,7.0,4.8882,0.0,LIMITED,频域窗口积累中：61/300 秒,nan,nan,nan,nan,nan,nan,nan,nan,nan,nan,nan,nan,nan,nan,0.0,0.0,0.0,0.0,0.0,0.9991345170775843,LIMITED,0.0,0.0,0.0,0,0.00011309658448314861,0,1,0
32179812381,77.66618297893822,VALID,,22.671400339919035,18.089070006442636,25.123375743156007,44.80819263311484,6.779661016949152,1.0,7.0,302.9139999999999,0.0,LIMITED,频域窗口积累中：82/300 秒,nan,nan,nan,nan,nan,nan,nan,nan,nan,nan,nan,nan,nan,nan,0.0,0.0,0.0,0.0,0.0,0.9992622866147247,LIMITED,0.0,0.0,0.0,0,8.754267705506434e-05,0,1,0
32199973294,76.55267972655383,VALID,,21.870124207408082,18.05820065750509,25.55211915444057,39.32899969803841,1.694915254237288,1.0,7.0,29.359599999999062,0.0,LIMITED,频域窗口积累中：102/300 秒,nan,nan,nan,nan,nan,nan,nan,nan,nan,nan,nan,nan,nan,nan,0.0,0.0,0.0,0.0,0.0,0.9993416541245611,LIMITED,0.0,0.0,0.0,0,7.166917508779473e-05,0,1,0
32220257616,75.62027530821564,VALID,,22.551021270421046,17.558872986989766,26.969950710537255,37.391570244719844,1.694915254237288,1.0,7.0,5.41935,0.0,LIMITED,频域窗口积累中：122/300 秒,nan,nan,nan,nan,nan,nan,nan,nan,nan,nan,nan,nan,nan,nan,0.0,0.0,0.0,0.0,0.0,0.9993967491508977,LIMITED,0.0,0.0,0.0,0,6.0650169820475496e-05,0,1,0
32240669123,89.36710218234462,VALID,,19.785085925634636,15.605768174016792,23.198200847930167,44.59445545790741,0.0,1.0,7.0,5.88315,0.0,LIMITED,频域窗口积累中：142/300 秒,nan,nan,nan,nan,nan,nan,nan,nan,nan,nan,nan,nan,nan,nan,0.0,0.0,0.0,0.0,0.0,0.9994379729588094,LIMITED,0.0,0.0,0.0,0,5.2405408238130174e-05,0,1,0
32260994588,85.36210605388055,VALID,,24.907456845800684,19.814051362347122,29.05893349713964,51.542318936035024,5.084745762711865,1.0,7.0,7.635449999999954,0.0,LIMITED,频域窗口积累中：163/300 秒,nan,nan,nan,nan,nan,nan,nan,nan,nan,nan,nan,nan,nan,nan,0.0,0.0,0.0,0.0,0.0,0.9850343263117811,LIMITED,0.0,0.0,0.0,0,9.225943352707814e-05,1,1,3
32281468208,78.85730507788473,VALID,,24.67294569299522,20.06637501858775,29.79728424879149,48.24705003297572,6.779661016949152,1.0,7.0,6.1446999999999665,0.0,LIMITED,频域窗口积累中：183/300 秒,nan,nan,nan,nan,nan,nan,nan,nan,nan,nan,nan,nan,nan,nan,0.0,0.0,0.0,0.0,0.0,0.9189094878372291,LIMITED,0.0,0.0,0.0,0,8.238928939237898e-05,1,1,3
32302066484,76.93668879878749,VALID,,21.720941297064197,18.20543305167261,25.21136404807388,47.27712618208731,3.389830508474576,1.0,7.0,5.271649999999964,0.0,LIMITED,频域窗口积累中：204/300 秒,nan,nan,nan,nan,nan,nan,nan,nan,nan,nan,nan,nan,nan,nan,0.0,0.0,0.0,0.0,0.0,0.9417434151180653,LIMITED,0.0,0.0,0.0,0,7.438815740534107e-05,1,1,3
32322741345,72.67433057857245,VALID,,22.94061286179113,19.46192008020376,26.151105568219116,29.21681194982748,3.389830508474576,1.0,7.0,4.676349999999999,0.0,LIMITED,频域窗口积累中：225/300 秒,nan,nan,nan,nan,nan,nan,nan,nan,nan,nan,nan,nan,nan,nan,0.0,0.0,0.0,0.0,0.0,0.9963617362801288,LIMITED,0.0,0.0,0.0,0,6.781270131895704e-05,1,1,3
32342909271,76.8955719684882,VALID,,21.56093894648926,18.020591612711225,25.097783469516735,30.233173100244073,3.389830508474576,1.0,7.0,4.717199999999999,0.0,LIMITED,频域窗口积累中：245/300 秒,nan,nan,nan,nan,nan,nan,nan,nan,nan,nan,nan,nan,nan,nan,0.0,0.0,0.0,0.0,0.0,0.999387821933631,LIMITED,0.0,0.0,0.0,0,6.243561327381138e-05,1,1,3
32363422056,87.16647925873626,VALID,,20.036588707932484,17.064966926627,23.33473336776618,48.500128017782004,0.0,1.0,7.0,4.721899999999999,0.0,LIMITED,频域窗口积累中：265/300 秒,nan,nan,nan,nan,nan,nan,nan,nan,nan,nan,nan,nan,nan,nan,0.0,0.0,0.0,0.0,0.0,0.9994112497112497,LIMITED,0.0,0.0,0.0,0,5.775005775005775e-05,1,1,3
32383644101,78.83596076071447,VALID,,20.67496724650532,18.07223401060034,23.444416335737834,41.52851343782546,0.0,1.0,7.0,4.228749999999998,0.0,LIMITED,频域窗口积累中：285/300 秒,nan,nan,nan,nan,nan,nan,nan,nan,nan,nan,nan,nan,nan,nan,0.0,0.0,0.0,0.0,0.0,0.9994309947812988,LIMITED,0.0,0.0,0.0,0,5.380104374024856e-05,1,1,3
32404015557,76.46916380969374,VALID,,21.369699992738813,18.396523041841352,24.544334278039358,37.61574289360953,0.0,1.0,7.0,4.00965,0.0,VALID,,2179.906862318431,1102.780375787047,850.9488446485183,139.41798263225698,85.92259163051196,14.077408369488037,6.10358024540541,0.16383826537756582,0.03804903640478271,300.8396952978136,236.70329491660416,0.23826207266115051,0.04296875,5.368812391457466,0.9199143822491636,0.7802855272893409,0.9255836392999615,0.9066861157973021,0.999954868361661,0.9994486300336837,VALID,0.0,0.0,0.0,0,5.0273993263284905e-05,1,1,3
32424401675,73.32982164965212,VALID,,20.79180863477453,16.99956050454181,23.763377549035205,32.4191929026906,1.694915254237288,1.0,7.0,4.574849999999999,0.0,VALID,,2333.767294515846,1328.863397961053,778.8508057936232,131.06469196901583,85.5959490423796,14.404050957620399,5.9424914070506984,0.16827958704551282,0.031051239039680996,270.5312119034804,223.42232755479264,0.24445880064864417,0.04296875,4.8486649122646295,0.9665652982964491,0.9243946173973762,0.980589670745159,0.933841762582793,0.9999773772618982,0.9994637162704977,VALID,0.0,0.0,0.0,0,4.725674590047729e-05,1,1,3
32444953544,72.18479307025986,VALID,,18.486301173241674,14.539976632222057,22.407827819553585,26.947890969010608,1.694915254237288,1.0,7.0,5.1198,0.0,VALID,,2135.928472502777,1264.1054417820687,655.7074024480596,124.94532428590469,83.99476233066635,16.005237669333646,5.247954704952742,0.19055042511252104,0.02886174092502882,235.82154037484455,192.10569269551894,0.24480676131226853,0.04296875,4.4705421393466125,0.9701285980161842,0.9394193071360782,0.9817570455980672,0.9429955536584576,0.9999767322437045,0.9994774216524217,VALID,0.0,0.0,0.0,0,4.451566951566952e-05,1,1,3
32465098359,72.0055588291416,VALID,,23.241176917455686,18.652763401402662,27.926990145687878,29.869430990378497,3.389830508474576,1.0,7.0,5.122649999999999,0.0,VALID,,1828.0861269070663,1075.1413480933895,550.7994052846923,118.97043490120093,82.23711672831058,17.76288327168941,4.6297166665155425,0.2159959392833922,0.02778331924414324,212.7966407476332,152.74815645464156,0.22694913229105154,0.04296875,5.727707803804516,0.9474041428193563,0.8841789295839116,0.9586059780730708,0.9212665272273559,0.999970927920924,0.9820939660851362,VALID,0.0,0.0,0.0,0,4.213453557208166e-05,1,1,3
32485267201,74.09264297101619,VALID,,24.428195011266695,20.391576058687818,28.921371439873564,29.545885892140937,3.389830508474576,1.0,7.0,5.1141499999999995,0.0,VALID,,1602.9108872987285,882.9686223720951,525.8717377178228,111.53954113628198,82.5011660702333,17.498833929766707,4.714666497285467,0.21210408001833503,0.030708271225853522,211.09842357560817,123.9621712981286,0.19377223276957514,0.04296875,7.797191735695285,0.9617805749180157,0.9093132752787176,0.9686197850455683,0.9458224179537263,0.9999592592183251,0.972434205911149,VALID,0.0,0.0,0.0,0,9.998400255959046e-05,2,3,10
32505399049,77.68549029255061,VALID,,24.16813837490333,18.95566808483043,27.099241524374825,31.77124444967609,3.389830508474576,1.0,7.0,4.7363,0.0,VALID,,1530.2397933118634,763.2507465283969,570.0249541714329,102.82993547614846,84.71736817874546,15.282631821254553,5.543375589335568,0.1803954979929225,0.03914147534319926,223.45435683602403,113.01314250187313,0.16754159638286717,0.04296875,10.403254549325254,0.9778637174340385,0.9208709969351845,0.9789038281854969,0.9754367923473025,0.9999445386737893,0.9992242445002665,VALID,0.0,0.0,0.0,0,9.515109994671538e-05,2,3,10
32525914114,74.97441498088777,VALID,,22.848095713402763,18.789467747153804,27.809994706171892,37.76887864819515,5.084745762711865,1.0,7.0,4.7189499999999995,0.0,VALID,,1489.6944608311887,664.1796703634766,619.099402828776,96.4834772001468,86.51679911679174,13.483200883208257,6.41663651429671,0.15584488817029465,0.04196577910997939,233.5800668076352,118.16260197212844,0.16480606315953011,0.04296875,12.659712700837968,0.9541102809785987,0.8822322984399554,0.9484355633867408,0.9673512886929341,0.9999368566537117,0.9992467401551962,VALID,0.0,0.0,0.0,0,9.065196896076583e-05,2,3,10
32546257247,74.03504572281032,VALID,,22.875129777533132,18.06168758637143,27.064288326241265,37.416313308000156,5.084745762711865,1.0,7.0,4.531149999999999,0.0,LIMITED,受限输出：Welch/Lomb 稳健一致性 89%；频带一致性 88%,1382.8768603257884,554.2579045474008,614.5737259445084,97.80908809172527,86.27015051955613,13.729849480443873,6.283401041099184,0.15914947867549536,0.0436953221156261,233.01815838486246,134.1995711625367,0.18805144301867582,0.04296875,14.150450551972305,0.8852237927366928,0.8073187506009655,0.8890184065563467,0.8763696938241673,0.9999409854570487,0.9956681192717528,LIMITED,0.0,0.0,0.0,0,8.656809446310467e-05,2,3,10
32566502541,74.72408132969012,VALID,,23.08041314437967,19.478386757990254,25.801601836314024,39.822512772402895,3.389830508474576,1.0,7.0,4.531149999999999,0.0,LIMITED,受限输出：频带一致性 89%,1257.4287184570696,484.2855107657846,558.6021167317191,109.59722757479388,83.59812404656894,16.401875953431045,5.096863571211278,0.19619909107403247,0.044373158620337486,224.98946242448653,159.54379152386733,0.23838279727385261,0.04296875,15.618207826900358,0.9316680440000249,0.8434249083501328,0.9479215534805446,0.8937431885454791,0.9999194221645916,0.988488285534029,LIMITED,0.0,0.0,0.0,0,8.291873963515754e-05,2,3,10
32586758544,77.44993507113777,VALID,,25.66984743670536,22.452738191031,28.736146140573464,44.48793710368287,3.389830508474576,1.0,7.0,4.531149999999999,0.0,VALID,,1121.9346379992865,411.24081557054905,502.81704299230387,128.00683005847995,79.70799211522946,20.292007884770538,3.928048548367238,0.25457933823543694,0.04619845609952779,213.31731996349765,181.99029364943098,0.28815405007019085,0.04296875,10.80572366954319,0.9132380253724891,0.7873900021488861,0.9014560456159706,0.9407293114710326,0.9998773864936025,0.9621021895487238,VALID,0.0,0.0,0.0,0,7.956209025523519e-05,2,3,10
32607553050,73.97142730334696,VALID,,24.846918525992074,21.65822848895562,28.245497707176767,34.29257456962479,3.389830508474576,1.0,7.0,4.1854,0.0,VALID,,1010.1685935709393,313.99789185328405,494.35240448232986,149.15454631050588,76.82161068707349,23.17838931292651,3.3143636363131734,0.30171704427471285,0.05585501257329252,194.21125176005438,191.43656437051402,0.2971499800436326,0.0859375,7.893921665062091,0.9300075911357981,0.7972624915637834,0.9266518493437407,0.9378376553172658,0.999741495047413,0.9669270748150515,VALID,0.0,0.0,0.0,0,7.631257631257631e-05,2,3,10
32627805419,74.31481738372209,VALID,,24.326020573988302,20.488578223365895,28.22257008110545,35.2530623593089,3.389830508474576,1.0,7.0,4.013449999999999,0.0,VALID,,1042.619140685552,286.16405439381845,554.6977956750005,163.62364880345174,77.22138882791491,22.778611172085096,3.3900832778843326,0.2949780043822627,0.05677444842940793,172.24870616894626,182.19373212183336,0.25294032373648073,0.0546875,8.326552923797635,0.9116767018709506,0.7333161896089613,0.9138925433239895,0.9065064051471934,0.9996982237059532,0.9897352471609522,VALID,0.0,0.0,0.0,0,7.346243131262672e-05,2,3,10
32648613560,67.94185988576709,VALID,,26.804453742311733,22.666269856934953,31.09473233921417,42.390073780315184,5.084745762711865,1.0,7.0,4.346599999999999,0.0,VALID,,1192.9169591302818,326.647053964266,659.1228288002736,168.99456456937872,79.59292173761366,20.407078262386342,3.9002605230517844,0.2563931291485994,0.05373657242560851,154.75969645423712,162.03851371248612,0.19450492052100057,0.05078125,13.394693267485106,0.9445399151464955,0.8131576841443519,0.9482766216221823,0.9358209333698929,0.9998172691325623,0.9897462380959121,VALID,0.0,0.0,0.0,0,7.07523808176145e-05,2,3,10
32669248726,69.3572662139949,VALID,,31.256068734930704,27.5287025895279,36.10984770159091,38.20972861705119,13.559322033898304,1.0,7.0,4.62665,0.0,VALID,,1364.75401810902,374.61240621574393,779.3873740262692,166.4875122418155,82.398569339473,17.601430660526994,4.681356358393083,0.21361330423118202,0.05203569485860552,147.90664598918858,140.9175060119999,0.14760667444160885,0.05078125,16.950584529011966,0.9259344643057414,0.8337850759106831,0.9256490606435455,0.9266004061841988,0.9998949475796285,0.9993588241716251,VALID,0.0,0.0,0.0,0,6.823516567498226e-05,2,3,10
32689323233,74.4465827157369,VALID,,38.598029862781026,30.805452633125032,46.65194977098495,54.287082525107685,22.033898305084744,1.0,7.0,4.6377,0.0,VALID,,1505.3066705686194,428.1861433150797,871.2561468928544,161.20389947900463,84.3864273445266,15.613572655473403,5.404684066010002,0.18502469113578512,0.0511441629570099,152.78173287139512,130.5202075984873,0.12501649318926913,0.05078125,21.72724214544399,0.9101027533273787,0.8164564103121522,0.9057287514105543,0.9203087577999693,0.9999179261746778,0.9495036180754302,VALID,0.0,0.0,0.0,0,6.594305158065495e-05,2,3,10
32709894893,75.25096195813036,VALID,,51.29579088557141,39.19277359689552,61.73828586222407,74.58938121820863,32.20338983050847,1.0,7.0,24.426999999998984,0.0,VALID,,1594.628249904257,479.4693313469562,920.5009857107045,158.12020772087115,85.34052467318762,14.659475326812387,5.82152653970491,0.17177625029786253,0.050768483738251845,165.288153907753,129.18938328074233,0.11843236929797726,0.05078125,17.976046175191673,0.9375283685262299,0.8311658122577807,0.9317927450536677,0.9509114899622086,0.999905286875158,0.9891811753153177,VALID,0.0,0.0,0.0,0,6.376493693647737e-05,2,3,10
32729974727,72.15762110754733,VALID,,50.566925738008045,39.909528721787986,63.96386935014901,70.84120482040646,27.11864406779661,1.0,7.0,24.426999999998984,0.0,VALID,,1562.6787473691309,462.2491909315523,912.1986109934332,162.1039529702717,84.91077296025627,15.089227039743747,5.62724470488836,0.1777068623177707,0.05148244272921687,180.1189683801776,134.0773785776391,0.12359258876801782,0.05078125,15.364502738991778,0.9362334950124859,0.808791698672318,0.9273840647021692,0.9568821657365582,0.9998460542023522,0.9993911979050867,VALID,0.0,0.0,0.0,0,6.176041898268238e-05,2,3,10
32750733664,64.84944121398154,VALID,,32.563064762010896,26.6218438142925,37.69123574038246,53.4665575689542,11.864406779661017,1.0,7.0,321.35044999999985,0.0,LIMITED,受限输出：Welch/Lomb 稳健一致性 90%,1490.5792342227824,432.5064254636668,858.4928382957481,178.15458178760608,82.8143515011805,17.185648498819504,4.818808641807673,0.20752017237706108,0.05318330884050422,210.56814095890292,152.51876152825344,0.14602940658569297,0.05078125,10.567402917014107,0.8964478132714606,0.7368223697988634,0.86824732106246,0.9622489617591288,0.9997484360457992,0.9994010356126379,LIMITED,0.0,0.0,0.0,0,5.9792877472435484e-05,2,3,10
32771048223,67.32140472843106,VALID,,35.725498064870294,29.243340981186957,42.50267280706716,63.189213475790176,11.864406779661017,1.0,7.0,5.176749999999999,0.0,VALID,,1480.7696672574982,408.41725552352875,833.7594099710345,209.65187941419518,79.90707197180888,20.092928028191118,3.9768754389453,0.2514536890461946,0.06314938721439887,287.22246934529807,218.58784676708206,0.20812930229828966,0.05078125,8.067358829368171,0.9439362208876237,0.7880330702476017,0.9379012150084994,0.9580179012722471,0.9996362697981077,0.9994098522567691,VALID,0.0,0.0,0.0,0,5.802954864617063e-05,2,3,10
32791404080,72.31729938277185,VALID,,32.996739784254906,26.654335114532653,39.993517712420015,54.500611760978465,10.16949152542373,1.0,7.0,4.847099999999999,0.0,VALID,,1709.1288458660042,432.4803408245978,968.9098720405901,265.44858543587765,78.49501627115978,21.504983728840234,3.650084894781412,0.2739662306018462,0.07872167533922311,459.6815089867474,403.33562433400857,0.3247200557007037,0.05078125,5.642586577310162,0.9366054999997824,0.8589772465446898,0.9503810888626041,0.9044624593198654,0.9995194025115814,0.9994183796692652,VALID,0.0,0.0,0.0,0,5.632406614698328e-05,2,3,10
32811508457,68.24261614893268,VALID,,26.614186675339717,22.76254520052764,30.349120413818767,30.777326581494286,3.389830508474576,1.0,7.0,4.51495,0.0,VALID,,2234.033192297132,476.3053463915569,1358.2405210265347,345.3300466689294,79.72904362065371,20.270956379346288,3.9331663552829808,0.2542480814870219,0.08543215065560252,745.7153173015253,738.2377721166046,0.43093952803801405,0.08984375,6.414441244510705,0.9077054899478494,0.8423154941262755,0.9098501487770206,0.9027012860131167,0.9995701694772677,0.9994260093814389,VALID,0.0,0.0,0.0,0,5.4798123712244096e-05,2,3,10
32832214977,72.23867658744491,VALID,,27.460419048551202,23.700144242613078,31.595725707107423,32.81789162390137,6.779661016949152,1.0,7.0,4.886349999999998,0.0,LIMITED,受限输出：Welch/Lomb 稳健一致性 85%；频带一致性 87%,2937.0781295811207,560.38231013133,1895.4016291166033,423.5875113734576,81.73395881949051,18.26604118050949,4.474640017055449,0.22348166471233885,0.08733821334432366,1056.7801247847678,1118.6245243823382,0.48018125822492164,0.0859375,5.982941474124522,0.8518718940051,0.7895926415718408,0.8451918646833797,0.8674586290891142,0.9996771186788822,0.9994338075108873,LIMITED,0.0,0.0,0.0,0,5.323849782254544e-05,2,3,10
32852419304,72.33159697316377,VALID,,28.108950324087775,23.92250345774835,31.517449846677298,37.764125001135824,6.779661016949152,1.0,7.0,4.886349999999998,0.0,LIMITED,受限输出：Welch/Lomb 稳健一致性 83%；频带一致性 83%,3578.750676424938,721.7976068006025,2334.85025962033,468.9547378445857,83.27434546023723,16.725654539762754,4.978839259310592,0.20085002706804952,0.08786843072749137,1262.6255626404547,1374.939991902807,0.48854527716964263,0.0859375,5.757443301158338,0.8315563575092877,0.7789987521066242,0.831104089202958,0.8326116502240571,0.9997453404634709,0.9466682661620932,LIMITED,0.0,0.0,0.0,0,5.182797259336809e-05,2,3,10
32872852072,74.34087521512392,VALID,,30.868222961430916,23.41158490435519,42.083457391159925,51.94817171884949,8.47457627118644,1.0,7.0,4.314999999999999,0.0,INVALID,Welch/Lomb 稳健一致性 73% < 80%；VLF/LF/HF 频带一致性 76% < 82%,nan,nan,nan,nan,nan,nan,nan,nan,nan,nan,nan,nan,nan,nan,0.7320230084833697,0.5982971587215512,0.7190369675425035,0.7623237706787244,0.9997396328440937,0.9364776102500231,LIMITED,0.0,0.0,0.0,0,5.050300997939477e-05,2,3,10
32893049766,75.13938355649731,VALID,,30.927083380763186,22.552283705428295,41.04081333613703,49.04323606946194,8.47457627118644,1.0,7.0,283.02164999999997,0.0,LIMITED,受限输出：Welch/Lomb 稳健一致性 89%；频带一致性 88%,4128.785457461528,1572.2986297883544,2106.042214147996,410.5628972978807,83.68584346306132,16.314156536938686,5.129645732746215,0.1949452363964009,0.0820473495886651,1052.6257881853483,1108.9693157015874,0.4383607327349561,0.0859375,6.104439719847944,0.8864296106506215,0.7566126741192063,0.8896765641954417,0.8788533857127079,0.9997593398450995,0.8932822034335635,LIMITED,0.0,0.0,0.0,0,4.922180328998533e-05,2,3,10
32913159743,64.37208783356812,VALID,,28.128126873713597,23.565726273987636,33.75560022757899,61.46271606939313,5.084745762711865,1.0,7.0,306.0899,0.0,VALID,,3776.704428392362,1870.650148526831,1529.448804583852,338.1597970486336,81.89343330540207,18.10656669459792,4.522858181050686,0.22109912802255813,0.04248391350956658,741.4185900834742,723.1743405963275,0.3834752234299112,0.0859375,6.191831604178843,0.9641803185718439,0.8571178575184935,0.9688407082443766,0.9533060760026013,0.999835402878768,0.8554599731169892,VALID,0.0,0.0,0.0,0,4.8005376602179446e-05,2,3,10
32933700447,71.26491663786376,VALID,,29.80437257676993,24.901299293285593,36.58070205474666,59.42669121526175,8.47457627118644,1.0,7.0,302.54355,0.0,INVALID,VLF/LF/HF 频带一致性 77% < 82%,nan,nan,nan,nan,nan,nan,nan,nan,nan,nan,nan,nan,nan,nan,0.8095949431510312,0.7743957888821135,0.8271014265222876,0.7687464819514332,0.9999014754142159,0.8567038339256196,LIMITED,0.0,0.0,0.0,0,4.68471844842125e-05,2,3,10
32954506152,69.14194842010649,VALID,,29.327404589090452,23.96014876020291,32.55292479874502,54.10637532569026,6.779661016949152,1.0,7.0,303.04184999999995,0.0,INVALID,VLF/LF/HF 频带一致性 74% < 82%,nan,nan,nan,nan,nan,nan,nan,nan,nan,nan,nan,nan,nan,nan,0.8153237362257211,0.7750181225925151,0.8459202081807854,0.7439319683305714,0.9999127985256664,0.813521013258473,LIMITED,0.0,0.0,0.0,0,4.571470367729076e-05,2,3,10
32974673465,75.20040909022545,VALID,,22.895579820612415,20.11077841305288,26.253619986496382,37.996277556466275,1.694915254237288,1.0,7.0,44.49379999999996,0.0,INVALID,VLF/LF/HF 频带一致性 82% < 82%,nan,nan,nan,nan,nan,nan,nan,nan,nan,nan,nan,nan,nan,nan,0.882631195306689,0.7515309908645197,0.9104775639495161,0.8176563351400927,0.9998683576181188,0.751142782620277,LIMITED,0.0,0.0,0.0,0,4.468794408644436e-05,2,3,10
32995388359,70.71835707112852,INVALID,SQI 68% < 70%,nan,nan,nan,nan,nan,1.0,7.0,33.03774999999993,0.0,VALID,,2057.1027287111688,1155.687345062875,692.3870346481965,178.55751814440669,79.4984057742966,20.501594225703407,3.877669458242778,0.2578868598184138,0.03197986652698974,373.1277574655987,119.98259679850557,0.13525884450518696,0.0703125,8.459527476386265,0.9545053204780541,0.8255957250842427,0.9746362967313711,0.9075330425536481,0.9998515766978272,0.6815665015968617,INVALID,0.0,0.0,0.0,0,4.3655159166710324e-05,2,3,10
33015537821,84.4725393853215,INVALID,SQI 61% < 70%,nan,nan,nan,nan,nan,0.9992980039765654,7.0,4.803,0.0,LIMITED,受限输出：频带一致性 90%,2353.1210467162605,1223.3862930422213,920.7339704055041,170.4044720506612,84.38287338982587,15.617126610174118,5.40322656632961,0.18507460083786492,0.036707727242874896,465.3956880496512,149.35006833716807,0.13565904016359512,0.05859375,12.546689411879921,0.9329598021011865,0.7403007768346505,0.9475219343329392,0.8989814935604301,0.9998845451562555,0.605379807770053,INVALID,0.0,0.0,0.0,0,4.270511265608719e-05,2,3,10
33036066056,69.1865164704268,LIMITED,受限输出：未解决异常 3.3% > 2.0%；连续异常搏 2 > 1,27.383053652239532,21.739722122805023,32.413661697603345,64.19186930966292,7.142857142857142,0.9992980039765654,7.0,301.5901999999999,0.0,LIMITED,受限输出：连续异常 2；频带一致性 87%,2923.9815015849126,1497.3655686607885,1189.2840700994022,171.09938283421548,87.42270920267033,12.577290797329669,6.950837872114031,0.14386754782641184,0.03799121305450145,559.8942736506815,208.73182524574867,0.1528792086745691,0.07421875,6.915109205951516,0.9176325666437344,0.7871427370832477,0.9387653121668686,0.8683228270897545,0.9999278544660499,0.725964025736291,LIMITED,0.03333333333333333,0.0,0.03333333333333333,2,4.178296257917871e-05,2,3,10
33056171172,73.77351530800443,INVALID,SQI 61% < 70%,nan,nan,nan,nan,nan,1.0,7.0,328.74115,0.0,LIMITED,受限输出：连续异常 2,3206.7656446862584,1565.2781879468312,1368.540692983077,175.0207397888464,88.66123912706574,11.338760872934268,7.819305841320014,0.12788859015024603,0.04062511432151896,622.3149857477165,270.7605037794144,0.17510978731851654,0.07421875,6.237401763224003,0.9532570132783383,0.8103251504776063,0.955584721672201,0.9478256936926589,0.9999233956179998,0.6066002747560584,INVALID,0.03333333333333333,0.0,0.03333333333333333,2,4.089946094510474e-05,2,3,10
33076588362,74.68966444423421,INVALID,SQI 55% < 70%,nan,nan,nan,nan,nan,1.0,7.0,318.1202,0.0,LIMITED,受限输出：连续异常 2,3145.274053954538,1457.9973478214454,1398.7332706345755,175.83754751036088,88.83266821129571,11.1673317887043,7.954690510865763,0.12571199327416235,0.04315742505771357,637.112184729302,314.59317779562986,0.1995010350142727,0.07421875,5.178462940821754,0.9228735878391678,0.813870780829798,0.9137446180719426,0.9441745172960267,0.9999051532197166,0.5494996361392288,INVALID,0.03333333333333333,0.0,0.03333333333333333,2,4.0072772154232086e-05,2,3,10
33097058769,72.06280994514819,VALID,,22.79790626202773,20.462447641585516,25.53951654867353,28.25536818381786,1.694915254237288,1.0,7.0,301.84175,0.0,LIMITED,受限输出：连续异常 2,2865.9935796489644,1294.1289463689798,1295.3456377151879,169.58324379668719,88.42378999165685,11.57621000834316,7.638405827807927,0.13091736974218618,0.04473305737165196,602.4304639353006,338.090724077582,0.23031908674203672,0.05078125,5.732732761541328,0.9063466758688961,0.8016527965455262,0.8901873584075679,0.9440517499453289,0.9998952958802829,0.7973037923023796,LIMITED,0.0,0.0,0.0,0,3.924153952407861e-05,2,3,10
33117518792,82.89078862296296,INVALID,SQI 64% < 70%,nan,nan,nan,nan,nan,1.0,7.0,319.28215,0.0,LIMITED,受限输出：连续异常 2,2724.574434983227,1304.287025098706,1178.479717566196,156.4056923727077,88.28321208635681,11.71678791364318,7.53476232027369,0.1327181877136738,0.04183943466384662,553.5986201015775,379.0781954685733,0.2831689180831556,0.05078125,9.394801424217636,0.9271548948989007,0.7247849571921025,0.933505906556036,0.9123358676989184,0.9998940585519136,0.6426028728447712,INVALID,0.0,0.0,0.0,0,3.846035506599797e-05,2,3,10
33138200445,74.91506504500522,INVALID,SQI 55% < 70%,nan,nan,nan,nan,nan,1.0,7.0,308.23074999999994,0.0,INVALID,SQI 74% < 75%,nan,nan,nan,nan,nan,nan,nan,nan,nan,nan,nan,nan,nan,nan,0.9612677438474112,0.7443765913255413,0.9745305695030854,0.9303211506508384,0.9999152482329163,0.5454737437119607,INVALID,0.0,0.0,0.0,0,4.5251257607867686e-05,3,3,13
33158202383,73.5436518345464,INVALID,SQI 55% < 70%,nan,nan,nan,nan,nan,1.0,7.0,57.740399999999354,0.0,INVALID,SQI 72% < 75%,nan,nan,nan,nan,nan,nan,nan,nan,nan,nan,nan,nan,nan,nan,0.9698275963899308,0.8173463352409813,0.9774017043830607,0.9521546777392941,0.9999262091483633,0.5454790349426462,INVALID,0.0,0.0,0.0,0,4.440628793037094e-05,3,3,13
33178311076,84.84810774578376,INVALID,SQI 55% < 70%,nan,nan,nan,nan,nan,1.0,7.0,318.7181,0.0,INVALID,SQI 68% < 75%,nan,nan,nan,nan,nan,nan,nan,nan,nan,nan,nan,nan,nan,nan,0.9337489732591053,0.8522064196038768,0.9391989830171149,0.92103228382375,0.9999370606730803,0.5494821493148596,INVALID,0.0,0.0,0.0,0,4.357013702808095e-05,3,3,13
33198567391,74.55768652469226,INVALID,SQI 55% < 70%,nan,nan,nan,nan,nan,1.0,7.0,318.7181,0.0,INVALID,SQI 66% < 75%,nan,nan,nan,nan,nan,nan,nan,nan,nan,nan,nan,nan,nan,nan,0.9516502251986106,0.8427627824500004,0.9439130298497851,0.9697036810125371,0.9999414370117069,0.5494860642235201,INVALID,0.0,0.0,0.0,0,4.2787155295980145e-05,3,3,13
33218974391,72.33604432752796,INVALID,SQI 56% < 70%,nan,nan,nan,nan,nan,1.0,7.0,5.185199999999995,0.0,INVALID,SQI 64% < 75%,nan,nan,nan,nan,nan,nan,nan,nan,nan,nan,nan,nan,nan,nan,0.9602593581312531,0.8908096110282687,0.9742228586155646,0.927677857001193,0.9999556977138453,0.5592073511352456,INVALID,0.0,0.0,0.0,0,4.201151115405621e-05,3,3,13
33239567157,74.68092574475553,INVALID,SQI 55% < 70%,nan,nan,nan,nan,nan,1.0,7.0,278.62905,0.0,INVALID,SQI 62% < 75%,nan,nan,nan,nan,nan,nan,nan,nan,nan,nan,nan,nan,nan,nan,0.9668765885755825,0.9247809262981953,0.9702814139289797,0.9589319960843224,0.9999680958400794,0.5494936868165876,INVALID,0.0,0.0,0.0,0,4.126263668248401e-05,3,3,13
33259851926,74.32227376609542,INVALID,SQI 55% < 70%,nan,nan,nan,nan,nan,1.0,7.0,290.1704,0.0,INVALID,SQI 60% < 75%,nan,nan,nan,nan,nan,nan,nan,nan,nan,nan,nan,nan,nan,nan,0.9577832711098546,0.912490146524743,0.9779510034376739,0.9107252290116098,0.9999805788893872,0.5494972918186978,INVALID,0.0,0.0,0.0,0,4.0541636260439473e-05,3,3,13
33280368723,75.10824976497376,INVALID,SQI 55% < 70%,nan,nan,nan,nan,nan,1.0,7.0,293.56084999999996,0.0,INVALID,SQI 58% < 75%,nan,nan,nan,nan,nan,nan,nan,nan,nan,nan,nan,nan,nan,nan,0.9513247073015182,0.904803934068766,0.9708745161709169,0.9057084866062548,0.9999816909576615,0.5495007809387202,INVALID,0.0,0.0,0.0,0,3.984381225595665e-05,3,3,13
33300493432,74.46626305952088,INVALID,SQI 55% < 70%,nan,nan,nan,nan,nan,1.0,7.0,294.5878,0.0,INVALID,SQI 58% < 75%,nan,nan,nan,nan,nan,nan,nan,nan,nan,nan,nan,nan,nan,nan,0.9514558523728127,0.8359066377362852,0.9710721955789893,0.9056843848917342,0.999978801626531,0.5495041481423452,INVALID,0.0,0.0,0.0,0,3.9170371530973974e-05,3,3,13
33320866895,77.62297743629418,INVALID,SQI 55% < 70%,nan,nan,nan,nan,nan,1.0,7.0,294.5878,0.0,INVALID,SQI 55% < 75%,nan,nan,nan,nan,nan,nan,nan,nan,nan,nan,nan,nan,nan,nan,0.9631868281580249,0.8987460167481001,0.9808019295120605,0.922084924998609,0.9999697685903158,0.5495073279599242,INVALID,0.0,0.0,0.0,0,3.8534408015156865e-05,3,3,13
33340916207,70.19341796319759,INVALID,SQI 55% < 70%,nan,nan,nan,nan,nan,1.0,7.0,286.88,0.0,INVALID,SQI 55% < 75%,nan,nan,nan,nan,nan,nan,nan,nan,nan,nan,nan,nan,nan,nan,0.9791134235152334,0.8731752260698773,0.9816733731413486,0.9731402077209648,0.9999365757456103,0.5495104073713614,INVALID,0.0,0.0,0.0,0,3.7918525727719705e-05,3,3,13
33361209804,72.35410097014791,INVALID,SQI 54% < 70%,nan,nan,nan,nan,nan,1.0,7.0,284.29185,0.0,INVALID,SQI 55% < 75%,nan,nan,nan,nan,nan,nan,nan,nan,nan,nan,nan,nan,nan,nan,0.9524421738154851,0.7970392173437352,0.948089395833821,0.9625986557727017,0.9998326557262659,0.5445014812734945,INVALID,0.0,0.0,0.0,0,3.730438513047209e-05,3,3,13
33378260723,75.10458313201133,INVALID,SQI 53% < 70%,nan,nan,nan,nan,nan,1.0,7.0,280.7036,0.0,INVALID,SQI 55% < 75%,nan,nan,nan,nan,nan,nan,nan,nan,nan,nan,nan,nan,nan,nan,0.9467923222530832,0.7375570134830345,0.9344644187876202,0.9755574303391636,0.9997501346393477,0.5337316207952532,INVALID,0.0,0.0,0.0,0,5.553224572401708e-05,5,4,21
