t_us,score_t_us,latest_data_t_us,baseline_version,uses_future_data
483042043,483042043,483042043,0,0
483042043,483042043,503840304,0,1
503840304,503840304,503840304,0,0
483042043,483042043,523954424,0,1
503840304,503840304,523954424,0,1
523954424,523954424,523954424,0,0
483042043,483042043,544120304,0,1
503840304,503840304,544120304,0,1
523954424,523954424,544120304,0,1
544120304,544120304,544120304,0,0
483042043,483042043,564280953,503840304,1
503840304,503840304,564280953,503840304,1
523954424,523954424,564280953,503840304,1
544120304,544120304,564280953,503840304,1
564280953,564280953,564280953,503840304,0
483042043,483042043,584359045,503840304,1
503840304,503840304,584359045,503840304,1
523954424,523954424,584359045,503840304,1
544120304,544120304,584359045,503840304,1
564280953,564280953,584359045,503840304,1
584359045,584359045,584359045,503840304,0
483042043,483042043,604537710,503840304,1
503840304,503840304,604537710,503840304,1
523954424,523954424,604537710,503840304,1
544120304,544120304,604537710,503840304,1
564280953,564280953,604537710,503840304,1
584359045,584359045,604537710,503840304,1
604537710,604537710,604537710,503840304,0
483042043,483042043,625119245,503840304,1
503840304,503840304,625119245,503840304,1
523954424,523954424,625119245,503840304,1
544120304,544120304,625119245,503840304,1
564280953,564280953,625119245,503840304,1
584359045,584359045,625119245,503840304,1
604537710,604537710,625119245,503840304,1
625119245,625119245,625119245,503840304,0
483042043,483042043,645431581,503840304,1
503840304,503840304,645431581,503840304,1
523954424,523954424,645431581,503840304,1
544120304,544120304,645431581,503840304,1
564280953,564280953,645431581,503840304,1
584359045,584359045,645431581,503840304,1
604537710,604537710,645431581,503840304,1
625119245,625119245,645431581,503840304,1
645431581,645431581,645431581,503840304,0
483042043,483042043,665822658,503840304,1
503840304,503840304,665822658,503840304,1
523954424,523954424,665822658,503840304,1
544120304,544120304,665822658,503840304,1
564280953,564280953,665822658,503840304,1
584359045,584359045,665822658,503840304,1
604537710,604537710,665822658,503840304,1
625119245,625119245,665822658,503840304,1
645431581,645431581,665822658,503840304,1
665822658,665822658,665822658,503840304,0
483042043,483042043,686201757,625119245,1
503840304,503840304,686201757,625119245,1
523954424,523954424,686201757,625119245,1
544120304,544120304,686201757,625119245,1
564280953,564280953,686201757,625119245,1
584359045,584359045,686201757,625119245,1
604537710,604537710,686201757,625119245,1
625119245,625119245,686201757,625119245,1
645431581,645431581,686201757,625119245,1
665822658,665822658,686201757,625119245,1
686201757,686201757,686201757,625119245,0
483042043,483042043,706364932,625119245,1
503840304,503840304,706364932,625119245,1
523954424,523954424,706364932,625119245,1
544120304,544120304,706364932,625119245,1
564280953,564280953,706364932,625119245,1
584359045,584359045,706364932,625119245,1
604537710,604537710,706364932,625119245,1
625119245,625119245,706364932,625119245,1
645431581,645431581,706364932,625119245,1
665822658,665822658,706364932,625119245,1
686201757,686201757,706364932,625119245,1
706364932,706364932,706364932,625119245,0
483042043,483042043,726833293,625119245,1
503840304,503840304,726833293,625119245,1
523954424,523954424,726833293,625119245,1
544120304,544120304,726833293,625119245,1
564280953,564280953,726833293,625119245,1
584359045,584359045,726833293,625119245,1
604537710,604537710,726833293,625119245,1
625119245,625119245,726833293,625119245,1
645431581,645431581,726833293,625119245,1
665822658,665822658,726833293,625119245,1
686201757,686201757,726833293,625119245,1
706364932,706364932,726833293,625119245,1
726833293,726833293,726833293,625119245,0
483042043,483042043,746925046,625119245,1
503840304,503840304,746925046,625119245,1
523954424,523954424,746925046,625119245,1
544120304,544120304,746925046,625119245,1
564280953,564280953,746925046,625119245,1
584359045,584359045,746925046,625119245,1
604537710,604537710,746925046,625119245,1
625119245,625119245,746925046,625119245,1
645431581,645431581,746925046,625119245,1
665822658,665822658,746925046,625119245,1
686201757,686201757,746925046,625119245,1
706364932,706364932,746925046,625119245,1
726833293,726833293,746925046,625119245,1
746925046,746925046,746925046,625119245,0
483042043,483042043,766966843,625119245,1
503840304,503840304,766966843,625119245,1
523954424,523954424,766966843,625119245,1
544120304,544120304,766966843,625119245,1
564280953,564280953,766966843,625119245,1
584359045,584359045,766966843,625119245,1
604537710,604537710,766966843,625119245,1
625119245,625119245,766966843,625119245,1
645431581,645431581,766966843,625119245,1
665822658,665822658,766966843,625119245,1
686201757,686201757,766966843,625119245,1
706364932,706364932,766966843,625119245,1
726833293,726833293,766966843,625119245,1
746925046,746925046,766966843,625119245,1
766966843,766966843,766966843,625119245,0
483042043,483042043,786988043,625119245,1
503840304,503840304,786988043,625119245,1
523954424,523954424,786988043,625119245,1
544120304,544120304,786988043,625119245,1
564280953,564280953,786988043,625119245,1
584359045,584359045,786988043,625119245,1
604537710,604537710,786988043,625119245,1
625119245,625119245,786988043,625119245,1
645431581,645431581,786988043,625119245,1
665822658,665822658,786988043,625119245,1
686201757,686201757,786988043,625119245,1
706364932,706364932,786988043,625119245,1
726833293,726833293,786988043,625119245,1
746925046,746925046,786988043,625119245,1
766966843,766966843,786988043,625119245,1
786988043,786988043,786988043,625119245,0
483042043,483042043,807604900,746925046,1
503840304,503840304,807604900,746925046,1
523954424,523954424,807604900,746925046,1
544120304,544120304,807604900,746925046,1
564280953,564280953,807604900,746925046,1
584359045,584359045,807604900,746925046,1
604537710,604537710,807604900,746925046,1
625119245,625119245,807604900,746925046,1
645431581,645431581,807604900,746925046,1
665822658,665822658,807604900,746925046,1
686201757,686201757,807604900,746925046,1
706364932,706364932,807604900,746925046,1
726833293,726833293,807604900,746925046,1
746925046,746925046,807604900,746925046,1
766966843,766966843,807604900,746925046,1
786988043,786988043,807604900,746925046,1
807604900,807604900,807604900,746925046,0
483042043,483042043,828282576,746925046,1
503840304,503840304,828282576,746925046,1
523954424,523954424,828282576,746925046,1
544120304,544120304,828282576,746925046,1
564280953,564280953,828282576,746925046,1
584359045,584359045,828282576,746925046,1
604537710,604537710,828282576,746925046,1
625119245,625119245,828282576,746925046,1
645431581,645431581,828282576,746925046,1
665822658,665822658,828282576,746925046,1
686201757,686201757,828282576,746925046,1
706364932,706364932,828282576,746925046,1
726833293,726833293,828282576,746925046,1
746925046,746925046,828282576,746925046,1
766966843,766966843,828282576,746925046,1
786988043,786988043,828282576,746925046,1
807604900,807604900,828282576,746925046,1
828282576,828282576,828282576,746925046,0
483042043,483042043,848472495,746925046,1
503840304,503840304,848472495,746925046,1
523954424,523954424,848472495,746925046,1
544120304,544120304,848472495,746925046,1
564280953,564280953,848472495,746925046,1
584359045,584359045,848472495,746925046,1
604537710,604537710,848472495,746925046,1
625119245,625119245,848472495,746925046,1
645431581,645431581,848472495,746925046,1
665822658,665822658,848472495,746925046,1
686201757,686201757,848472495,746925046,1
706364932,706364932,848472495,746925046,1
726833293,726833293,848472495,746925046,1
746925046,746925046,848472495,746925046,1
766966843,766966843,848472495,746925046,1
786988043,786988043,848472495,746925046,1
807604900,807604900,848472495,746925046,1
828282576,828282576,848472495,746925046,1
848472495,848472495,848472495,746925046,0
483042043,483042043,869023836,746925046,1
503840304,503840304,869023836,746925046,1
523954424,523954424,869023836,746925046,1
544120304,544120304,869023836,746925046,1
564280953,564280953,869023836,746925046,1
584359045,584359045,869023836,746925046,1
604537710,604537710,869023836,746925046,1
625119245,625119245,869023836,746925046,1
645431581,645431581,869023836,746925046,1
665822658,665822658,869023836,746925046,1
686201757,686201757,869023836,746925046,1
706364932,706364932,869023836,746925046,1
726833293,726833293,869023836,746925046,1
746925046,746925046,869023836,746925046,1
766966843,766966843,869023836,746925046,1
786988043,786988043,869023836,746925046,1
807604900,807604900,869023836,746925046,1
828282576,828282576,869023836,746925046,1
848472495,848472495,869023836,746925046,1
869023836,869023836,869023836,746925046,0
483042043,483042043,889076043,746925046,1
503840304,503840304,889076043,746925046,1
523954424,523954424,889076043,746925046,1
544120304,544120304,889076043,746925046,1
564280953,564280953,889076043,746925046,1
584359045,584359045,889076043,746925046,1
604537710,604537710,889076043,746925046,1
625119245,625119245,889076043,746925046,1
645431581,645431581,889076043,746925046,1
665822658,665822658,889076043,746925046,1
686201757,686201757,889076043,746925046,1
706364932,706364932,889076043,746925046,1
726833293,726833293,889076043,746925046,1
746925046,746925046,889076043,746925046,1
766966843,766966843,889076043,746925046,1
786988043,786988043,889076043,746925046,1
807604900,807604900,889076043,746925046,1
828282576,828282576,889076043,746925046,1
848472495,848472495,889076043,746925046,1
869023836,869023836,889076043,746925046,1
889076043,889076043,889076043,746925046,0
483042043,483042043,909677398,746925046,1
503840304,503840304,909677398,746925046,1
523954424,523954424,909677398,746925046,1
544120304,544120304,909677398,746925046,1
564280953,564280953,909677398,746925046,1
584359045,584359045,909677398,746925046,1
604537710,604537710,909677398,746925046,1
625119245,625119245,909677398,746925046,1
645431581,645431581,909677398,746925046,1
665822658,665822658,909677398,746925046,1
686201757,686201757,909677398,746925046,1
706364932,706364932,909677398,746925046,1
726833293,726833293,909677398,746925046,1
746925046,746925046,909677398,746925046,1
766966843,766966843,909677398,746925046,1
786988043,786988043,909677398,746925046,1
807604900,807604900,909677398,746925046,1
828282576,828282576,909677398,746925046,1
848472495,848472495,909677398,746925046,1
869023836,869023836,909677398,746925046,1
889076043,889076043,909677398,746925046,1
909677398,909677398,909677398,746925046,0
483042043,483042043,930305527,869023836,1
503840304,503840304,930305527,869023836,1
523954424,523954424,930305527,869023836,1
544120304,544120304,930305527,869023836,1
564280953,564280953,930305527,869023836,1
584359045,584359045,930305527,869023836,1
604537710,604537710,930305527,869023836,1
625119245,625119245,930305527,869023836,1
645431581,645431581,930305527,869023836,1
665822658,665822658,930305527,869023836,1
686201757,686201757,930305527,869023836,1
706364932,706364932,930305527,869023836,1
726833293,726833293,930305527,869023836,1
746925046,746925046,930305527,869023836,1
766966843,766966843,930305527,869023836,1
786988043,786988043,930305527,869023836,1
807604900,807604900,930305527,869023836,1
828282576,828282576,930305527,869023836,1
848472495,848472495,930305527,869023836,1
869023836,869023836,930305527,869023836,1
889076043,889076043,930305527,869023836,1
909677398,909677398,930305527,869023836,1
930305527,930305527,930305527,869023836,0
483042043,483042043,950310151,869023836,1
503840304,503840304,950310151,869023836,1
523954424,523954424,950310151,869023836,1
544120304,544120304,950310151,869023836,1
564280953,564280953,950310151,869023836,1
584359045,584359045,950310151,869023836,1
604537710,604537710,950310151,869023836,1
625119245,625119245,950310151,869023836,1
645431581,645431581,950310151,869023836,1
665822658,665822658,950310151,869023836,1
686201757,686201757,950310151,869023836,1
706364932,706364932,950310151,869023836,1
726833293,726833293,950310151,869023836,1
746925046,746925046,950310151,869023836,1
766966843,766966843,950310151,869023836,1
786988043,786988043,950310151,869023836,1
807604900,807604900,950310151,869023836,1
828282576,828282576,950310151,869023836,1
848472495,848472495,950310151,869023836,1
869023836,869023836,950310151,869023836,1
889076043,889076043,950310151,869023836,1
909677398,909677398,950310151,869023836,1
930305527,930305527,950310151,869023836,1
950310151,950310151,950310151,869023836,0
483042043,483042043,970680359,869023836,1
503840304,503840304,970680359,869023836,1
523954424,523954424,970680359,869023836,1
544120304,544120304,970680359,869023836,1
564280953,564280953,970680359,869023836,1
584359045,584359045,970680359,869023836,1
604537710,604537710,970680359,869023836,1
625119245,625119245,970680359,869023836,1
645431581,645431581,970680359,869023836,1
665822658,665822658,970680359,869023836,1
686201757,686201757,970680359,869023836,1
706364932,706364932,970680359,869023836,1
726833293,726833293,970680359,869023836,1
746925046,746925046,970680359,869023836,1
766966843,766966843,970680359,869023836,1
786988043,786988043,970680359,869023836,1
807604900,807604900,970680359,869023836,1
828282576,828282576,970680359,869023836,1
848472495,848472495,970680359,869023836,1
869023836,869023836,970680359,869023836,1
889076043,889076043,970680359,869023836,1
909677398,909677398,970680359,869023836,1
930305527,930305527,970680359,869023836,1
950310151,950310151,970680359,869023836,1
970680359,970680359,970680359,869023836,0
483042043,483042043,991082278,869023836,1
503840304,503840304,991082278,869023836,1
523954424,523954424,991082278,869023836,1
544120304,544120304,991082278,869023836,1
564280953,564280953,991082278,869023836,1
584359045,584359045,991082278,869023836,1
604537710,604537710,991082278,869023836,1
625119245,625119245,991082278,869023836,1
645431581,645431581,991082278,869023836,1
665822658,665822658,991082278,869023836,1
686201757,686201757,991082278,869023836,1
706364932,706364932,991082278,869023836,1
726833293,726833293,991082278,869023836,1
746925046,746925046,991082278,869023836,1
766966843,766966843,991082278,869023836,1
786988043,786988043,991082278,869023836,1
807604900,807604900,991082278,869023836,1
828282576,828282576,991082278,869023836,1
848472495,848472495,991082278,869023836,1
869023836,869023836,991082278,869023836,1
889076043,889076043,991082278,869023836,1
909677398,909677398,991082278,869023836,1
930305527,930305527,991082278,869023836,1
950310151,950310151,991082278,869023836,1
970680359,970680359,991082278,869023836,1
991082278,991082278,991082278,869023836,0
483042043,483042043,1011253337,869023836,1
503840304,503840304,1011253337,869023836,1
523954424,523954424,1011253337,869023836,1
544120304,544120304,1011253337,869023836,1
564280953,564280953,1011253337,869023836,1
584359045,584359045,1011253337,869023836,1
604537710,604537710,1011253337,869023836,1
625119245,625119245,1011253337,869023836,1
645431581,645431581,1011253337,869023836,1
665822658,665822658,1011253337,869023836,1
686201757,686201757,1011253337,869023836,1
706364932,706364932,1011253337,869023836,1
726833293,726833293,1011253337,869023836,1
746925046,746925046,1011253337,869023836,1
766966843,766966843,1011253337,869023836,1
786988043,786988043,1011253337,869023836,1
807604900,807604900,1011253337,869023836,1
828282576,828282576,1011253337,869023836,1
848472495,848472495,1011253337,869023836,1
869023836,869023836,1011253337,869023836,1
889076043,889076043,1011253337,869023836,1
909677398,909677398,1011253337,869023836,1
930305527,930305527,1011253337,869023836,1
950310151,950310151,1011253337,869023836,1
970680359,970680359,1011253337,869023836,1
991082278,991082278,1011253337,869023836,1
1011253337,1011253337,1011253337,869023836,0
483042043,483042043,1031855619,869023836,1
503840304,503840304,1031855619,869023836,1
523954424,523954424,1031855619,869023836,1
544120304,544120304,1031855619,869023836,1
564280953,564280953,1031855619,869023836,1
584359045,584359045,1031855619,869023836,1
604537710,604537710,1031855619,869023836,1
625119245,625119245,1031855619,869023836,1
645431581,645431581,1031855619,869023836,1
665822658,665822658,1031855619,869023836,1
686201757,686201757,1031855619,869023836,1
706364932,706364932,1031855619,869023836,1
726833293,726833293,1031855619,869023836,1
746925046,746925046,1031855619,869023836,1
766966843,766966843,1031855619,869023836,1
786988043,786988043,1031855619,869023836,1
807604900,807604900,1031855619,869023836,1
828282576,828282576,1031855619,869023836,1
848472495,848472495,1031855619,869023836,1
869023836,869023836,1031855619,869023836,1
889076043,889076043,1031855619,869023836,1
909677398,909677398,1031855619,869023836,1
930305527,930305527,1031855619,869023836,1
950310151,950310151,1031855619,869023836,1
970680359,970680359,1031855619,869023836,1
991082278,991082278,1031855619,869023836,1
1011253337,1011253337,1031855619,869023836,1
1031855619,1031855619,1031855619,869023836,0
483042043,483042043,1052169293,991082278,1
503840304,503840304,1052169293,991082278,1
523954424,523954424,1052169293,991082278,1
544120304,544120304,1052169293,991082278,1
564280953,564280953,1052169293,991082278,1
584359045,584359045,1052169293,991082278,1
604537710,604537710,1052169293,991082278,1
625119245,625119245,1052169293,991082278,1
645431581,645431581,1052169293,991082278,1
665822658,665822658,1052169293,991082278,1
686201757,686201757,1052169293,991082278,1
706364932,706364932,1052169293,991082278,1
726833293,726833293,1052169293,991082278,1
746925046,746925046,1052169293,991082278,1
766966843,766966843,1052169293,991082278,1
786988043,786988043,1052169293,991082278,1
807604900,807604900,1052169293,991082278,1
828282576,828282576,1052169293,991082278,1
848472495,848472495,1052169293,991082278,1
869023836,869023836,1052169293,991082278,1
889076043,889076043,1052169293,991082278,1
909677398,909677398,1052169293,991082278,1
930305527,930305527,1052169293,991082278,1
950310151,950310151,1052169293,991082278,1
970680359,970680359,1052169293,991082278,1
991082278,991082278,1052169293,991082278,1
1011253337,1011253337,1052169293,991082278,1
1031855619,1031855619,1052169293,991082278,1
1052169293,1052169293,1052169293,991082278,0
483042043,483042043,1072627154,991082278,1
503840304,503840304,1072627154,991082278,1
523954424,523954424,1072627154,991082278,1
544120304,544120304,1072627154,991082278,1
564280953,564280953,1072627154,991082278,1
584359045,584359045,1072627154,991082278,1
604537710,604537710,1072627154,991082278,1
625119245,625119245,1072627154,991082278,1
645431581,645431581,1072627154,991082278,1
665822658,665822658,1072627154,991082278,1
686201757,686201757,1072627154,991082278,1
706364932,706364932,1072627154,991082278,1
726833293,726833293,1072627154,991082278,1
746925046,746925046,1072627154,991082278,1
766966843,766966843,1072627154,991082278,1
786988043,786988043,1072627154,991082278,1
807604900,807604900,1072627154,991082278,1
828282576,828282576,1072627154,991082278,1
848472495,848472495,1072627154,991082278,1
869023836,869023836,1072627154,991082278,1
889076043,889076043,1072627154,991082278,1
909677398,909677398,1072627154,991082278,1
930305527,930305527,1072627154,991082278,1
950310151,950310151,1072627154,991082278,1
970680359,970680359,1072627154,991082278,1
991082278,991082278,1072627154,991082278,1
1011253337,1011253337,1072627154,991082278,1
1031855619,1031855619,1072627154,991082278,1
1052169293,1052169293,1072627154,991082278,1
1072627154,1072627154,1072627154,991082278,0
483042043,483042043,1093116421,991082278,1
503840304,503840304,1093116421,991082278,1
523954424,523954424,1093116421,991082278,1
544120304,544120304,1093116421,991082278,1
564280953,564280953,1093116421,991082278,1
584359045,584359045,1093116421,991082278,1
604537710,604537710,1093116421,991082278,1
625119245,625119245,1093116421,991082278,1
645431581,645431581,1093116421,991082278,1
665822658,665822658,1093116421,991082278,1
686201757,686201757,1093116421,991082278,1
706364932,706364932,1093116421,991082278,1
726833293,726833293,1093116421,991082278,1
746925046,746925046,1093116421,991082278,1
766966843,766966843,1093116421,991082278,1
786988043,786988043,1093116421,991082278,1
807604900,807604900,1093116421,991082278,1
828282576,828282576,1093116421,991082278,1
848472495,848472495,1093116421,991082278,1
869023836,869023836,1093116421,991082278,1
889076043,889076043,1093116421,991082278,1
909677398,909677398,1093116421,991082278,1
930305527,930305527,1093116421,991082278,1
950310151,950310151,1093116421,991082278,1
970680359,970680359,1093116421,991082278,1
991082278,991082278,1093116421,991082278,1
1011253337,1011253337,1093116421,991082278,1
1031855619,1031855619,1093116421,991082278,1
1052169293,1052169293,1093116421,991082278,1
1072627154,1072627154,1093116421,991082278,1
1093116421,1093116421,1093116421,991082278,0
483042043,483042043,1113270157,991082278,1
503840304,503840304,1113270157,991082278,1
523954424,523954424,1113270157,991082278,1
544120304,544120304,1113270157,991082278,1
564280953,564280953,1113270157,991082278,1
584359045,584359045,1113270157,991082278,1
604537710,604537710,1113270157,991082278,1
625119245,625119245,1113270157,991082278,1
645431581,645431581,1113270157,991082278,1
665822658,665822658,1113270157,991082278,1
686201757,686201757,1113270157,991082278,1
706364932,706364932,1113270157,991082278,1
726833293,726833293,1113270157,991082278,1
746925046,746925046,1113270157,991082278,1
766966843,766966843,1113270157,991082278,1
786988043,786988043,1113270157,991082278,1
807604900,807604900,1113270157,991082278,1
828282576,828282576,1113270157,991082278,1
848472495,848472495,1113270157,991082278,1
869023836,869023836,1113270157,991082278,1
889076043,889076043,1113270157,991082278,1
909677398,909677398,1113270157,991082278,1
930305527,930305527,1113270157,991082278,1
950310151,950310151,1113270157,991082278,1
970680359,970680359,1113270157,991082278,1
991082278,991082278,1113270157,991082278,1
1011253337,1011253337,1113270157,991082278,1
1031855619,1031855619,1113270157,991082278,1
1052169293,1052169293,1113270157,991082278,1
1072627154,1072627154,1113270157,991082278,1
1093116421,1093116421,1113270157,991082278,1
1113270157,1113270157,1113270157,991082278,0
483042043,483042043,1133759761,991082278,1
503840304,503840304,1133759761,991082278,1
523954424,523954424,1133759761,991082278,1
544120304,544120304,1133759761,991082278,1
564280953,564280953,1133759761,991082278,1
584359045,584359045,1133759761,991082278,1
604537710,604537710,1133759761,991082278,1
625119245,625119245,1133759761,991082278,1
645431581,645431581,1133759761,991082278,1
665822658,665822658,1133759761,991082278,1
686201757,686201757,1133759761,991082278,1
706364932,706364932,1133759761,991082278,1
726833293,726833293,1133759761,991082278,1
746925046,746925046,1133759761,991082278,1
766966843,766966843,1133759761,991082278,1
786988043,786988043,1133759761,991082278,1
807604900,807604900,1133759761,991082278,1
828282576,828282576,1133759761,991082278,1
848472495,848472495,1133759761,991082278,1
869023836,869023836,1133759761,991082278,1
889076043,889076043,1133759761,991082278,1
909677398,909677398,1133759761,991082278,1
930305527,930305527,1133759761,991082278,1
950310151,950310151,1133759761,991082278,1
970680359,970680359,1133759761,991082278,1
991082278,991082278,1133759761,991082278,1
1011253337,1011253337,1133759761,991082278,1
1031855619,1031855619,1133759761,991082278,1
1052169293,1052169293,1133759761,991082278,1
1072627154,1072627154,1133759761,991082278,1
1093116421,1093116421,1133759761,991082278,1
1113270157,1113270157,1133759761,991082278,1
1133759761,1133759761,1133759761,991082278,0
483042043,483042043,1153960447,991082278,1
503840304,503840304,1153960447,991082278,1
523954424,523954424,1153960447,991082278,1
544120304,544120304,1153960447,991082278,1
564280953,564280953,1153960447,991082278,1
584359045,584359045,1153960447,991082278,1
604537710,604537710,1153960447,991082278,1
625119245,625119245,1153960447,991082278,1
645431581,645431581,1153960447,991082278,1
665822658,665822658,1153960447,991082278,1
686201757,686201757,1153960447,991082278,1
706364932,706364932,1153960447,991082278,1
726833293,726833293,1153960447,991082278,1
746925046,746925046,1153960447,991082278,1
766966843,766966843,1153960447,991082278,1
786988043,786988043,1153960447,991082278,1
807604900,807604900,1153960447,991082278,1
828282576,828282576,1153960447,991082278,1
848472495,848472495,1153960447,991082278,1
869023836,869023836,1153960447,991082278,1
889076043,889076043,1153960447,991082278,1
909677398,909677398,1153960447,991082278,1
930305527,930305527,1153960447,991082278,1
950310151,950310151,1153960447,991082278,1
970680359,970680359,1153960447,991082278,1
991082278,991082278,1153960447,991082278,1
1011253337,1011253337,1153960447,991082278,1
1031855619,1031855619,1153960447,991082278,1
1052169293,1052169293,1153960447,991082278,1
1072627154,1072627154,1153960447,991082278,1
1093116421,1093116421,1153960447,991082278,1
1113270157,1113270157,1153960447,991082278,1
1133759761,1133759761,1153960447,991082278,1
1153960447,1153960447,1153960447,991082278,0
483042043,483042043,1174016487,1113270157,1
503840304,503840304,1174016487,1113270157,1
523954424,523954424,1174016487,1113270157,1
544120304,544120304,1174016487,1113270157,1
564280953,564280953,1174016487,1113270157,1
584359045,584359045,1174016487,1113270157,1
604537710,604537710,1174016487,1113270157,1
625119245,625119245,1174016487,1113270157,1
645431581,645431581,1174016487,1113270157,1
665822658,665822658,1174016487,1113270157,1
686201757,686201757,1174016487,1113270157,1
706364932,706364932,1174016487,1113270157,1
726833293,726833293,1174016487,1113270157,1
746925046,746925046,1174016487,1113270157,1
766966843,766966843,1174016487,1113270157,1
786988043,786988043,1174016487,1113270157,1
807604900,807604900,1174016487,1113270157,1
828282576,828282576,1174016487,1113270157,1
848472495,848472495,1174016487,1113270157,1
869023836,869023836,1174016487,1113270157,1
889076043,889076043,1174016487,1113270157,1
909677398,909677398,1174016487,1113270157,1
930305527,930305527,1174016487,1113270157,1
950310151,950310151,1174016487,1113270157,1
970680359,970680359,1174016487,1113270157,1
991082278,991082278,1174016487,1113270157,1
1011253337,1011253337,1174016487,1113270157,1
1031855619,1031855619,1174016487,1113270157,1
1052169293,1052169293,1174016487,1113270157,1
1072627154,1072627154,1174016487,1113270157,1
1093116421,1093116421,1174016487,1113270157,1
1113270157,1113270157,1174016487,1113270157,1
1133759761,1133759761,1174016487,1113270157,1
1153960447,1153960447,1174016487,1113270157,1
1174016487,1174016487,1174016487,1113270157,0
483042043,483042043,1194562518,1113270157,1
503840304,503840304,1194562518,1113270157,1
523954424,523954424,1194562518,1113270157,1
544120304,544120304,1194562518,1113270157,1
564280953,564280953,1194562518,1113270157,1
584359045,584359045,1194562518,1113270157,1
604537710,604537710,1194562518,1113270157,1
625119245,625119245,1194562518,1113270157,1
645431581,645431581,1194562518,1113270157,1
665822658,665822658,1194562518,1113270157,1
686201757,686201757,1194562518,1113270157,1
706364932,706364932,1194562518,1113270157,1
726833293,726833293,1194562518,1113270157,1
746925046,746925046,1194562518,1113270157,1
766966843,766966843,1194562518,1113270157,1
786988043,786988043,1194562518,1113270157,1
807604900,807604900,1194562518,1113270157,1
828282576,828282576,1194562518,1113270157,1
848472495,848472495,1194562518,1113270157,1
869023836,869023836,1194562518,1113270157,1
889076043,889076043,1194562518,1113270157,1
909677398,909677398,1194562518,1113270157,1
930305527,930305527,1194562518,1113270157,1
950310151,950310151,1194562518,1113270157,1
970680359,970680359,1194562518,1113270157,1
991082278,991082278,1194562518,1113270157,1
1011253337,1011253337,1194562518,1113270157,1
1031855619,1031855619,1194562518,1113270157,1
1052169293,1052169293,1194562518,1113270157,1
1072627154,1072627154,1194562518,1113270157,1
1093116421,1093116421,1194562518,1113270157,1
1113270157,1113270157,1194562518,1113270157,1
1133759761,1133759761,1194562518,1113270157,1
1153960447,1153960447,1194562518,1113270157,1
1174016487,1174016487,1194562518,1113270157,1
1194562518,1194562518,1194562518,1113270157,0
483042043,483042043,1215341158,1113270157,1
503840304,503840304,1215341158,1113270157,1
523954424,523954424,1215341158,1113270157,1
544120304,544120304,1215341158,1113270157,1
564280953,564280953,1215341158,1113270157,1
584359045,584359045,1215341158,1113270157,1
604537710,604537710,1215341158,1113270157,1
625119245,625119245,1215341158,1113270157,1
645431581,645431581,1215341158,1113270157,1
665822658,665822658,1215341158,1113270157,1
686201757,686201757,1215341158,1113270157,1
706364932,706364932,1215341158,1113270157,1
726833293,726833293,1215341158,1113270157,1
746925046,746925046,1215341158,1113270157,1
766966843,766966843,1215341158,1113270157,1
786988043,786988043,1215341158,1113270157,1
807604900,807604900,1215341158,1113270157,1
828282576,828282576,1215341158,1113270157,1
848472495,848472495,1215341158,1113270157,1
869023836,869023836,1215341158,1113270157,1
889076043,889076043,1215341158,1113270157,1
909677398,909677398,1215341158,1113270157,1
930305527,930305527,1215341158,1113270157,1
950310151,950310151,1215341158,1113270157,1
970680359,970680359,1215341158,1113270157,1
991082278,991082278,1215341158,1113270157,1
1011253337,1011253337,1215341158,1113270157,1
1031855619,1031855619,1215341158,1113270157,1
1052169293,1052169293,1215341158,1113270157,1
1072627154,1072627154,1215341158,1113270157,1
1093116421,1093116421,1215341158,1113270157,1
1113270157,1113270157,1215341158,1113270157,1
1133759761,1133759761,1215341158,1113270157,1
1153960447,1153960447,1215341158,1113270157,1
1174016487,1174016487,1215341158,1113270157,1
1194562518,1194562518,1215341158,1113270157,1
1215341158,1215341158,1215341158,1113270157,0
483042043,483042043,1235726043,1113270157,1
503840304,503840304,1235726043,1113270157,1
523954424,523954424,1235726043,1113270157,1
544120304,544120304,1235726043,1113270157,1
564280953,564280953,1235726043,1113270157,1
584359045,584359045,1235726043,1113270157,1
604537710,604537710,1235726043,1113270157,1
625119245,625119245,1235726043,1113270157,1
645431581,645431581,1235726043,1113270157,1
665822658,665822658,1235726043,1113270157,1
686201757,686201757,1235726043,1113270157,1
706364932,706364932,1235726043,1113270157,1
726833293,726833293,1235726043,1113270157,1
746925046,746925046,1235726043,1113270157,1
766966843,766966843,1235726043,1113270157,1
786988043,786988043,1235726043,1113270157,1
807604900,807604900,1235726043,1113270157,1
828282576,828282576,1235726043,1113270157,1
848472495,848472495,1235726043,1113270157,1
869023836,869023836,1235726043,1113270157,1
889076043,889076043,1235726043,1113270157,1
909677398,909677398,1235726043,1113270157,1
930305527,930305527,1235726043,1113270157,1
950310151,950310151,1235726043,1113270157,1
970680359,970680359,1235726043,1113270157,1
991082278,991082278,1235726043,1113270157,1
1011253337,1011253337,1235726043,1113270157,1
1031855619,1031855619,1235726043,1113270157,1
1052169293,1052169293,1235726043,1113270157,1
1072627154,1072627154,1235726043,1113270157,1
1093116421,1093116421,1235726043,1113270157,1
1113270157,1113270157,1235726043,1113270157,1
1133759761,1133759761,1235726043,1113270157,1
1153960447,1153960447,1235726043,1113270157,1
1174016487,1174016487,1235726043,1113270157,1
1194562518,1194562518,1235726043,1113270157,1
1215341158,1215341158,1235726043,1113270157,1
1235726043,1235726043,1235726043,1113270157,0
483042043,483042043,1255888097,1113270157,1
503840304,503840304,1255888097,1113270157,1
523954424,523954424,1255888097,1113270157,1
544120304,544120304,1255888097,1113270157,1
564280953,564280953,1255888097,1113270157,1
584359045,584359045,1255888097,1113270157,1
604537710,604537710,1255888097,1113270157,1
625119245,625119245,1255888097,1113270157,1
645431581,645431581,1255888097,1113270157,1
665822658,665822658,1255888097,1113270157,1
686201757,686201757,1255888097,1113270157,1
706364932,706364932,1255888097,1113270157,1
726833293,726833293,1255888097,1113270157,1
746925046,746925046,1255888097,1113270157,1
766966843,766966843,1255888097,1113270157,1
786988043,786988043,1255888097,1113270157,1
807604900,807604900,1255888097,1113270157,1
828282576,828282576,1255888097,1113270157,1
848472495,848472495,1255888097,1113270157,1
869023836,869023836,1255888097,1113270157,1
889076043,889076043,1255888097,1113270157,1
909677398,909677398,1255888097,1113270157,1
930305527,930305527,1255888097,1113270157,1
950310151,950310151,1255888097,1113270157,1
970680359,970680359,1255888097,1113270157,1
991082278,991082278,1255888097,1113270157,1
1011253337,1011253337,1255888097,1113270157,1
1031855619,1031855619,1255888097,1113270157,1
1052169293,1052169293,1255888097,1113270157,1
1072627154,1072627154,1255888097,1113270157,1
1093116421,1093116421,1255888097,1113270157,1
1113270157,1113270157,1255888097,1113270157,1
1133759761,1133759761,1255888097,1113270157,1
1153960447,1153960447,1255888097,1113270157,1
1174016487,1174016487,1255888097,1113270157,1
1194562518,1194562518,1255888097,1113270157,1
1215341158,1215341158,1255888097,1113270157,1
1235726043,1235726043,1255888097,1113270157,1
1255888097,1255888097,1255888097,1113270157,0
483042043,483042043,1276334445,1113270157,1
503840304,503840304,1276334445,1113270157,1
523954424,523954424,1276334445,1113270157,1
544120304,544120304,1276334445,1113270157,1
564280953,564280953,1276334445,1113270157,1
584359045,584359045,1276334445,1113270157,1
604537710,604537710,1276334445,1113270157,1
625119245,625119245,1276334445,1113270157,1
645431581,645431581,1276334445,1113270157,1
665822658,665822658,1276334445,1113270157,1
686201757,686201757,1276334445,1113270157,1
706364932,706364932,1276334445,1113270157,1
726833293,726833293,1276334445,1113270157,1
746925046,746925046,1276334445,1113270157,1
766966843,766966843,1276334445,1113270157,1
786988043,786988043,1276334445,1113270157,1
807604900,807604900,1276334445,1113270157,1
828282576,828282576,1276334445,1113270157,1
848472495,848472495,1276334445,1113270157,1
869023836,869023836,1276334445,1113270157,1
889076043,889076043,1276334445,1113270157,1
909677398,909677398,1276334445,1113270157,1
930305527,930305527,1276334445,1113270157,1
950310151,950310151,1276334445,1113270157,1
970680359,970680359,1276334445,1113270157,1
991082278,991082278,1276334445,1113270157,1
1011253337,1011253337,1276334445,1113270157,1
1031855619,1031855619,1276334445,1113270157,1
1052169293,1052169293,1276334445,1113270157,1
1072627154,1072627154,1276334445,1113270157,1
1093116421,1093116421,1276334445,1113270157,1
1113270157,1113270157,1276334445,1113270157,1
1133759761,1133759761,1276334445,1113270157,1
1153960447,1153960447,1276334445,1113270157,1
1174016487,1174016487,1276334445,1113270157,1
1194562518,1194562518,1276334445,1113270157,1
1215341158,1215341158,1276334445,1113270157,1
1235726043,1235726043,1276334445,1113270157,1
1255888097,1255888097,1276334445,1113270157,1
1276334445,1276334445,1276334445,1113270157,0
483042043,483042043,1296896631,1235726043,1
503840304,503840304,1296896631,1235726043,1
523954424,523954424,1296896631,1235726043,1
544120304,544120304,1296896631,1235726043,1
564280953,564280953,1296896631,1235726043,1
584359045,584359045,1296896631,1235726043,1
604537710,604537710,1296896631,1235726043,1
625119245,625119245,1296896631,1235726043,1
645431581,645431581,1296896631,1235726043,1
665822658,665822658,1296896631,1235726043,1
686201757,686201757,1296896631,1235726043,1
706364932,706364932,1296896631,1235726043,1
726833293,726833293,1296896631,1235726043,1
746925046,746925046,1296896631,1235726043,1
766966843,766966843,1296896631,1235726043,1
786988043,786988043,1296896631,1235726043,1
807604900,807604900,1296896631,1235726043,1
828282576,828282576,1296896631,1235726043,1
848472495,848472495,1296896631,1235726043,1
869023836,869023836,1296896631,1235726043,1
889076043,889076043,1296896631,1235726043,1
909677398,909677398,1296896631,1235726043,1
930305527,930305527,1296896631,1235726043,1
950310151,950310151,1296896631,1235726043,1
970680359,970680359,1296896631,1235726043,1
991082278,991082278,1296896631,1235726043,1
1011253337,1011253337,1296896631,1235726043,1
1031855619,1031855619,1296896631,1235726043,1
1052169293,1052169293,1296896631,1235726043,1
1072627154,1072627154,1296896631,1235726043,1
1093116421,1093116421,1296896631,1235726043,1
1113270157,1113270157,1296896631,1235726043,1
1133759761,1133759761,1296896631,1235726043,1
1153960447,1153960447,1296896631,1235726043,1
1174016487,1174016487,1296896631,1235726043,1
1194562518,1194562518,1296896631,1235726043,1
1215341158,1215341158,1296896631,1235726043,1
1235726043,1235726043,1296896631,1235726043,1
1255888097,1255888097,1296896631,1235726043,1
1276334445,1276334445,1296896631,1235726043,1
1296896631,1296896631,1296896631,1235726043,0
483042043,483042043,1317340205,1235726043,1
503840304,503840304,1317340205,1235726043,1
523954424,523954424,1317340205,1235726043,1
544120304,544120304,1317340205,1235726043,1
564280953,564280953,1317340205,1235726043,1
584359045,584359045,1317340205,1235726043,1
604537710,604537710,1317340205,1235726043,1
625119245,625119245,1317340205,1235726043,1
645431581,645431581,1317340205,1235726043,1
665822658,665822658,1317340205,1235726043,1
686201757,686201757,1317340205,1235726043,1
706364932,706364932,1317340205,1235726043,1
726833293,726833293,1317340205,1235726043,1
746925046,746925046,1317340205,1235726043,1
766966843,766966843,1317340205,1235726043,1
786988043,786988043,1317340205,1235726043,1
807604900,807604900,1317340205,1235726043,1
828282576,828282576,1317340205,1235726043,1
848472495,848472495,1317340205,1235726043,1
869023836,869023836,1317340205,1235726043,1
889076043,889076043,1317340205,1235726043,1
909677398,909677398,1317340205,1235726043,1
930305527,930305527,1317340205,1235726043,1
950310151,950310151,1317340205,1235726043,1
970680359,970680359,1317340205,1235726043,1
991082278,991082278,1317340205,1235726043,1
1011253337,1011253337,1317340205,1235726043,1
1031855619,1031855619,1317340205,1235726043,1
1052169293,1052169293,1317340205,1235726043,1
1072627154,1072627154,1317340205,1235726043,1
1093116421,1093116421,1317340205,1235726043,1
1113270157,1113270157,1317340205,1235726043,1
1133759761,1133759761,1317340205,1235726043,1
1153960447,1153960447,1317340205,1235726043,1
1174016487,1174016487,1317340205,1235726043,1
1194562518,1194562518,1317340205,1235726043,1
1215341158,1215341158,1317340205,1235726043,1
1235726043,1235726043,1317340205,1235726043,1
1255888097,1255888097,1317340205,1235726043,1
1276334445,1276334445,1317340205,1235726043,1
1296896631,1296896631,1317340205,1235726043,1
1317340205,1317340205,1317340205,1235726043,0
483042043,483042043,1337440643,1235726043,1
503840304,503840304,1337440643,1235726043,1
523954424,523954424,1337440643,1235726043,1
544120304,544120304,1337440643,1235726043,1
564280953,564280953,1337440643,1235726043,1
584359045,584359045,1337440643,1235726043,1
604537710,604537710,1337440643,1235726043,1
625119245,625119245,1337440643,1235726043,1
645431581,645431581,1337440643,1235726043,1
665822658,665822658,1337440643,1235726043,1
686201757,686201757,1337440643,1235726043,1
706364932,706364932,1337440643,1235726043,1
726833293,726833293,1337440643,1235726043,1
746925046,746925046,1337440643,1235726043,1
766966843,766966843,1337440643,1235726043,1
786988043,786988043,1337440643,1235726043,1
807604900,807604900,1337440643,1235726043,1
828282576,828282576,1337440643,1235726043,1
848472495,848472495,1337440643,1235726043,1
869023836,869023836,1337440643,1235726043,1
889076043,889076043,1337440643,1235726043,1
909677398,909677398,1337440643,1235726043,1
930305527,930305527,1337440643,1235726043,1
950310151,950310151,1337440643,1235726043,1
970680359,970680359,1337440643,1235726043,1
991082278,991082278,1337440643,1235726043,1
1011253337,1011253337,1337440643,1235726043,1
1031855619,1031855619,1337440643,1235726043,1
1052169293,1052169293,1337440643,1235726043,1
1072627154,1072627154,1337440643,1235726043,1
1093116421,1093116421,1337440643,1235726043,1
1113270157,1113270157,1337440643,1235726043,1
1133759761,1133759761,1337440643,1235726043,1
1153960447,1153960447,1337440643,1235726043,1
1174016487,1174016487,1337440643,1235726043,1
1194562518,1194562518,1337440643,1235726043,1
1215341158,1215341158,1337440643,1235726043,1
1235726043,1235726043,1337440643,1235726043,1
1255888097,1255888097,1337440643,1235726043,1
1276334445,1276334445,1337440643,1235726043,1
1296896631,1296896631,1337440643,1235726043,1
1317340205,1317340205,1337440643,1235726043,1
1337440643,1337440643,1337440643,1235726043,0
483042043,483042043,1358020490,1235726043,1
503840304,503840304,1358020490,1235726043,1
523954424,523954424,1358020490,1235726043,1
544120304,544120304,1358020490,1235726043,1
564280953,564280953,1358020490,1235726043,1
584359045,584359045,1358020490,1235726043,1
604537710,604537710,1358020490,1235726043,1
625119245,625119245,1358020490,1235726043,1
645431581,645431581,1358020490,1235726043,1
665822658,665822658,1358020490,1235726043,1
686201757,686201757,1358020490,1235726043,1
706364932,706364932,1358020490,1235726043,1
726833293,726833293,1358020490,1235726043,1
746925046,746925046,1358020490,1235726043,1
766966843,766966843,1358020490,1235726043,1
786988043,786988043,1358020490,1235726043,1
807604900,807604900,1358020490,1235726043,1
828282576,828282576,1358020490,1235726043,1
848472495,848472495,1358020490,1235726043,1
869023836,869023836,1358020490,1235726043,1
889076043,889076043,1358020490,1235726043,1
909677398,909677398,1358020490,1235726043,1
930305527,930305527,1358020490,1235726043,1
950310151,950310151,1358020490,1235726043,1
970680359,970680359,1358020490,1235726043,1
991082278,991082278,1358020490,1235726043,1
1011253337,1011253337,1358020490,1235726043,1
1031855619,1031855619,1358020490,1235726043,1
1052169293,1052169293,1358020490,1235726043,1
1072627154,1072627154,1358020490,1235726043,1
1093116421,1093116421,1358020490,1235726043,1
1113270157,1113270157,1358020490,1235726043,1
1133759761,1133759761,1358020490,1235726043,1
1153960447,1153960447,1358020490,1235726043,1
1174016487,1174016487,1358020490,1235726043,1
1194562518,1194562518,1358020490,1235726043,1
1215341158,1215341158,1358020490,1235726043,1
1235726043,1235726043,1358020490,1235726043,1
1255888097,1255888097,1358020490,1235726043,1
1276334445,1276334445,1358020490,1235726043,1
1296896631,1296896631,1358020490,1235726043,1
1317340205,1317340205,1358020490,1235726043,1
1337440643,1337440643,1358020490,1235726043,1
1358020490,1358020490,1358020490,1235726043,0
483042043,483042043,1378040043,1235726043,1
503840304,503840304,1378040043,1235726043,1
523954424,523954424,1378040043,1235726043,1
544120304,544120304,1378040043,1235726043,1
564280953,564280953,1378040043,1235726043,1
584359045,584359045,1378040043,1235726043,1
604537710,604537710,1378040043,1235726043,1
625119245,625119245,1378040043,1235726043,1
645431581,645431581,1378040043,1235726043,1
665822658,665822658,1378040043,1235726043,1
686201757,686201757,1378040043,1235726043,1
706364932,706364932,1378040043,1235726043,1
726833293,726833293,1378040043,1235726043,1
746925046,746925046,1378040043,1235726043,1
766966843,766966843,1378040043,1235726043,1
786988043,786988043,1378040043,1235726043,1
807604900,807604900,1378040043,1235726043,1
828282576,828282576,1378040043,1235726043,1
848472495,848472495,1378040043,1235726043,1
869023836,869023836,1378040043,1235726043,1
889076043,889076043,1378040043,1235726043,1
909677398,909677398,1378040043,1235726043,1
930305527,930305527,1378040043,1235726043,1
950310151,950310151,1378040043,1235726043,1
970680359,970680359,1378040043,1235726043,1
991082278,991082278,1378040043,1235726043,1
1011253337,1011253337,1378040043,1235726043,1
1031855619,1031855619,1378040043,1235726043,1
1052169293,1052169293,1378040043,1235726043,1
1072627154,1072627154,1378040043,1235726043,1
1093116421,1093116421,1378040043,1235726043,1
1113270157,1113270157,1378040043,1235726043,1
1133759761,1133759761,1378040043,1235726043,1
1153960447,1153960447,1378040043,1235726043,1
1174016487,1174016487,1378040043,1235726043,1
1194562518,1194562518,1378040043,1235726043,1
1215341158,1215341158,1378040043,1235726043,1
1235726043,1235726043,1378040043,1235726043,1
1255888097,1255888097,1378040043,1235726043,1
1276334445,1276334445,1378040043,1235726043,1
1296896631,1296896631,1378040043,1235726043,1
1317340205,1317340205,1378040043,1235726043,1
1337440643,1337440643,1378040043,1235726043,1
1358020490,1358020490,1378040043,1235726043,1
1378040043,1378040043,1378040043,1235726043,0
483042043,483042043,1398160043,1235726043,1
503840304,503840304,1398160043,1235726043,1
523954424,523954424,1398160043,1235726043,1
544120304,544120304,1398160043,1235726043,1
564280953,564280953,1398160043,1235726043,1
584359045,584359045,1398160043,1235726043,1
604537710,604537710,1398160043,1235726043,1
625119245,625119245,1398160043,1235726043,1
645431581,645431581,1398160043,1235726043,1
665822658,665822658,1398160043,1235726043,1
686201757,686201757,1398160043,1235726043,1
706364932,706364932,1398160043,1235726043,1
726833293,726833293,1398160043,1235726043,1
746925046,746925046,1398160043,1235726043,1
766966843,766966843,1398160043,1235726043,1
786988043,786988043,1398160043,1235726043,1
807604900,807604900,1398160043,1235726043,1
828282576,828282576,1398160043,1235726043,1
848472495,848472495,1398160043,1235726043,1
869023836,869023836,1398160043,1235726043,1
889076043,889076043,1398160043,1235726043,1
909677398,909677398,1398160043,1235726043,1
930305527,930305527,1398160043,1235726043,1
950310151,950310151,1398160043,1235726043,1
970680359,970680359,1398160043,1235726043,1
991082278,991082278,1398160043,1235726043,1
1011253337,1011253337,1398160043,1235726043,1
1031855619,1031855619,1398160043,1235726043,1
1052169293,1052169293,1398160043,1235726043,1
1072627154,1072627154,1398160043,1235726043,1
1093116421,1093116421,1398160043,1235726043,1
1113270157,1113270157,1398160043,1235726043,1
1133759761,1133759761,1398160043,1235726043,1
1153960447,1153960447,1398160043,1235726043,1
1174016487,1174016487,1398160043,1235726043,1
1194562518,1194562518,1398160043,1235726043,1
1215341158,1215341158,1398160043,1235726043,1
1235726043,1235726043,1398160043,1235726043,1
1255888097,1255888097,1398160043,1235726043,1
1276334445,1276334445,1398160043,1235726043,1
1296896631,1296896631,1398160043,1235726043,1
1317340205,1317340205,1398160043,1235726043,1
1337440643,1337440643,1398160043,1235726043,1
1358020490,1358020490,1398160043,1235726043,1
1378040043,1378040043,1398160043,1235726043,1
1398160043,1398160043,1398160043,1235726043,0
483042043,483042043,1418221575,1235726043,1
503840304,503840304,1418221575,1235726043,1
523954424,523954424,1418221575,1235726043,1
544120304,544120304,1418221575,1235726043,1
564280953,564280953,1418221575,1235726043,1
584359045,584359045,1418221575,1235726043,1
604537710,604537710,1418221575,1235726043,1
625119245,625119245,1418221575,1235726043,1
645431581,645431581,1418221575,1235726043,1
665822658,665822658,1418221575,1235726043,1
686201757,686201757,1418221575,1235726043,1
706364932,706364932,1418221575,1235726043,1
726833293,726833293,1418221575,1235726043,1
746925046,746925046,1418221575,1235726043,1
766966843,766966843,1418221575,1235726043,1
786988043,786988043,1418221575,1235726043,1
807604900,807604900,1418221575,1235726043,1
828282576,828282576,1418221575,1235726043,1
848472495,848472495,1418221575,1235726043,1
869023836,869023836,1418221575,1235726043,1
889076043,889076043,1418221575,1235726043,1
909677398,909677398,1418221575,1235726043,1
930305527,930305527,1418221575,1235726043,1
950310151,950310151,1418221575,1235726043,1
970680359,970680359,1418221575,1235726043,1
991082278,991082278,1418221575,1235726043,1
1011253337,1011253337,1418221575,1235726043,1
1031855619,1031855619,1418221575,1235726043,1
1052169293,1052169293,1418221575,1235726043,1
1072627154,1072627154,1418221575,1235726043,1
1093116421,1093116421,1418221575,1235726043,1
1113270157,1113270157,1418221575,1235726043,1
1133759761,1133759761,1418221575,1235726043,1
1153960447,1153960447,1418221575,1235726043,1
1174016487,1174016487,1418221575,1235726043,1
1194562518,1194562518,1418221575,1235726043,1
1215341158,1215341158,1418221575,1235726043,1
1235726043,1235726043,1418221575,1235726043,1
1255888097,1255888097,1418221575,1235726043,1
1276334445,1276334445,1418221575,1235726043,1
1296896631,1296896631,1418221575,1235726043,1
1317340205,1317340205,1418221575,1235726043,1
1337440643,1337440643,1418221575,1235726043,1
1358020490,1358020490,1418221575,1235726043,1
1378040043,1378040043,1418221575,1235726043,1
1398160043,1398160043,1418221575,1235726043,1
1418221575,1418221575,1418221575,1235726043,0
483042043,483042043,1438508176,1235726043,1
503840304,503840304,1438508176,1235726043,1
523954424,523954424,1438508176,1235726043,1
544120304,544120304,1438508176,1235726043,1
564280953,564280953,1438508176,1235726043,1
584359045,584359045,1438508176,1235726043,1
604537710,604537710,1438508176,1235726043,1
625119245,625119245,1438508176,1235726043,1
645431581,645431581,1438508176,1235726043,1
665822658,665822658,1438508176,1235726043,1
686201757,686201757,1438508176,1235726043,1
706364932,706364932,1438508176,1235726043,1
726833293,726833293,1438508176,1235726043,1
746925046,746925046,1438508176,1235726043,1
766966843,766966843,1438508176,1235726043,1
786988043,786988043,1438508176,1235726043,1
807604900,807604900,1438508176,1235726043,1
828282576,828282576,1438508176,1235726043,1
848472495,848472495,1438508176,1235726043,1
869023836,869023836,1438508176,1235726043,1
889076043,889076043,1438508176,1235726043,1
909677398,909677398,1438508176,1235726043,1
930305527,930305527,1438508176,1235726043,1
950310151,950310151,1438508176,1235726043,1
970680359,970680359,1438508176,1235726043,1
991082278,991082278,1438508176,1235726043,1
1011253337,1011253337,1438508176,1235726043,1
1031855619,1031855619,1438508176,1235726043,1
1052169293,1052169293,1438508176,1235726043,1
1072627154,1072627154,1438508176,1235726043,1
1093116421,1093116421,1438508176,1235726043,1
1113270157,1113270157,1438508176,1235726043,1
1133759761,1133759761,1438508176,1235726043,1
1153960447,1153960447,1438508176,1235726043,1
1174016487,1174016487,1438508176,1235726043,1
1194562518,1194562518,1438508176,1235726043,1
1215341158,1215341158,1438508176,1235726043,1
1235726043,1235726043,1438508176,1235726043,1
1255888097,1255888097,1438508176,1235726043,1
1276334445,1276334445,1438508176,1235726043,1
1296896631,1296896631,1438508176,1235726043,1
1317340205,1317340205,1438508176,1235726043,1
1337440643,1337440643,1438508176,1235726043,1
1358020490,1358020490,1438508176,1235726043,1
1378040043,1378040043,1438508176,1235726043,1
1398160043,1398160043,1438508176,1235726043,1
1418221575,1418221575,1438508176,1235726043,1
1438508176,1438508176,1438508176,1235726043,0
483042043,483042043,1458626045,1235726043,1
503840304,503840304,1458626045,1235726043,1
523954424,523954424,1458626045,1235726043,1
544120304,544120304,1458626045,1235726043,1
564280953,564280953,1458626045,1235726043,1
584359045,584359045,1458626045,1235726043,1
604537710,604537710,1458626045,1235726043,1
625119245,625119245,1458626045,1235726043,1
645431581,645431581,1458626045,1235726043,1
665822658,665822658,1458626045,1235726043,1
686201757,686201757,1458626045,1235726043,1
706364932,706364932,1458626045,1235726043,1
726833293,726833293,1458626045,1235726043,1
746925046,746925046,1458626045,1235726043,1
766966843,766966843,1458626045,1235726043,1
786988043,786988043,1458626045,1235726043,1
807604900,807604900,1458626045,1235726043,1
828282576,828282576,1458626045,1235726043,1
848472495,848472495,1458626045,1235726043,1
869023836,869023836,1458626045,1235726043,1
889076043,889076043,1458626045,1235726043,1
909677398,909677398,1458626045,1235726043,1
930305527,930305527,1458626045,1235726043,1
950310151,950310151,1458626045,1235726043,1
970680359,970680359,1458626045,1235726043,1
991082278,991082278,1458626045,1235726043,1
1011253337,1011253337,1458626045,1235726043,1
1031855619,1031855619,1458626045,1235726043,1
1052169293,1052169293,1458626045,1235726043,1
1072627154,1072627154,1458626045,1235726043,1
1093116421,1093116421,1458626045,1235726043,1
1113270157,1113270157,1458626045,1235726043,1
1133759761,1133759761,1458626045,1235726043,1
1153960447,1153960447,1458626045,1235726043,1
1174016487,1174016487,1458626045,1235726043,1
1194562518,1194562518,1458626045,1235726043,1
1215341158,1215341158,1458626045,1235726043,1
1235726043,1235726043,1458626045,1235726043,1
1255888097,1255888097,1458626045,1235726043,1
1276334445,1276334445,1458626045,1235726043,1
1296896631,1296896631,1458626045,1235726043,1
1317340205,1317340205,1458626045,1235726043,1
1337440643,1337440643,1458626045,1235726043,1
1358020490,1358020490,1458626045,1235726043,1
1378040043,1378040043,1458626045,1235726043,1
1398160043,1398160043,1458626045,1235726043,1
1418221575,1418221575,1458626045,1235726043,1
1438508176,1438508176,1458626045,1235726043,1
1458626045,1458626045,1458626045,1235726043,0
483042043,483042043,1479354730,1235726043,1
503840304,503840304,1479354730,1235726043,1
523954424,523954424,1479354730,1235726043,1
544120304,544120304,1479354730,1235726043,1
564280953,564280953,1479354730,1235726043,1
584359045,584359045,1479354730,1235726043,1
604537710,604537710,1479354730,1235726043,1
625119245,625119245,1479354730,1235726043,1
645431581,645431581,1479354730,1235726043,1
665822658,665822658,1479354730,1235726043,1
686201757,686201757,1479354730,1235726043,1
706364932,706364932,1479354730,1235726043,1
726833293,726833293,1479354730,1235726043,1
746925046,746925046,1479354730,1235726043,1
766966843,766966843,1479354730,1235726043,1
786988043,786988043,1479354730,1235726043,1
807604900,807604900,1479354730,1235726043,1
828282576,828282576,1479354730,1235726043,1
848472495,848472495,1479354730,1235726043,1
869023836,869023836,1479354730,1235726043,1
889076043,889076043,1479354730,1235726043,1
909677398,909677398,1479354730,1235726043,1
930305527,930305527,1479354730,1235726043,1
950310151,950310151,1479354730,1235726043,1
970680359,970680359,1479354730,1235726043,1
991082278,991082278,1479354730,1235726043,1
1011253337,1011253337,1479354730,1235726043,1
1031855619,1031855619,1479354730,1235726043,1
1052169293,1052169293,1479354730,1235726043,1
1072627154,1072627154,1479354730,1235726043,1
1093116421,1093116421,1479354730,1235726043,1
1113270157,1113270157,1479354730,1235726043,1
1133759761,1133759761,1479354730,1235726043,1
1153960447,1153960447,1479354730,1235726043,1
1174016487,1174016487,1479354730,1235726043,1
1194562518,1194562518,1479354730,1235726043,1
1215341158,1215341158,1479354730,1235726043,1
1235726043,1235726043,1479354730,1235726043,1
1255888097,1255888097,1479354730,1235726043,1
1276334445,1276334445,1479354730,1235726043,1
1296896631,1296896631,1479354730,1235726043,1
1317340205,1317340205,1479354730,1235726043,1
1337440643,1337440643,1479354730,1235726043,1
1358020490,1358020490,1479354730,1235726043,1
1378040043,1378040043,1479354730,1235726043,1
1398160043,1398160043,1479354730,1235726043,1
1418221575,1418221575,1479354730,1235726043,1
1438508176,1438508176,1479354730,1235726043,1
1458626045,1458626045,1479354730,1235726043,1
1479354730,1479354730,1479354730,1235726043,0
483042043,483042043,1499799823,1235726043,1
503840304,503840304,1499799823,1235726043,1
523954424,523954424,1499799823,1235726043,1
544120304,544120304,1499799823,1235726043,1
564280953,564280953,1499799823,1235726043,1
584359045,584359045,1499799823,1235726043,1
604537710,604537710,1499799823,1235726043,1
625119245,625119245,1499799823,1235726043,1
645431581,645431581,1499799823,1235726043,1
665822658,665822658,1499799823,1235726043,1
686201757,686201757,1499799823,1235726043,1
706364932,706364932,1499799823,1235726043,1
726833293,726833293,1499799823,1235726043,1
746925046,746925046,1499799823,1235726043,1
766966843,766966843,1499799823,1235726043,1
786988043,786988043,1499799823,1235726043,1
807604900,807604900,1499799823,1235726043,1
828282576,828282576,1499799823,1235726043,1
848472495,848472495,1499799823,1235726043,1
869023836,869023836,1499799823,1235726043,1
889076043,889076043,1499799823,1235726043,1
909677398,909677398,1499799823,1235726043,1
930305527,930305527,1499799823,1235726043,1
950310151,950310151,1499799823,1235726043,1
970680359,970680359,1499799823,1235726043,1
991082278,991082278,1499799823,1235726043,1
1011253337,1011253337,1499799823,1235726043,1
1031855619,1031855619,1499799823,1235726043,1
1052169293,1052169293,1499799823,1235726043,1
1072627154,1072627154,1499799823,1235726043,1
1093116421,1093116421,1499799823,1235726043,1
1113270157,1113270157,1499799823,1235726043,1
1133759761,1133759761,1499799823,1235726043,1
1153960447,1153960447,1499799823,1235726043,1
1174016487,1174016487,1499799823,1235726043,1
1194562518,1194562518,1499799823,1235726043,1
1215341158,1215341158,1499799823,1235726043,1
1235726043,1235726043,1499799823,1235726043,1
1255888097,1255888097,1499799823,1235726043,1
1276334445,1276334445,1499799823,1235726043,1
1296896631,1296896631,1499799823,1235726043,1
1317340205,1317340205,1499799823,1235726043,1
1337440643,1337440643,1499799823,1235726043,1
1358020490,1358020490,1499799823,1235726043,1
1378040043,1378040043,1499799823,1235726043,1
1398160043,1398160043,1499799823,1235726043,1
1418221575,1418221575,1499799823,1235726043,1
1438508176,1438508176,1499799823,1235726043,1
1458626045,1458626045,1499799823,1235726043,1
1479354730,1479354730,1499799823,1235726043,1
1499799823,1499799823,1499799823,1235726043,0
483042043,483042043,1520028205,1235726043,1
503840304,503840304,1520028205,1235726043,1
523954424,523954424,1520028205,1235726043,1
544120304,544120304,1520028205,1235726043,1
564280953,564280953,1520028205,1235726043,1
584359045,584359045,1520028205,1235726043,1
604537710,604537710,1520028205,1235726043,1
625119245,625119245,1520028205,1235726043,1
645431581,645431581,1520028205,1235726043,1
665822658,665822658,1520028205,1235726043,1
686201757,686201757,1520028205,1235726043,1
706364932,706364932,1520028205,1235726043,1
726833293,726833293,1520028205,1235726043,1
746925046,746925046,1520028205,1235726043,1
766966843,766966843,1520028205,1235726043,1
786988043,786988043,1520028205,1235726043,1
807604900,807604900,1520028205,1235726043,1
828282576,828282576,1520028205,1235726043,1
848472495,848472495,1520028205,1235726043,1
869023836,869023836,1520028205,1235726043,1
889076043,889076043,1520028205,1235726043,1
909677398,909677398,1520028205,1235726043,1
930305527,930305527,1520028205,1235726043,1
950310151,950310151,1520028205,1235726043,1
970680359,970680359,1520028205,1235726043,1
991082278,991082278,1520028205,1235726043,1
1011253337,1011253337,1520028205,1235726043,1
1031855619,1031855619,1520028205,1235726043,1
1052169293,1052169293,1520028205,1235726043,1
1072627154,1072627154,1520028205,1235726043,1
1093116421,1093116421,1520028205,1235726043,1
1113270157,1113270157,1520028205,1235726043,1
1133759761,1133759761,1520028205,1235726043,1
1153960447,1153960447,1520028205,1235726043,1
1174016487,1174016487,1520028205,1235726043,1
1194562518,1194562518,1520028205,1235726043,1
1215341158,1215341158,1520028205,1235726043,1
1235726043,1235726043,1520028205,1235726043,1
1255888097,1255888097,1520028205,1235726043,1
1276334445,1276334445,1520028205,1235726043,1
1296896631,1296896631,1520028205,1235726043,1
1317340205,1317340205,1520028205,1235726043,1
1337440643,1337440643,1520028205,1235726043,1
1358020490,1358020490,1520028205,1235726043,1
1378040043,1378040043,1520028205,1235726043,1
1398160043,1398160043,1520028205,1235726043,1
1418221575,1418221575,1520028205,1235726043,1
1438508176,1438508176,1520028205,1235726043,1
1458626045,1458626045,1520028205,1235726043,1
1479354730,1479354730,1520028205,1235726043,1
1499799823,1499799823,1520028205,1235726043,1
1520028205,1520028205,1520028205,1235726043,0
483042043,483042043,1540156208,1235726043,1
503840304,503840304,1540156208,1235726043,1
523954424,523954424,1540156208,1235726043,1
544120304,544120304,1540156208,1235726043,1
564280953,564280953,1540156208,1235726043,1
584359045,584359045,1540156208,1235726043,1
604537710,604537710,1540156208,1235726043,1
625119245,625119245,1540156208,1235726043,1
645431581,645431581,1540156208,1235726043,1
665822658,665822658,1540156208,1235726043,1
686201757,686201757,1540156208,1235726043,1
706364932,706364932,1540156208,1235726043,1
726833293,726833293,1540156208,1235726043,1
746925046,746925046,1540156208,1235726043,1
766966843,766966843,1540156208,1235726043,1
786988043,786988043,1540156208,1235726043,1
807604900,807604900,1540156208,1235726043,1
828282576,828282576,1540156208,1235726043,1
848472495,848472495,1540156208,1235726043,1
869023836,869023836,1540156208,1235726043,1
889076043,889076043,1540156208,1235726043,1
909677398,909677398,1540156208,1235726043,1
930305527,930305527,1540156208,1235726043,1
950310151,950310151,1540156208,1235726043,1
970680359,970680359,1540156208,1235726043,1
991082278,991082278,1540156208,1235726043,1
1011253337,1011253337,1540156208,1235726043,1
1031855619,1031855619,1540156208,1235726043,1
1052169293,1052169293,1540156208,1235726043,1
1072627154,1072627154,1540156208,1235726043,1
1093116421,1093116421,1540156208,1235726043,1
1113270157,1113270157,1540156208,1235726043,1
1133759761,1133759761,1540156208,1235726043,1
1153960447,1153960447,1540156208,1235726043,1
1174016487,1174016487,1540156208,1235726043,1
1194562518,1194562518,1540156208,1235726043,1
1215341158,1215341158,1540156208,1235726043,1
1235726043,1235726043,1540156208,1235726043,1
1255888097,1255888097,1540156208,1235726043,1
1276334445,1276334445,1540156208,1235726043,1
1296896631,1296896631,1540156208,1235726043,1
1317340205,1317340205,1540156208,1235726043,1
1337440643,1337440643,1540156208,1235726043,1
1358020490,1358020490,1540156208,1235726043,1
1378040043,1378040043,1540156208,1235726043,1
1398160043,1398160043,1540156208,1235726043,1
1418221575,1418221575,1540156208,1235726043,1
1438508176,1438508176,1540156208,1235726043,1
1458626045,1458626045,1540156208,1235726043,1
1479354730,1479354730,1540156208,1235726043,1
1499799823,1499799823,1540156208,1235726043,1
1520028205,1520028205,1540156208,1235726043,1
1540156208,1540156208,1540156208,1235726043,0
483042043,483042043,1560634443,1235726043,1
503840304,503840304,1560634443,1235726043,1
523954424,523954424,1560634443,1235726043,1
544120304,544120304,1560634443,1235726043,1
564280953,564280953,1560634443,1235726043,1
584359045,584359045,1560634443,1235726043,1
604537710,604537710,1560634443,1235726043,1
625119245,625119245,1560634443,1235726043,1
645431581,645431581,1560634443,1235726043,1
665822658,665822658,1560634443,1235726043,1
686201757,686201757,1560634443,1235726043,1
706364932,706364932,1560634443,1235726043,1
726833293,726833293,1560634443,1235726043,1
746925046,746925046,1560634443,1235726043,1
766966843,766966843,1560634443,1235726043,1
786988043,786988043,1560634443,1235726043,1
807604900,807604900,1560634443,1235726043,1
828282576,828282576,1560634443,1235726043,1
848472495,848472495,1560634443,1235726043,1
869023836,869023836,1560634443,1235726043,1
889076043,889076043,1560634443,1235726043,1
909677398,909677398,1560634443,1235726043,1
930305527,930305527,1560634443,1235726043,1
950310151,950310151,1560634443,1235726043,1
970680359,970680359,1560634443,1235726043,1
991082278,991082278,1560634443,1235726043,1
1011253337,1011253337,1560634443,1235726043,1
1031855619,1031855619,1560634443,1235726043,1
1052169293,1052169293,1560634443,1235726043,1
1072627154,1072627154,1560634443,1235726043,1
1093116421,1093116421,1560634443,1235726043,1
1113270157,1113270157,1560634443,1235726043,1
1133759761,1133759761,1560634443,1235726043,1
1153960447,1153960447,1560634443,1235726043,1
1174016487,1174016487,1560634443,1235726043,1
1194562518,1194562518,1560634443,1235726043,1
1215341158,1215341158,1560634443,1235726043,1
1235726043,1235726043,1560634443,1235726043,1
1255888097,1255888097,1560634443,1235726043,1
1276334445,1276334445,1560634443,1235726043,1
1296896631,1296896631,1560634443,1235726043,1
1317340205,1317340205,1560634443,1235726043,1
1337440643,1337440643,1560634443,1235726043,1
1358020490,1358020490,1560634443,1235726043,1
1378040043,1378040043,1560634443,1235726043,1
1398160043,1398160043,1560634443,1235726043,1
1418221575,1418221575,1560634443,1235726043,1
1438508176,1438508176,1560634443,1235726043,1
1458626045,1458626045,1560634443,1235726043,1
1479354730,1479354730,1560634443,1235726043,1
1499799823,1499799823,1560634443,1235726043,1
1520028205,1520028205,1560634443,1235726043,1
1540156208,1540156208,1560634443,1235726043,1
1560634443,1560634443,1560634443,1235726043,0
483042043,483042043,1580963821,1235726043,1
503840304,503840304,1580963821,1235726043,1
523954424,523954424,1580963821,1235726043,1
544120304,544120304,1580963821,1235726043,1
564280953,564280953,1580963821,1235726043,1
584359045,584359045,1580963821,1235726043,1
604537710,604537710,1580963821,1235726043,1
625119245,625119245,1580963821,1235726043,1
645431581,645431581,1580963821,1235726043,1
665822658,665822658,1580963821,1235726043,1
686201757,686201757,1580963821,1235726043,1
706364932,706364932,1580963821,1235726043,1
726833293,726833293,1580963821,1235726043,1
746925046,746925046,1580963821,1235726043,1
766966843,766966843,1580963821,1235726043,1
786988043,786988043,1580963821,1235726043,1
807604900,807604900,1580963821,1235726043,1
828282576,828282576,1580963821,1235726043,1
848472495,848472495,1580963821,1235726043,1
869023836,869023836,1580963821,1235726043,1
889076043,889076043,1580963821,1235726043,1
909677398,909677398,1580963821,1235726043,1
930305527,930305527,1580963821,1235726043,1
950310151,950310151,1580963821,1235726043,1
970680359,970680359,1580963821,1235726043,1
991082278,991082278,1580963821,1235726043,1
1011253337,1011253337,1580963821,1235726043,1
1031855619,1031855619,1580963821,1235726043,1
1052169293,1052169293,1580963821,1235726043,1
1072627154,1072627154,1580963821,1235726043,1
1093116421,1093116421,1580963821,1235726043,1
1113270157,1113270157,1580963821,1235726043,1
1133759761,1133759761,1580963821,1235726043,1
1153960447,1153960447,1580963821,1235726043,1
1174016487,1174016487,1580963821,1235726043,1
1194562518,1194562518,1580963821,1235726043,1
1215341158,1215341158,1580963821,1235726043,1
1235726043,1235726043,1580963821,1235726043,1
1255888097,1255888097,1580963821,1235726043,1
1276334445,1276334445,1580963821,1235726043,1
1296896631,1296896631,1580963821,1235726043,1
1317340205,1317340205,1580963821,1235726043,1
1337440643,1337440643,1580963821,1235726043,1
1358020490,1358020490,1580963821,1235726043,1
1378040043,1378040043,1580963821,1235726043,1
1398160043,1398160043,1580963821,1235726043,1
1418221575,1418221575,1580963821,1235726043,1
1438508176,1438508176,1580963821,1235726043,1
1458626045,1458626045,1580963821,1235726043,1
1479354730,1479354730,1580963821,1235726043,1
1499799823,1499799823,1580963821,1235726043,1
1520028205,1520028205,1580963821,1235726043,1
1540156208,1540156208,1580963821,1235726043,1
1560634443,1560634443,1580963821,1235726043,1
1580963821,1580963821,1580963821,1235726043,0
483042043,483042043,1601206157,1235726043,1
503840304,503840304,1601206157,1235726043,1
523954424,523954424,1601206157,1235726043,1
544120304,544120304,1601206157,1235726043,1
564280953,564280953,1601206157,1235726043,1
584359045,584359045,1601206157,1235726043,1
604537710,604537710,1601206157,1235726043,1
625119245,625119245,1601206157,1235726043,1
645431581,645431581,1601206157,1235726043,1
665822658,665822658,1601206157,1235726043,1
686201757,686201757,1601206157,1235726043,1
706364932,706364932,1601206157,1235726043,1
726833293,726833293,1601206157,1235726043,1
746925046,746925046,1601206157,1235726043,1
766966843,766966843,1601206157,1235726043,1
786988043,786988043,1601206157,1235726043,1
807604900,807604900,1601206157,1235726043,1
828282576,828282576,1601206157,1235726043,1
848472495,848472495,1601206157,1235726043,1
869023836,869023836,1601206157,1235726043,1
889076043,889076043,1601206157,1235726043,1
909677398,909677398,1601206157,1235726043,1
930305527,930305527,1601206157,1235726043,1
950310151,950310151,1601206157,1235726043,1
970680359,970680359,1601206157,1235726043,1
991082278,991082278,1601206157,1235726043,1
1011253337,1011253337,1601206157,1235726043,1
1031855619,1031855619,1601206157,1235726043,1
1052169293,1052169293,1601206157,1235726043,1
1072627154,1072627154,1601206157,1235726043,1
1093116421,1093116421,1601206157,1235726043,1
1113270157,1113270157,1601206157,1235726043,1
1133759761,1133759761,1601206157,1235726043,1
1153960447,1153960447,1601206157,1235726043,1
1174016487,1174016487,1601206157,1235726043,1
1194562518,1194562518,1601206157,1235726043,1
1215341158,1215341158,1601206157,1235726043,1
1235726043,1235726043,1601206157,1235726043,1
1255888097,1255888097,1601206157,1235726043,1
1276334445,1276334445,1601206157,1235726043,1
1296896631,1296896631,1601206157,1235726043,1
1317340205,1317340205,1601206157,1235726043,1
1337440643,1337440643,1601206157,1235726043,1
1358020490,1358020490,1601206157,1235726043,1
1378040043,1378040043,1601206157,1235726043,1
1398160043,1398160043,1601206157,1235726043,1
1418221575,1418221575,1601206157,1235726043,1
1438508176,1438508176,1601206157,1235726043,1
1458626045,1458626045,1601206157,1235726043,1
1479354730,1479354730,1601206157,1235726043,1
1499799823,1499799823,1601206157,1235726043,1
1520028205,1520028205,1601206157,1235726043,1
1540156208,1540156208,1601206157,1235726043,1
1560634443,1560634443,1601206157,1235726043,1
1580963821,1580963821,1601206157,1235726043,1
1601206157,1601206157,1601206157,1235726043,0
483042043,483042043,1622076645,1235726043,1
503840304,503840304,1622076645,1235726043,1
523954424,523954424,1622076645,1235726043,1
544120304,544120304,1622076645,1235726043,1
564280953,564280953,1622076645,1235726043,1
584359045,584359045,1622076645,1235726043,1
604537710,604537710,1622076645,1235726043,1
625119245,625119245,1622076645,1235726043,1
645431581,645431581,1622076645,1235726043,1
665822658,665822658,1622076645,1235726043,1
686201757,686201757,1622076645,1235726043,1
706364932,706364932,1622076645,1235726043,1
726833293,726833293,1622076645,1235726043,1
746925046,746925046,1622076645,1235726043,1
766966843,766966843,1622076645,1235726043,1
786988043,786988043,1622076645,1235726043,1
807604900,807604900,1622076645,1235726043,1
828282576,828282576,1622076645,1235726043,1
848472495,848472495,1622076645,1235726043,1
869023836,869023836,1622076645,1235726043,1
889076043,889076043,1622076645,1235726043,1
909677398,909677398,1622076645,1235726043,1
930305527,930305527,1622076645,1235726043,1
950310151,950310151,1622076645,1235726043,1
970680359,970680359,1622076645,1235726043,1
991082278,991082278,1622076645,1235726043,1
1011253337,1011253337,1622076645,1235726043,1
1031855619,1031855619,1622076645,1235726043,1
1052169293,1052169293,1622076645,1235726043,1
1072627154,1072627154,1622076645,1235726043,1
1093116421,1093116421,1622076645,1235726043,1
1113270157,1113270157,1622076645,1235726043,1
1133759761,1133759761,1622076645,1235726043,1
1153960447,1153960447,1622076645,1235726043,1
1174016487,1174016487,1622076645,1235726043,1
1194562518,1194562518,1622076645,1235726043,1
1215341158,1215341158,1622076645,1235726043,1
