t_us,window_start_t_us,window_end_t_us,sample_count,raw_min,raw_p05,raw_p50,raw_p95,raw_max,avg_p05,avg_p50,avg_p95,filtered_p05,filtered_p50,filtered_p95,filtered_std,filtered_peak_to_peak,clip_low_ratio,clip_high_ratio,wear_ratio,wear_transition_count,max_no_wear_run_ms,candidate_count,detector_score_p50,expected_rr_ms_p50,firmware_hr_bpm_p50,firmware_hr_zero_ratio,effective_sample_rate_hz,timing_jitter_p95_ms,sqi,sqi_wear_ratio,sqi_clip_low_ratio,sqi_clip_high_ratio,protocol_error_ratio,protocol_seq_gaps,sample_drop_count,sample_queue_depth,sample_queue_high_water,corrector_reference_rr_ms,corrector_autocorr_confidence,corrector_polarity,corrector_candidate_count,corrector_selected_count,corrector_inserted_count,corrector_firmware_matched_count
461470043,461470043,461470043,1,421.000000,421.000000,421.000000,421.000000,421.000000,387.000000,387.000000,387.000000,181.000000,181.000000,181.000000,0.000000,0.000000,0.000000,0.000000,1.000000,0,0.000000,0,0.833000,795.200000,77.300000,0.000000,0.000000,0.000000,0.000000,0.000000,0.000000,0.000000,0.000000,0,0,0,0,0.000000,0.000000,1,0,0,0,0
466470046,461478045,466470046,625,52.000000,65.200000,123.000000,412.000000,431.000000,68.000000,124.000000,397.600000,-107.000000,-47.000000,212.000000,106.214148,345.000000,0.000000,0.000000,1.000000,0,0.000000,14,0.522000,795.200000,77.300000,0.000000,125.000000,0.004000,0.999700,1.000000,0.000000,0.000000,0.000000,0,0,0,4,0.000000,0.000000,1,0,0,0,0
471478045,466486045,471478045,625,46.000000,60.000000,130.000000,413.600000,445.000000,61.200000,135.000000,395.000000,-111.000000,-40.000000,212.000000,110.231500,364.000000,0.000000,0.000000,1.000000,0,0.000000,16,0.520000,795.200000,77.300000,0.000000,125.000000,0.004000,0.999700,1.000000,0.000000,0.000000,0.000000,0,0,0,4,824.000000,0.870854,1,13,1,1,0
476486043,471486043,476486043,626,52.000000,60.000000,112.500000,417.750000,447.000000,64.000000,116.000000,397.000000,-106.000000,-57.000000,212.750000,109.307033,358.000000,0.000000,0.000000,1.000000,0,0.000000,22,0.503000,795.200000,77.300000,0.000000,125.000000,0.004000,0.999700,1.000000,0.000000,0.000000,0.000000,0,0,0,4,811.097120,0.843503,1,19,1,1,0
481486043,476486043,481486043,626,54.000000,67.000000,117.500000,408.750000,432.000000,67.000000,122.500000,392.500000,-105.000000,-51.500000,209.750000,105.968322,338.000000,0.000000,0.000000,1.000000,0,0.000000,27,0.506500,795.200000,77.300000,0.000000,125.000000,0.004000,0.999700,1.000000,0.000000,0.000000,0.000000,0,0,0,4,768.792320,0.835929,1,25,0,0,0
486486043,481486043,486486043,626,43.000000,64.250000,123.000000,406.000000,429.000000,66.250000,128.000000,386.000000,-109.750000,-48.000000,199.000000,105.048391,346.000000,0.000000,0.000000,1.000000,0,0.000000,25,0.519000,795.200000,77.300000,0.000000,125.000000,0.004000,0.999700,1.000000,0.000000,0.000000,0.000000,0,0,0,4,730.430400,0.906055,1,26,0,0,0
491486045,486494043,491486045,625,50.000000,58.000000,112.000000,410.600000,432.000000,60.000000,118.000000,394.800000,-109.000000,-53.000000,211.000000,109.411174,343.000000,0.000000,0.000000,1.000000,0,0.000000,20,0.507000,795.200000,77.300000,0.000000,125.000000,0.004000,0.999700,1.000000,0.000000,0.000000,0.000000,0,0,0,4,729.024320,0.931480,1,27,0,0,0
496494043,491494047,496494043,626,45.000000,62.000000,116.500000,425.000000,455.000000,64.000000,120.500000,408.500000,-109.750000,-51.000000,223.500000,115.444192,369.000000,0.000000,0.000000,1.000000,0,0.000000,21,0.512000,795.200000,77.300000,0.000000,125.000000,0.004000,0.999700,1.000000,0.000000,0.000000,0.000000,0,0,0,4,732.216000,0.884356,1,27,0,0,0
501494046,496502043,501494046,625,55.000000,66.400000,120.000000,429.000000,456.000000,69.200000,124.000000,412.000000,-107.000000,-50.000000,223.000000,112.015183,366.000000,0.000000,0.000000,1.000000,0,0.000000,19,0.502000,795.200000,77.300000,0.000000,125.000000,0.003000,0.999775,1.000000,0.000000,0.000000,0.000000,0,0,0,4,761.285760,0.845119,1,26,0,0,0
506502045,501502045,506502045,626,44.000000,61.000000,125.500000,414.500000,451.000000,64.000000,129.000000,396.500000,-110.000000,-47.000000,210.000000,105.116936,366.000000,0.000000,0.000000,1.000000,0,0.000000,20,0.493000,795.200000,77.300000,0.000000,125.000000,0.004000,0.999700,1.000000,0.000000,0.000000,0.000000,0,0,0,4,800.719360,0.907545,1,25,0,0,0
511510045,506518043,511510045,625,53.000000,64.000000,121.000000,407.800000,429.000000,67.000000,126.000000,387.800000,-108.000000,-50.000000,202.800000,105.405685,330.000000,0.000000,0.000000,1.000000,0,0.000000,22,0.521000,795.200000,77.300000,0.000000,125.000000,0.003000,0.999775,1.000000,0.000000,0.000000,0.000000,0,0,0,4,807.680320,0.875575,1,25,0,0,0
516518043,511518043,516518043,626,49.000000,62.000000,123.000000,401.750000,434.000000,62.500000,127.000000,385.750000,-109.750000,-50.000000,199.750000,104.796625,347.000000,0.000000,0.000000,1.000000,0,0.000000,24,0.521000,795.200000,77.300000,0.000000,125.000000,0.004000,0.999700,1.000000,0.000000,0.000000,0.000000,0,0,0,4,763.099520,0.853083,1,26,0,0,0
521518043,516518043,521518043,626,36.000000,60.500000,127.000000,410.000000,446.000000,63.000000,132.000000,393.750000,-117.000000,-47.000000,203.000000,103.452065,366.000000,0.000000,0.000000,1.000000,0,0.000000,24,0.509500,795.200000,77.300000,0.000000,125.000000,0.004000,0.999700,1.000000,0.000000,0.000000,0.000000,0,0,0,4,746.779520,0.829643,1,26,1,0,1
526518045,521526043,526518045,625,33.000000,56.200000,124.000000,420.800000,449.000000,58.200000,124.000000,402.800000,-110.800000,-45.000000,220.000000,110.082003,376.000000,0.000000,0.000000,1.000000,0,0.000000,16,0.494000,795.200000,77.300000,0.000000,125.000000,0.004000,0.999700,1.000000,0.000000,0.000000,0.000000,0,0,0,4,758.371840,0.838951,1,26,0,0,0
531526043,526526043,531526043,626,53.000000,67.000000,122.000000,422.000000,440.000000,67.000000,125.000000,406.250000,-108.000000,-49.000000,218.750000,108.959557,354.000000,0.000000,0.000000,1.000000,0,0.000000,22,0.509500,795.200000,77.300000,0.000000,125.000000,0.004000,0.999700,1.000000,0.000000,0.000000,0.000000,0,0,0,4,777.124160,0.837118,1,25,1,0,1
536526043,531526043,536526043,626,60.000000,70.250000,124.000000,425.000000,453.000000,72.000000,124.000000,408.000000,-104.000000,-49.000000,220.750000,107.083512,350.000000,0.000000,0.000000,1.000000,0,0.000000,20,0.506000,795.200000,77.300000,0.000000,125.000000,0.004000,0.999700,1.000000,0.000000,0.000000,0.000000,0,0,0,4,810.426560,0.833359,1,24,0,0,0
541526046,536534043,541526046,625,0.000000,47.200000,133.000000,414.000000,471.000000,51.000000,138.000000,397.800000,-120.000000,-38.000000,209.800000,110.091424,442.000000,0.041600,0.000000,1.000000,0,0.000000,22,0.525000,795.200000,77.300000,0.000000,125.000000,0.004000,0.906100,1.000000,0.041600,0.000000,0.000000,0,0,0,4,829.119680,0.840122,1,24,0,0,0
546534043,541534047,546534043,626,46.000000,62.250000,123.000000,420.000000,455.000000,64.000000,127.500000,404.750000,-107.750000,-46.000000,220.750000,112.133027,363.000000,0.000000,0.000000,1.000000,0,0.000000,20,0.499000,795.200000,77.300000,0.000000,125.000000,0.004000,0.999700,1.000000,0.000000,0.000000,0.000000,0,0,0,4,824.822720,0.828785,1,25,1,1,0
551534045,546542044,551534045,625,47.000000,55.000000,113.000000,434.800000,468.000000,57.000000,116.000000,415.000000,-116.000000,-59.000000,228.000000,116.653657,386.000000,0.000000,0.000000,1.000000,0,0.000000,14,0.516000,795.200000,77.300000,0.000000,125.000000,0.004000,0.999700,1.000000,0.000000,0.000000,0.000000,0,0,0,4,782.040960,0.802342,1,25,1,0,1
556542045,551550043,556542045,625,28.000000,59.000000,127.000000,428.000000,468.000000,60.000000,131.000000,410.800000,-115.000000,-47.000000,221.800000,114.513922,393.000000,0.000000,0.000000,1.000000,0,0.000000,19,0.509000,795.200000,77.300000,0.000000,125.000000,0.004000,0.999700,1.000000,0.000000,0.000000,0.000000,0,0,0,4,760.162240,0.853138,1,26,0,0,0
561550043,556550045,561550043,626,36.000000,54.250000,117.000000,432.000000,463.000000,56.250000,119.000000,414.750000,-115.000000,-54.000000,228.000000,113.769871,386.000000,0.000000,0.000000,1.000000,0,0.000000,20,0.498000,795.200000,77.300000,0.000000,125.000000,0.004000,0.999700,1.000000,0.000000,0.000000,0.000000,0,0,0,4,782.121280,0.905899,1,25,1,0,1
566550043,561550043,566550043,626,48.000000,60.000000,123.000000,431.000000,476.000000,63.250000,126.000000,414.000000,-112.750000,-51.500000,225.000000,115.297604,386.000000,0.000000,0.000000,1.000000,0,0.000000,26,0.498000,795.200000,77.300000,0.000000,125.000000,0.004000,0.999700,1.000000,0.000000,0.000000,0.000000,0,0,0,4,783.000960,0.925906,1,25,0,0,0
571550043,566550043,571550043,626,31.000000,45.000000,112.000000,428.000000,466.000000,46.500000,117.000000,407.750000,-125.000000,-60.500000,220.000000,115.976155,394.000000,0.000000,0.000000,1.000000,0,0.000000,19,0.529500,795.200000,77.300000,0.000000,125.000000,0.004000,0.999700,1.000000,0.000000,0.000000,0.000000,0,0,0,4,771.897600,0.903130,1,25,1,0,1
576550044,571558043,576550044,625,32.000000,43.000000,121.000000,444.800000,481.000000,45.000000,124.000000,428.800000,-127.800000,-49.000000,244.000000,126.944598,410.000000,0.000000,0.000000,1.000000,0,0.000000,16,0.511000,795.200000,77.300000,0.000000,125.000000,0.004000,0.999700,1.000000,0.000000,0.000000,0.000000,0,0,0,4,759.509760,0.908623,1,25,0,0,0
581550046,576558043,581550046,625,53.000000,63.000000,121.000000,419.800000,441.000000,64.000000,125.000000,400.000000,-108.000000,-54.000000,212.800000,109.178909,344.000000,0.000000,0.000000,1.000000,0,0.000000,23,0.509000,795.200000,77.300000,0.000000,125.000000,0.004000,0.999700,1.000000,0.000000,0.000000,0.000000,0,0,0,4,759.981120,0.893477,1,26,0,0,0
586558046,581566045,586558046,625,47.000000,57.000000,120.000000,408.800000,461.000000,59.000000,124.000000,393.600000,-112.000000,-51.000000,207.800000,107.023496,376.000000,0.000000,0.000000,1.000000,0,0.000000,17,0.513000,795.200000,77.300000,0.000000,125.000000,0.004000,0.999700,1.000000,0.000000,0.000000,0.000000,0,0,0,4,768.960000,0.881416,1,26,0,0,0
591566043,586566043,591566043,626,44.000000,60.000000,127.000000,423.000000,459.000000,63.000000,133.000000,405.500000,-113.000000,-47.000000,213.500000,111.421521,375.000000,0.000000,0.000000,1.000000,0,0.000000,16,0.524000,795.200000,77.300000,0.000000,125.000000,0.004000,0.999700,1.000000,0.000000,0.000000,0.000000,0,0,0,4,745.120640,0.883657,1,26,0,0,0
596566043,591566043,596566043,626,17.000000,32.000000,108.000000,480.000000,520.000000,36.000000,110.000000,460.000000,-139.000000,-57.000000,272.000000,139.768785,459.000000,0.000000,0.000000,1.000000,0,0.000000,16,0.525000,795.200000,77.300000,0.000000,125.000000,0.004000,0.999700,1.000000,0.000000,0.000000,0.000000,0,0,0,4,772.390080,0.768596,1,26,0,0,0
601566043,596566043,601566043,626,28.000000,44.000000,112.000000,459.750000,484.000000,46.000000,115.000000,442.000000,-128.750000,-57.000000,255.500000,126.508650,413.000000,0.000000,0.000000,1.000000,0,0.000000,14,0.506500,795.200000,77.300000,0.000000,125.000000,0.004000,0.999700,1.000000,0.000000,0.000000,0.000000,0,0,0,4,804.081280,0.865707,1,25,0,0,0
606566043,601566043,606566043,626,28.000000,42.250000,106.000000,462.750000,495.000000,45.000000,108.000000,441.750000,-128.750000,-64.000000,254.500000,128.317120,428.000000,0.000000,0.000000,1.000000,0,0.000000,15,0.506500,795.200000,77.300000,0.000000,125.000000,0.004000,0.999700,1.000000,0.000000,0.000000,0.000000,0,0,0,4,830.681600,0.918901,1,24,0,0,0
611566047,606574047,611566047,625,36.000000,44.000000,109.000000,469.800000,503.000000,46.000000,111.000000,450.000000,-128.800000,-58.000000,262.800000,130.607411,426.000000,0.000000,0.000000,1.000000,0,0.000000,18,0.504000,795.200000,77.300000,0.000000,125.000000,0.004000,0.999700,1.000000,0.000000,0.000000,0.000000,0,0,0,4,831.911680,0.943208,1,23,0,0,0
616574043,611574043,616574043,626,49.000000,64.000000,126.000000,432.000000,470.000000,65.000000,130.000000,414.750000,-109.000000,-47.000000,227.000000,113.008341,382.000000,0.000000,0.000000,1.000000,0,0.000000,15,0.492500,795.200000,77.300000,0.000000,125.000000,0.004000,0.999700,1.000000,0.000000,0.000000,0.000000,0,0,0,4,815.279040,0.955770,1,25,0,0,0
621574043,616574043,621574043,626,4.000000,20.000000,114.000000,477.750000,513.000000,23.000000,116.000000,459.000000,-147.750000,-54.500000,273.000000,137.121020,466.000000,0.000000,0.000000,1.000000,0,0.000000,15,0.524000,795.200000,77.300000,0.000000,125.000000,0.004000,0.999700,1.000000,0.000000,0.000000,0.000000,0,0,0,4,821.519680,0.859266,1,23,0,0,0
626574046,621582043,626574046,625,75.000000,82.000000,132.000000,422.800000,448.000000,83.200000,133.000000,408.800000,-96.000000,-45.000000,217.000000,99.219303,334.000000,0.000000,0.000000,1.000000,0,0.000000,17,0.501000,795.200000,77.300000,0.000000,125.000000,0.004000,0.999700,1.000000,0.000000,0.000000,0.000000,0,0,0,4,825.945600,0.817159,1,23,0,0,0
631582043,626582043,631582043,626,60.000000,74.000000,134.000000,418.250000,443.000000,76.000000,137.000000,399.000000,-100.000000,-44.500000,208.000000,105.063200,339.000000,0.000000,0.000000,1.000000,0,0.000000,19,0.514000,795.200000,77.300000,0.000000,125.000000,0.004000,0.999700,1.000000,0.000000,0.000000,0.000000,0,0,0,4,849.972800,0.722804,1,24,1,0,1
636582045,631590043,636582045,625,26.000000,46.000000,109.000000,430.800000,484.000000,48.200000,113.000000,413.600000,-124.000000,-60.000000,227.000000,116.710093,417.000000,0.000000,0.000000,1.000000,0,0.000000,17,0.524000,795.200000,77.300000,0.000000,125.000000,0.004000,0.999700,1.000000,0.000000,0.000000,0.000000,0,0,0,4,850.922240,0.708311,1,24,0,0,0
641590043,636590046,641590043,626,44.000000,55.000000,124.000000,464.750000,492.000000,57.000000,126.000000,446.000000,-119.000000,-45.000000,257.000000,123.804443,406.000000,0.000000,0.000000,1.000000,0,0.000000,18,0.503000,795.200000,77.300000,0.000000,125.000000,0.004000,0.999700,1.000000,0.000000,0.000000,0.000000,0,0,0,4,796.634240,0.767564,1,24,0,0,0
646590046,641598045,646590046,625,38.000000,53.000000,125.000000,452.000000,497.000000,56.200000,128.000000,431.800000,-121.000000,-48.000000,240.000000,118.333747,411.000000,0.000000,0.000000,1.000000,0,0.000000,13,0.520000,795.200000,77.300000,0.000000,125.000000,0.004000,0.999700,1.000000,0.000000,0.000000,0.000000,0,0,0,4,804.957440,0.800993,1,24,0,0,0
651598047,646606046,651598047,625,26.000000,36.000000,107.000000,465.800000,495.000000,40.000000,108.000000,444.800000,-134.000000,-63.000000,258.600000,129.687425,421.000000,0.000000,0.000000,1.000000,0,0.000000,16,0.516000,795.200000,77.300000,0.000000,125.000000,0.004000,0.999700,1.000000,0.000000,0.000000,0.000000,0,0,0,4,842.245120,0.888019,1,24,0,0,0
656606043,651606043,656606043,626,13.000000,32.000000,119.500000,475.750000,510.000000,36.000000,123.500000,453.750000,-136.750000,-54.000000,266.000000,137.448372,447.000000,0.000000,0.000000,1.000000,0,0.000000,14,0.514500,795.200000,77.300000,0.000000,125.000000,0.004000,0.999700,1.000000,0.000000,0.000000,0.000000,0,0,0,4,811.545600,0.891288,1,24,0,0,0
661606043,656606043,661606043,626,21.000000,36.000000,112.500000,468.000000,506.000000,38.000000,116.000000,446.750000,-132.000000,-59.000000,260.000000,130.018722,437.000000,0.000000,0.000000,1.000000,0,0.000000,14,0.502500,795.200000,77.300000,0.000000,125.000000,0.004000,0.999700,1.000000,0.000000,0.000000,0.000000,0,0,0,4,797.644800,0.970715,1,24,1,0,1
666606043,661606043,666606043,626,32.000000,41.250000,112.000000,462.750000,492.000000,44.000000,115.000000,443.000000,-128.000000,-60.500000,256.500000,130.695410,411.000000,0.000000,0.000000,1.000000,0,0.000000,17,0.507500,795.200000,77.300000,0.000000,125.000000,0.004000,0.999700,1.000000,0.000000,0.000000,0.000000,0,0,0,4,787.039680,0.980497,1,25,0,0,0
671606043,666606043,671606043,626,27.000000,37.000000,113.000000,469.750000,491.000000,41.000000,117.000000,449.500000,-133.000000,-60.000000,262.250000,132.092854,421.000000,0.000000,0.000000,1.000000,0,0.000000,17,0.510500,795.200000,77.300000,0.000000,125.000000,0.004000,0.999700,1.000000,0.000000,0.000000,0.000000,0,0,0,4,776.787520,0.977030,1,25,0,0,0
676606045,671614045,676606045,625,4.000000,26.000000,112.000000,471.800000,507.000000,29.200000,118.000000,447.800000,-141.800000,-59.000000,260.800000,137.758887,452.000000,0.000000,0.000000,1.000000,0,0.000000,14,0.526000,795.200000,77.300000,0.000000,125.000000,0.004000,0.999700,1.000000,0.000000,0.000000,0.000000,0,0,0,4,761.746880,0.947781,1,26,0,0,0
681614043,676614044,681614043,626,0.000000,18.000000,100.000000,487.000000,508.000000,18.000000,103.000000,463.750000,-149.750000,-67.000000,279.000000,142.113660,465.000000,0.001597,0.000000,1.000000,0,0.000000,16,0.511500,795.200000,77.300000,0.000000,125.000000,0.004000,0.996106,1.000000,0.001597,0.000000,0.000000,0,0,0,4,761.043520,0.961855,1,25,1,1,0
686614043,681614043,686614043,626,17.000000,30.250000,110.000000,480.750000,522.000000,32.000000,116.000000,459.000000,-141.000000,-61.000000,270.000000,140.450045,453.000000,0.000000,0.000000,1.000000,0,0.000000,17,0.513000,795.200000,77.300000,0.000000,125.000000,0.004000,0.999700,1.000000,0.000000,0.000000,0.000000,0,0,0,4,752.582400,0.965815,1,26,0,0,0
691614046,686622043,691614046,625,0.000000,24.000000,103.000000,473.000000,535.000000,26.200000,108.000000,451.000000,-144.800000,-68.000000,260.800000,140.814455,486.000000,0.014400,0.000000,1.000000,0,0.000000,19,0.528000,795.200000,77.300000,0.000000,125.000000,0.004000,0.967300,1.000000,0.014400,0.000000,0.000000,0,0,0,4,745.090560,0.891261,1,26,0,0,0
696622044,691630046,696622044,625,0.000000,12.000000,92.000000,503.200000,549.000000,15.000000,101.000000,484.800000,-154.000000,-70.000000,299.400000,154.388672,502.000000,0.014400,0.000000,1.000000,0,0.000000,22,0.505000,795.200000,77.300000,0.000000,125.000000,0.004000,0.967300,1.000000,0.014400,0.000000,0.000000,0,0,0,4,738.139840,0.890410,1,26,0,0,0
701630043,696630045,701630043,626,0.000000,11.250000,81.500000,487.750000,525.000000,15.250000,98.000000,460.000000,-152.000000,-71.000000,267.500000,149.308766,470.000000,0.015974,0.000000,1.000000,0,0.000000,28,0.527000,795.200000,77.300000,0.000000,125.000000,0.004000,0.963758,1.000000,0.015974,0.000000,0.000000,0,0,0,4,681.462400,0.696241,1,29,0,0,0
706630046,701638043,706630046,625,0.000000,0.000000,75.000000,547.800000,619.000000,0.000000,87.000000,523.000000,-170.000000,-81.000000,331.600000,175.560314,571.000000,0.137600,0.000000,1.000000,0,0.000000,26,0.524000,795.200000,77.300000,0.000000,125.000000,0.004000,0.690100,1.000000,0.137600,0.000000,0.000000,0,0,0,4,643.042560,0.758048,1,30,0,0,0
711638043,706638043,711638043,626,0.000000,0.000000,82.500000,584.000000,648.000000,2.000000,87.000000,560.000000,-173.000000,-81.000000,368.500000,180.429360,600.000000,0.092652,0.000000,1.000000,0,0.000000,20,0.506000,795.200000,77.300000,0.000000,125.000000,0.004000,0.791234,1.000000,0.092652,0.000000,0.000000,0,0,0,4,632.259520,0.505137,1,29,0,0,0
716638043,711638043,716638043,626,7.000000,20.250000,97.000000,527.000000,576.000000,24.000000,103.000000,499.750000,-149.500000,-67.500000,307.000000,157.427828,513.000000,0.000000,0.000000,1.000000,0,0.000000,15,0.494500,795.200000,77.300000,0.000000,125.000000,0.004000,0.999700,1.000000,0.000000,0.000000,0.000000,0,0,0,4,680.042880,0.454382,1,28,0,0,0
721638043,716638043,721638043,626,0.000000,16.000000,88.500000,536.500000,580.000000,19.000000,92.500000,511.500000,-154.000000,-79.000000,319.000000,159.920600,521.000000,0.001597,0.000000,1.000000,0,0.000000,18,0.506000,795.200000,77.300000,0.000000,125.000000,0.004000,0.996106,1.000000,0.001597,0.000000,0.000000,0,0,0,4,764.517440,0.644790,1,26,0,0,0
726638043,721638043,726638043,626,2.000000,12.000000,84.000000,529.750000,568.000000,15.000000,88.500000,503.750000,-158.000000,-83.500000,312.000000,155.820399,511.000000,0.000000,0.000000,1.000000,0,0.000000,17,0.509000,795.200000,77.300000,0.000000,125.000000,0.004000,0.999700,1.000000,0.000000,0.000000,0.000000,0,0,0,4,749.008960,0.769806,1,25,1,0,1
731638043,726638043,731638043,626,0.000000,27.250000,99.000000,491.750000,546.000000,28.000000,108.500000,464.000000,-139.000000,-62.500000,272.750000,148.214361,501.000000,0.019169,0.000000,1.000000,0,0.000000,26,0.516000,795.200000,77.300000,0.000000,125.000000,0.003000,0.956644,1.000000,0.019169,0.000000,0.000000,0,0,0,4,733.016320,0.829837,1,27,0,0,0
736638044,731646045,736638044,625,0.000000,0.000000,74.000000,607.400000,681.000000,0.000000,80.000000,582.000000,-178.000000,-86.000000,389.600000,188.534275,636.000000,0.172800,0.000000,1.000000,0,0.000000,20,0.521000,795.200000,77.300000,0.000000,125.000000,0.004000,0.610900,1.000000,0.172800,0.000000,0.000000,0,0,0,4,748.697920,0.611419,1,26,0,0,0
741646043,736646043,741646043,626,0.000000,8.250000,104.500000,565.500000,625.000000,11.000000,104.500000,537.750000,-167.750000,-58.500000,344.750000,171.183461,578.000000,0.009585,0.000000,1.000000,0,0.000000,17,0.509000,795.200000,77.300000,0.000000,125.000000,0.004000,0.978135,1.000000,0.009585,0.000000,0.000000,0,0,0,4,848.000000,0.527503,1,26,1,0,1
746646045,741654043,746646045,625,8.000000,18.200000,96.000000,551.800000,603.000000,21.000000,99.000000,527.800000,-158.000000,-72.000000,331.800000,157.790817,541.000000,0.000000,0.000000,1.000000,0,0.000000,16,0.508000,795.200000,77.300000,0.000000,125.000000,0.004000,0.999700,1.000000,0.000000,0.000000,0.000000,0,0,0,4,892.960320,0.662618,1,24,0,0,0
751654045,746662046,751654045,625,14.000000,28.200000,110.000000,527.600000,582.000000,30.000000,111.000000,502.800000,-149.400000,-55.000000,310.000000,153.471820,518.000000,0.000000,0.000000,1.000000,0,0.000000,18,0.506000,795.200000,77.300000,0.000000,125.000000,0.004000,0.999700,1.000000,0.000000,0.000000,0.000000,0,0,0,4,898.838400,0.918171,1,22,1,0,1
756662046,751670046,756662046,625,6.000000,28.000000,100.000000,516.000000,553.000000,31.000000,101.000000,493.000000,-144.000000,-67.000000,300.800000,150.918731,501.000000,0.000000,0.000000,1.000000,0,0.000000,17,0.503000,795.200000,77.300000,0.000000,125.000000,0.004000,0.999700,1.000000,0.000000,0.000000,0.000000,0,0,0,4,877.082560,0.958235,1,22,0,0,0
761670043,756670043,761670043,626,1.000000,16.000000,86.500000,509.000000,553.000000,17.250000,89.000000,492.000000,-155.000000,-78.000000,304.750000,154.427088,504.000000,0.000000,0.000000,1.000000,0,0.000000,14,0.501500,795.200000,77.300000,0.000000,125.000000,0.004000,0.999700,1.000000,0.000000,0.000000,0.000000,0,0,0,4,851.718080,0.907233,1,23,0,0,0
766670043,761670043,766670043,626,4.000000,20.250000,99.000000,547.750000,589.000000,22.250000,102.000000,522.750000,-151.750000,-63.000000,333.000000,161.291818,530.000000,0.000000,0.000000,1.000000,0,0.000000,15,0.504000,795.200000,77.300000,0.000000,125.000000,0.004000,0.999700,1.000000,0.000000,0.000000,0.000000,0,0,0,4,837.575680,0.933937,1,23,1,0,1
771670043,766670043,771670043,626,0.000000,8.000000,87.000000,534.750000,607.000000,11.000000,90.000000,507.750000,-162.000000,-76.500000,314.750000,162.326027,562.000000,0.030351,0.000000,1.000000,0,0.000000,15,0.510500,795.200000,77.300000,0.000000,125.000000,0.004000,0.931409,1.000000,0.030351,0.000000,0.000000,0,0,0,4,820.524800,0.901511,1,23,0,0,0
776670043,771670043,776670043,626,0.000000,6.000000,89.500000,561.750000,600.000000,9.000000,94.000000,538.000000,-164.000000,-68.500000,351.750000,171.653697,554.000000,0.028754,0.000000,1.000000,0,0.000000,17,0.509000,795.200000,77.300000,0.000000,125.000000,0.003000,0.935079,1.000000,0.028754,0.000000,0.000000,0,0,0,4,837.191360,0.894553,1,23,1,0,1
781670044,776678043,781670044,625,1.000000,12.000000,90.000000,539.800000,588.000000,15.000000,93.000000,516.600000,-157.800000,-72.000000,325.000000,161.852189,533.000000,0.000000,0.000000,1.000000,0,0.000000,17,0.507000,795.200000,77.300000,0.000000,125.000000,0.004000,0.999700,1.000000,0.000000,0.000000,0.000000,0,0,0,4,827.836480,0.896816,1,23,0,0,0
786678043,781678043,786678043,626,0.000000,12.000000,90.500000,540.750000,584.000000,14.250000,93.000000,520.500000,-158.000000,-69.500000,329.000000,163.436472,531.000000,0.003195,0.000000,1.000000,0,0.000000,14,0.500000,795.200000,77.300000,0.000000,125.000000,0.004000,0.992512,1.000000,0.003195,0.000000,0.000000,0,0,0,4,849.782720,0.912926,1,23,0,0,0
791678045,786686046,791678045,625,9.000000,18.200000,99.000000,544.000000,577.000000,20.000000,100.000000,519.800000,-154.000000,-65.000000,327.800000,159.288892,517.000000,0.000000,0.000000,1.000000,0,0.000000,16,0.507000,795.200000,77.300000,0.000000,125.000000,0.004000,0.999700,1.000000,0.000000,0.000000,0.000000,0,0,0,4,840.029120,0.936646,1,23,0,0,0
796686043,791686047,796686043,626,9.000000,20.000000,100.000000,531.000000,578.000000,22.000000,102.000000,504.750000,-151.000000,-64.000000,314.750000,153.851251,517.000000,0.000000,0.000000,1.000000,0,0.000000,19,0.505000,795.200000,77.300000,0.000000,125.000000,0.004000,0.999700,1.000000,0.000000,0.000000,0.000000,0,0,0,4,835.515200,0.968064,1,23,0,0,0
801686043,796686043,801686043,626,12.000000,20.000000,97.000000,514.750000,557.000000,23.000000,100.000000,491.750000,-148.750000,-64.000000,305.000000,151.915245,497.000000,0.000000,0.000000,1.000000,0,0.000000,15,0.506500,795.200000,77.300000,0.000000,125.000000,0.004000,0.999700,1.000000,0.000000,0.000000,0.000000,0,0,0,4,838.590080,0.974675,1,23,0,0,0
806686043,801686043,806686043,626,4.000000,18.000000,90.000000,510.000000,556.000000,20.000000,92.000000,491.000000,-153.000000,-73.000000,303.250000,155.039583,510.000000,0.000000,0.000000,1.000000,0,0.000000,21,0.508000,795.200000,77.300000,0.000000,125.000000,0.004000,0.999700,1.000000,0.000000,0.000000,0.000000,0,0,0,4,830.453440,0.966184,1,23,0,0,0
811686043,806686043,811686043,626,0.000000,10.250000,82.000000,500.000000,555.000000,14.000000,89.000000,481.000000,-155.000000,-77.000000,296.000000,156.909240,506.000000,0.019169,0.000000,1.000000,0,0.000000,17,0.515500,795.200000,77.300000,0.000000,125.000000,0.003000,0.956644,1.000000,0.019169,0.000000,0.000000,0,0,0,4,817.774400,0.844833,1,24,0,0,0
816686043,811686043,816686043,626,0.000000,10.000000,92.000000,531.750000,579.000000,13.000000,94.500000,510.000000,-159.000000,-66.000000,321.000000,165.053007,529.000000,0.023962,0.000000,1.000000,0,0.000000,16,0.501000,795.200000,77.300000,0.000000,125.000000,0.004000,0.945786,1.000000,0.023962,0.000000,0.000000,0,0,0,4,790.862720,0.880623,1,25,0,0,0
821686046,816694045,821686046,625,2.000000,19.200000,97.000000,527.800000,565.000000,22.000000,100.000000,503.800000,-152.000000,-62.000000,315.800000,154.644904,512.000000,0.000000,0.000000,1.000000,0,0.000000,20,0.496000,795.200000,77.300000,0.000000,125.000000,0.004000,0.999700,1.000000,0.000000,0.000000,0.000000,0,0,0,4,767.798400,0.876098,1,24,1,0,1
826686047,821694043,826686047,625,1.000000,20.000000,98.000000,534.600000,564.000000,23.000000,100.000000,511.800000,-151.000000,-64.000000,320.600000,155.559123,511.000000,0.000000,0.000000,1.000000,0,0.000000,18,0.510000,795.200000,77.300000,0.000000,125.000000,0.004000,0.999700,1.000000,0.000000,0.000000,0.000000,0,0,0,4,804.899200,0.860615,1,24,1,0,1
831694043,826694043,831694043,626,2.000000,15.250000,88.000000,514.750000,564.000000,18.000000,94.000000,493.750000,-155.000000,-71.500000,306.000000,157.471801,515.000000,0.000000,0.000000,1.000000,0,0.000000,14,0.509000,795.200000,77.300000,0.000000,125.000000,0.004000,0.999700,1.000000,0.000000,0.000000,0.000000,0,0,0,4,822.014400,0.944304,1,24,0,0,0
836694043,831694043,836694043,626,0.000000,0.000000,70.000000,552.000000,628.000000,0.000000,71.000000,530.750000,-172.000000,-90.000000,340.750000,175.265453,585.000000,0.140575,0.000000,1.000000,0,0.000000,24,0.515500,795.200000,77.300000,0.000000,125.000000,0.004000,0.683406,1.000000,0.140575,0.000000,0.000000,0,0,0,4,814.703680,0.910679,1,24,0,0,0
841694044,836702044,841694044,625,0.000000,10.000000,85.000000,548.600000,594.000000,13.000000,91.000000,522.800000,-155.800000,-69.000000,336.800000,172.631574,548.000000,0.011200,0.000000,1.000000,0,0.000000,15,0.494000,795.200000,77.300000,0.000000,125.000000,0.004000,0.974500,1.000000,0.011200,0.000000,0.000000,0,0,0,4,799.411520,0.931111,1,24,0,0,0
846694044,841694044,846694044,626,4.000000,13.000000,72.500000,531.000000,578.000000,14.000000,76.500000,506.750000,-158.000000,-88.500000,317.000000,161.145202,525.000000,0.000000,0.000000,1.000000,0,0.000000,18,0.502500,795.200000,77.300000,0.000000,125.000000,0.004000,0.999700,1.000000,0.000000,0.000000,0.000000,0,0,0,4,787.195520,0.928481,1,25,1,0,1
851694046,846702043,851694046,625,9.000000,20.000000,92.000000,531.800000,582.000000,22.000000,97.000000,509.000000,-150.800000,-67.000000,318.000000,161.081426,515.000000,0.000000,0.000000,1.000000,0,0.000000,21,0.502000,795.200000,77.300000,0.000000,125.000000,0.004000,0.999700,1.000000,0.000000,0.000000,0.000000,0,0,0,4,780.022080,0.929528,1,25,0,0,0
856702046,851710045,856702046,625,0.000000,12.000000,84.000000,531.800000,578.000000,15.000000,87.000000,507.800000,-156.000000,-77.000000,319.800000,160.637124,523.000000,0.001600,0.000000,1.000000,0,0.000000,19,0.506000,795.200000,77.300000,0.000000,125.000000,0.004000,0.996100,1.000000,0.001600,0.000000,0.000000,0,0,0,4,777.615360,0.926161,1,25,1,0,1
861702046,856702046,861702046,626,0.000000,19.000000,85.000000,520.750000,586.000000,21.000000,87.000000,496.500000,-151.000000,-77.500000,309.000000,155.512604,537.000000,0.012780,0.000000,1.000000,0,0.000000,19,0.493000,795.200000,77.300000,0.000000,125.000000,0.004000,0.970946,1.000000,0.012780,0.000000,0.000000,0,0,0,4,782.501120,0.959583,1,25,0,0,0
866702047,861710043,866702047,625,5.000000,20.000000,93.000000,534.000000,567.000000,22.000000,95.000000,510.400000,-151.000000,-67.000000,317.000000,160.948913,508.000000,0.000000,0.000000,1.000000,0,0.000000,19,0.504000,795.200000,77.300000,0.000000,125.000000,0.004000,0.999700,1.000000,0.000000,0.000000,0.000000,0,0,0,4,790.464000,0.953768,1,24,0,0,0
871710043,866710045,871710043,626,4.000000,20.000000,85.000000,509.000000,556.000000,24.000000,91.000000,488.500000,-147.750000,-74.500000,302.500000,154.321240,497.000000,0.000000,0.000000,1.000000,0,0.000000,16,0.502000,795.200000,77.300000,0.000000,125.000000,0.004000,0.999700,1.000000,0.000000,0.000000,0.000000,0,0,0,4,790.464000,0.956552,1,24,1,0,1
876710044,871718043,876710044,625,6.000000,16.000000,82.000000,523.000000,565.000000,19.000000,85.000000,503.800000,-153.000000,-79.000000,316.200000,159.552389,509.000000,0.000000,0.000000,1.000000,0,0.000000,19,0.504000,795.200000,77.300000,0.000000,125.000000,0.004000,0.999700,1.000000,0.000000,0.000000,0.000000,0,0,0,4,796.633280,0.966555,1,24,0,0,0
881710046,876718043,881710046,625,0.000000,15.000000,92.000000,524.000000,560.000000,17.200000,96.000000,502.000000,-154.800000,-67.000000,312.000000,162.065033,509.000000,0.001600,0.000000,1.000000,0,0.000000,15,0.508000,795.200000,77.300000,0.000000,125.000000,0.004000,0.996100,1.000000,0.001600,0.000000,0.000000,0,0,0,4,788.989440,0.947421,1,25,0,0,0
886718044,881726045,886718044,625,0.000000,0.000000,79.000000,528.800000,573.000000,1.000000,82.000000,504.800000,-170.000000,-85.000000,318.800000,162.970556,533.000000,0.099200,0.000000,1.000000,0,0.000000,23,0.521000,795.200000,77.300000,0.000000,125.000000,0.004000,0.776500,1.000000,0.099200,0.000000,0.000000,0,0,0,4,787.794880,0.943572,1,25,1,0,1
891726043,886726047,891726043,626,0.000000,12.000000,77.000000,532.750000,570.000000,15.000000,88.000000,509.750000,-158.750000,-80.000000,319.000000,168.246783,522.000000,0.006390,0.000000,1.000000,0,0.000000,20,0.510000,795.200000,77.300000,0.000000,125.000000,0.004000,0.985323,1.000000,0.006390,0.000000,0.000000,0,0,0,4,774.689920,0.914584,1,25,0,0,0
896726045,891734044,896726045,625,18.000000,27.000000,95.000000,528.800000,573.000000,28.000000,97.000000,505.000000,-145.800000,-73.000000,312.000000,155.045800,507.000000,0.000000,0.000000,1.000000,0,0.000000,15,0.497000,795.200000,77.300000,0.000000,125.000000,0.004000,0.999700,1.000000,0.000000,0.000000,0.000000,0,0,0,4,763.812480,0.896935,1,25,0,0,0
901734045,896742043,901734045,625,6.000000,18.200000,92.000000,528.800000,579.000000,22.000000,98.000000,507.000000,-151.000000,-70.000000,317.400000,161.631728,518.000000,0.000000,0.000000,1.000000,0,0.000000,18,0.504000,795.200000,77.300000,0.000000,125.000000,0.004000,0.999700,1.000000,0.000000,0.000000,0.000000,0,0,0,4,760.959040,0.912304,1,26,0,0,0
906742043,901742043,906742043,626,0.000000,4.000000,84.000000,539.750000,588.000000,6.000000,88.000000,517.000000,-166.000000,-75.000000,328.000000,166.456992,540.000000,0.038339,0.000000,1.000000,0,0.000000,20,0.510500,795.200000,77.300000,0.000000,125.000000,0.004000,0.913438,1.000000,0.038339,0.000000,0.000000,0,0,0,4,794.298240,0.926678,1,25,1,0,1
911742043,906742043,911742043,626,9.000000,19.000000,81.000000,527.000000,572.000000,22.000000,85.000000,504.000000,-149.750000,-84.500000,313.000000,158.503961,512.000000,0.000000,0.000000,1.000000,0,0.000000,18,0.494000,795.200000,77.300000,0.000000,125.000000,0.004000,0.999700,1.000000,0.000000,0.000000,0.000000,0,0,0,4,789.114240,0.962972,1,24,0,0,0
916742046,911750043,916742046,625,0.000000,9.200000,83.000000,520.400000,567.000000,12.000000,91.000000,495.000000,-158.800000,-79.000000,307.000000,162.177860,517.000000,0.008000,0.000000,1.000000,0,0.000000,19,0.510000,795.200000,77.300000,0.000000,125.000000,0.003000,0.981775,1.000000,0.008000,0.000000,0.000000,0,0,0,4,788.753600,0.925475,1,25,0,0,0
921750045,916758045,921750045,625,3.000000,18.200000,77.000000,503.000000,557.000000,18.200000,86.000000,479.800000,-153.800000,-85.000000,291.000000,154.786049,503.000000,0.000000,0.000000,1.000000,0,0.000000,22,0.512000,795.200000,77.300000,0.000000,125.000000,0.004000,0.999700,1.000000,0.000000,0.000000,0.000000,0,0,0,4,756.160960,0.842007,1,26,0,0,0
926758043,921758043,926758043,626,2.000000,16.000000,82.000000,536.000000,572.000000,18.000000,90.000000,510.000000,-154.000000,-78.000000,318.000000,164.791114,518.000000,0.000000,0.000000,1.000000,0,0.000000,19,0.514000,795.200000,77.300000,0.000000,125.000000,0.004000,0.999700,1.000000,0.000000,0.000000,0.000000,0,0,0,4,735.584640,0.877788,1,27,1,0,1
931758043,926758043,931758043,626,21.000000,34.250000,100.000000,507.500000,549.000000,35.000000,103.000000,486.000000,-141.000000,-68.500000,295.000000,144.320756,477.000000,0.000000,0.000000,1.000000,0,0.000000,24,0.496000,795.200000,77.300000,0.000000,125.000000,0.004000,0.999700,1.000000,0.000000,0.000000,0.000000,0,0,0,4,720.224000,0.867886,1,26,0,0,0
936758045,931766047,936758045,625,0.000000,0.000000,96.000000,500.000000,549.000000,2.000000,104.000000,478.800000,-168.000000,-65.000000,288.000000,151.611806,513.000000,0.078400,0.000000,1.000000,0,0.000000,27,0.538000,795.200000,77.300000,0.000000,125.000000,0.004000,0.823300,1.000000,0.078400,0.000000,0.000000,0,0,0,4,734.203200,0.763543,1,27,0,0,0
941766045,936774044,941766045,625,56.000000,65.200000,108.000000,458.600000,508.000000,67.000000,111.000000,437.800000,-111.000000,-67.000000,242.800000,123.929735,397.000000,0.000000,0.000000,1.000000,0,0.000000,55,0.502000,795.200000,77.300000,0.000000,125.000000,0.004000,0.999700,1.000000,0.000000,0.000000,0.000000,0,0,0,4,726.553920,0.759669,1,27,1,0,1
946774043,941774043,946774043,626,42.000000,55.250000,94.000000,480.500000,519.000000,58.250000,97.500000,456.000000,-116.000000,-77.000000,261.750000,133.025229,418.000000,0.000000,0.000000,1.000000,0,0.000000,44,0.499500,795.200000,77.300000,0.000000,125.000000,0.004000,0.999700,1.000000,0.000000,0.000000,0.000000,0,0,0,4,695.672960,0.812995,1,27,0,0,0
951774043,946774043,951774043,626,0.000000,24.000000,77.000000,519.750000,611.000000,26.250000,83.000000,490.000000,-144.750000,-88.500000,294.750000,154.855602,553.000000,0.015974,0.000000,1.000000,0,0.000000,30,0.511000,795.200000,77.300000,0.000000,125.000000,0.004000,0.963758,1.000000,0.015974,0.000000,0.000000,0,0,0,4,708.014080,0.847686,1,27,0,0,0
956774043,951774043,956774043,626,0.000000,3.000000,87.500000,601.000000,633.000000,6.000000,94.000000,572.000000,-167.000000,-72.500000,376.750000,180.863101,574.000000,0.028754,0.000000,1.000000,0,0.000000,16,0.504000,795.200000,77.300000,0.000000,125.000000,0.003000,0.935079,1.000000,0.028754,0.000000,0.000000,0,0,0,4,746.643520,0.650401,1,26,0,0,0
961774043,956774043,961774043,626,0.000000,1.000000,101.500000,542.750000,620.000000,5.000000,104.000000,514.000000,-162.000000,-63.500000,321.000000,164.856915,560.000000,0.049521,0.000000,1.000000,0,0.000000,25,0.519000,795.200000,77.300000,0.000000,125.000000,0.004000,0.888278,1.000000,0.049521,0.000000,0.000000,0,0,0,4,749.083520,0.599804,1,26,0,0,0
966774043,961774043,966774043,626,0.000000,0.000000,68.000000,575.250000,618.000000,1.000000,70.500000,544.000000,-169.000000,-96.500000,352.750000,180.387050,563.000000,0.137380,0.000000,1.000000,0,0.000000,22,0.499000,795.200000,77.300000,0.000000,125.000000,0.004000,0.690595,1.000000,0.137380,0.000000,0.000000,0,0,0,4,809.922240,0.686239,1,25,1,0,1
971774043,966774043,971774043,626,0.000000,0.000000,79.000000,564.000000,603.000000,3.000000,85.500000,538.750000,-166.000000,-84.000000,349.000000,177.140928,563.000000,0.070288,0.000000,1.000000,0,0.000000,19,0.494000,795.200000,77.300000,0.000000,125.000000,0.004000,0.841553,1.000000,0.070288,0.000000,0.000000,0,0,0,4,765.654080,0.775805,1,25,0,0,0
976774046,971782043,976774046,625,0.000000,0.000000,74.000000,571.800000,625.000000,1.000000,79.000000,544.000000,-166.000000,-90.000000,352.800000,181.386344,570.000000,0.097600,0.000000,1.000000,0,0.000000,21,0.504000,795.200000,77.300000,0.000000,125.000000,0.004000,0.780100,1.000000,0.097600,0.000000,0.000000,0,0,0,4,757.969280,0.923252,1,26,0,0,0
981782043,976782043,981782043,626,0.000000,0.000000,66.500000,559.000000,616.000000,4.000000,71.000000,530.000000,-164.000000,-99.500000,340.000000,172.857041,561.000000,0.062300,0.000000,1.000000,0,0.000000,20,0.499000,795.200000,77.300000,0.000000,125.000000,0.003000,0.859599,1.000000,0.062300,0.000000,0.000000,0,0,0,4,759.816640,0.945096,1,25,1,0,1
986782043,981782043,986782043,626,0.000000,12.000000,92.000000,553.750000,605.000000,14.000000,97.500000,526.000000,-156.000000,-70.000000,334.750000,169.716301,551.000000,0.009585,0.000000,1.000000,0,0.000000,17,0.490000,795.200000,77.300000,0.000000,125.000000,0.004000,0.978135,1.000000,0.009585,0.000000,0.000000,0,0,0,4,762.260480,0.933990,1,26,0,0,0
991782043,986782043,991782043,626,2.000000,24.000000,88.000000,513.000000,549.000000,26.000000,92.000000,488.500000,-144.000000,-83.000000,298.000000,149.962667,485.000000,0.000000,0.000000,1.000000,0,0.000000,18,0.496000,795.200000,77.300000,0.000000,125.000000,0.004000,0.999700,1.000000,0.000000,0.000000,0.000000,0,0,0,4,758.181440,0.926923,1,25,1,1,0
996782043,991782043,996782043,626,2.000000,19.000000,95.500000,516.750000,566.000000,22.000000,102.000000,493.250000,-148.000000,-70.500000,305.750000,156.645779,507.000000,0.000000,0.000000,1.000000,0,0.000000,16,0.503500,795.200000,77.300000,0.000000,125.000000,0.004000,0.999700,1.000000,0.000000,0.000000,0.000000,0,0,0,4,764.754240,0.932007,1,26,0,0,0
1001782043,996782043,1001782043,626,0.000000,2.250000,85.500000,500.750000,564.000000,7.000000,92.500000,476.750000,-159.750000,-83.000000,288.000000,154.997538,511.000000,0.046326,0.000000,1.000000,0,0.000000,20,0.517000,795.200000,77.300000,0.000000,125.000000,0.004000,0.895467,1.000000,0.046326,0.000000,0.000000,0,0,0,4,749.665920,0.875135,1,26,0,0,0
1006782046,1001790043,1006782046,625,0.000000,0.000000,81.000000,578.800000,615.000000,1.000000,87.000000,554.000000,-170.000000,-77.000000,361.000000,183.465534,571.000000,0.147200,0.000000,1.000000,0,0.000000,24,0.513000,795.200000,77.300000,0.000000,125.000000,0.004000,0.668500,1.000000,0.147200,0.000000,0.000000,0,0,0,4,744.562880,0.823334,1,27,1,0,1
1011782047,1006790047,1011782047,625,0.000000,9.000000,91.000000,552.800000,591.000000,11.000000,92.000000,527.000000,-162.000000,-79.000000,335.800000,164.869718,534.000000,0.019200,0.000000,1.000000,0,0.000000,15,0.491000,795.200000,77.300000,0.000000,125.000000,0.004000,0.956500,1.000000,0.019200,0.000000,0.000000,0,0,0,4,736.664320,0.810874,1,26,0,0,0
1016790045,1011798043,1016790045,625,0.000000,7.000000,89.000000,536.000000,573.000000,11.000000,96.000000,507.800000,-160.800000,-77.000000,314.000000,164.037289,517.000000,0.027200,0.000000,1.000000,0,0.000000,16,0.510000,795.200000,77.300000,0.000000,125.000000,0.004000,0.938500,1.000000,0.027200,0.000000,0.000000,0,0,0,4,767.840640,0.807392,1,26,0,0,0
1021790047,1016798043,1021790047,625,0.000000,1.000000,84.000000,555.800000,586.000000,5.000000,89.000000,525.000000,-163.000000,-78.000000,335.800000,174.121118,535.000000,0.048000,0.000000,1.000000,0,0.000000,16,0.507000,795.200000,77.300000,0.000000,125.000000,0.004000,0.891700,1.000000,0.048000,0.000000,0.000000,0,0,0,4,777.041280,0.923297,1,26,1,0,1
1026798043,1021798043,1026798043,626,0.000000,11.000000,89.000000,538.500000,581.000000,13.000000,93.000000,512.750000,-158.000000,-80.000000,321.000000,160.433593,529.000000,0.015974,0.000000,1.000000,0,0.000000,16,0.496000,795.200000,77.300000,0.000000,125.000000,0.004000,0.963758,1.000000,0.015974,0.000000,0.000000,0,0,0,4,755.367680,0.935764,1,25,1,0,1
1031798043,1026798043,1031798043,626,0.000000,1.000000,83.000000,549.000000,583.000000,5.000000,86.000000,521.000000,-166.000000,-80.500000,331.750000,166.666135,532.000000,0.046326,0.000000,1.000000,0,0.000000,15,0.507000,795.200000,77.300000,0.000000,125.000000,0.004000,0.895467,1.000000,0.046326,0.000000,0.000000,0,0,0,4,764.290560,0.935312,1,25,0,0,0
1036798045,1031806043,1036798045,625,0.000000,0.000000,89.000000,560.800000,592.000000,4.000000,92.000000,534.800000,-166.800000,-72.000000,344.000000,177.814020,547.000000,0.064000,0.000000,1.000000,0,0.000000,20,0.504000,795.200000,77.300000,0.000000,125.000000,0.004000,0.855700,1.000000,0.064000,0.000000,0.000000,0,0,0,4,781.492800,0.972828,1,25,1,0,1
1041798045,1036798045,1041798045,626,0.000000,12.000000,89.500000,547.750000,578.000000,14.000000,93.000000,522.750000,-158.000000,-76.000000,330.750000,164.293652,531.000000,0.012780,0.000000,1.000000,0,0.000000,14,0.499000,795.200000,77.300000,0.000000,125.000000,0.004000,0.970946,1.000000,0.012780,0.000000,0.000000,0,0,0,4,792.179840,0.975154,1,25,1,0,1
1046798047,1041806043,1046798047,625,2.000000,14.000000,87.000000,533.000000,565.000000,16.200000,89.000000,508.800000,-154.000000,-82.000000,316.800000,160.436060,507.000000,0.000000,0.000000,1.000000,0,0.000000,17,0.500000,795.200000,77.300000,0.000000,125.000000,0.004000,0.999700,1.000000,0.000000,0.000000,0.000000,0,0,0,4,795.724800,0.975612,1,24,0,0,0
1051806045,1046806046,1051806045,626,0.000000,1.000000,83.000000,548.000000,584.000000,4.250000,90.000000,521.000000,-165.000000,-82.000000,333.000000,171.774326,535.000000,0.049521,0.000000,1.000000,0,0.000000,20,0.508500,795.200000,77.300000,0.000000,125.000000,0.004000,0.888278,1.000000,0.049521,0.000000,0.000000,0,0,0,4,788.054400,0.937125,1,25,0,0,0
1056806047,1051814045,1056806047,617,0.000000,6.000000,84.000000,553.200000,588.000000,10.000000,88.000000,524.200000,-161.000000,-82.000000,333.000000,167.885209,538.000000,0.025932,0.000000,1.000000,0,0.000000,15,0.501000,795.200000,77.300000,0.000000,125.000000,0.004000,0.877154,1.000000,0.025932,0.000000,0.000040,8,0,0,4,764.143040,0.938535,1,25,0,0,0
1061814043,1056814047,1061814043,626,0.000000,0.000000,81.000000,573.750000,623.000000,1.250000,90.000000,549.500000,-170.000000,-78.500000,357.000000,183.272200,572.000000,0.108626,0.000000,1.000000,0,0.000000,19,0.508000,795.200000,77.300000,0.000000,125.000000,0.004000,0.755094,1.000000,0.108626,0.000000,0.000040,8,0,0,4,778.873920,0.919567,1,25,0,0,0
1066814043,1061814043,1066814043,626,0.000000,0.000000,78.000000,562.000000,599.000000,4.000000,81.500000,536.250000,-167.000000,-88.500000,345.000000,173.352116,551.000000,0.067093,0.000000,1.000000,0,0.000000,19,0.494000,795.200000,77.300000,0.000000,125.000000,0.004000,0.848546,1.000000,0.067093,0.000000,0.000039,8,0,0,4,787.300160,0.956735,1,25,0,0,0
1071814043,1066814043,1071814043,626,0.000000,0.000000,63.000000,556.750000,620.000000,0.000000,71.500000,530.750000,-175.000000,-103.000000,335.750000,179.494426,568.000000,0.135783,0.000000,1.000000,0,0.000000,27,0.517000,795.200000,77.300000,0.000000,125.000000,0.004000,0.693994,1.000000,0.135783,0.000000,0.000039,8,0,0,4,778.283200,0.861483,1,25,0,0,0
1076814043,1071814043,1076814043,626,0.000000,0.000000,69.000000,564.000000,601.000000,2.000000,79.000000,537.000000,-166.000000,-94.000000,346.000000,179.880710,547.000000,0.091054,0.000000,1.000000,0,0.000000,21,0.500000,795.200000,77.300000,0.000000,125.000000,0.004000,0.794635,1.000000,0.091054,0.000000,0.000039,8,0,0,4,762.541120,0.832261,1,26,0,0,0
1081814045,1076822045,1081814045,625,0.000000,4.000000,89.000000,554.600000,596.000000,7.000000,95.000000,526.000000,-164.000000,-71.000000,335.800000,171.766207,545.000000,0.032000,0.000000,1.000000,0,0.000000,17,0.501000,795.200000,77.300000,0.000000,125.000000,0.004000,0.927509,1.000000,0.032000,0.000000,0.000038,8,0,0,4,720.120960,0.854558,1,27,0,0,0
1086814046,1081822044,1086814046,625,0.000000,0.000000,90.000000,534.800000,619.000000,4.000000,97.000000,508.800000,-163.800000,-81.000000,315.000000,167.630789,567.000000,0.054400,0.000000,1.000000,0,0.000000,17,0.519000,795.200000,77.300000,0.000000,125.000000,0.004000,0.877110,1.000000,0.054400,0.000000,0.000038,8,0,0,4,722.286720,0.873189,1,27,0,0,0
1091822046,1086830046,1091822046,625,0.000000,0.000000,52.000000,626.000000,668.000000,0.000000,55.000000,598.000000,-180.000000,-111.000000,403.800000,203.712053,623.000000,0.315200,0.000000,1.000000,0,0.000000,19,0.502000,795.200000,77.300000,0.000000,125.000000,0.004000,0.549512,1.000000,0.315200,0.000000,0.000038,8,0,0,4,757.012480,0.871508,1,26,0,0,0
1096822047,1091830043,1096822047,625,0.000000,0.000000,94.000000,628.800000,690.000000,0.000000,93.000000,605.800000,-183.000000,-72.000000,407.000000,190.891175,643.000000,0.160000,0.000000,1.000000,0,0.000000,18,0.499000,795.200000,77.300000,0.000000,125.000000,0.004000,0.639513,1.000000,0.160000,0.000000,0.000037,8,0,0,4,775.618560,0.709368,1,24,0,0,0
1101830043,1096830047,1101830043,626,0.000000,0.000000,90.000000,603.750000,639.000000,1.000000,92.000000,576.750000,-177.000000,-75.500000,379.000000,187.357287,593.000000,0.124601,0.000000,1.000000,0,0.000000,19,0.516000,795.200000,77.300000,0.000000,125.000000,0.004000,0.719163,1.000000,0.124601,0.000000,0.000037,8,0,0,4,842.805440,0.734146,1,23,0,0,0
1106830046,1101838043,1106830046,625,0.000000,0.000000,93.000000,564.000000,639.000000,1.000000,96.000000,535.800000,-172.800000,-73.000000,339.000000,175.341938,598.000000,0.104000,0.000000,1.000000,0,0.000000,17,0.509000,795.200000,77.300000,0.000000,125.000000,0.004000,0.765516,1.000000,0.104000,0.000000,0.000037,8,0,0,4,878.712960,0.843593,1,22,0,0,0
1111838044,1106838046,1111838044,626,0.000000,0.000000,95.000000,557.750000,600.000000,2.250000,100.000000,534.750000,-169.000000,-68.500000,345.750000,176.296127,546.000000,0.083067,0.000000,1.000000,0,0.000000,19,0.503000,795.200000,77.300000,0.000000,125.000000,0.004000,0.812617,1.000000,0.083067,0.000000,0.000036,8,0,0,4,866.742720,0.791714,1,23,0,0,0
1116838044,1111838044,1116838044,626,0.000000,0.000000,80.000000,579.000000,606.000000,2.000000,84.500000,554.750000,-174.000000,-84.000000,360.500000,179.965398,564.000000,0.111821,0.000000,1.000000,0,0.000000,17,0.507000,795.200000,77.300000,0.000000,125.000000,0.004000,0.747922,1.000000,0.111821,0.000000,0.000036,8,0,0,4,808.281600,0.893068,1,24,1,0,1
1121846043,1116846045,1121846043,626,0.000000,8.250000,85.000000,538.500000,587.000000,11.000000,87.500000,514.000000,-162.000000,-82.500000,321.500000,165.754306,535.000000,0.012780,0.000000,1.000000,0,0.000000,16,0.501000,795.200000,77.300000,0.000000,125.000000,0.004000,0.970766,1.000000,0.012780,0.000000,0.000036,8,0,0,4,795.170880,0.954315,1,24,0,0,0
1126846046,1121854046,1126846046,625,0.000000,16.000000,92.000000,516.000000,543.000000,18.000000,102.000000,490.000000,-149.000000,-72.000000,300.800000,157.891843,476.000000,0.003200,0.000000,1.000000,0,0.000000,19,0.507000,795.200000,77.300000,0.000000,125.000000,0.004000,0.992322,1.000000,0.003200,0.000000,0.000036,8,0,0,4,788.987200,0.851925,1,26,0,0,0
1131854043,1126854043,1131854043,626,10.000000,20.000000,85.500000,488.000000,546.000000,23.000000,95.000000,462.750000,-147.000000,-83.000000,270.000000,147.626708,482.000000,0.000000,0.000000,1.000000,0,0.000000,19,0.514500,795.200000,77.300000,0.000000,125.000000,0.004000,0.999523,1.000000,0.000000,0.000000,0.000035,8,0,0,4,730.471360,0.759575,1,27,0,0,0
1136854044,1131862043,1136854044,625,0.000000,4.000000,85.000000,502.400000,553.000000,7.000000,106.000000,474.800000,-159.000000,-62.000000,282.800000,160.769372,498.000000,0.036800,0.000000,1.000000,0,0.000000,30,0.526000,795.200000,77.300000,0.000000,125.000000,0.004000,0.916724,1.000000,0.036800,0.000000,0.000035,8,0,0,4,679.650880,0.706242,1,29,1,0,1
1141854046,1136862043,1141854046,625,1.000000,17.200000,83.000000,509.000000,554.000000,18.200000,91.000000,484.000000,-151.800000,-81.000000,290.800000,156.093574,496.000000,0.000000,0.000000,1.000000,0,0.000000,35,0.516000,795.200000,77.300000,0.000000,125.000000,0.004000,0.999526,1.000000,0.000000,0.000000,0.000035,8,0,0,4,622.904000,0.785548,1,31,1,0,1
1146854047,1141862043,1146854047,625,8.000000,20.000000,84.000000,517.400000,574.000000,23.000000,90.000000,485.800000,-145.000000,-87.000000,288.600000,152.519076,492.000000,0.000000,0.000000,1.000000,0,0.000000,20,0.510000,795.200000,77.300000,0.000000,125.000000,0.004000,0.999527,1.000000,0.000000,0.000000,0.000035,8,0,0,4,604.981440,0.875637,1,30,0,0,0
1151862043,1146862046,1151862043,626,0.000000,13.250000,92.000000,547.500000,589.000000,16.000000,98.000000,522.750000,-156.000000,-73.500000,332.000000,165.943984,524.000000,0.001597,0.000000,1.000000,0,0.000000,16,0.506000,795.200000,77.300000,0.000000,125.000000,0.004000,0.995934,1.000000,0.001597,0.000000,0.000034,8,0,0,4,639.870720,0.637503,1,30,0,0,0
1156862045,1151870043,1156862045,625,0.000000,0.000000,83.000000,560.600000,597.000000,2.200000,84.000000,534.800000,-171.800000,-87.000000,341.800000,172.268785,549.000000,0.084800,0.000000,1.000000,0,0.000000,16,0.510000,795.200000,77.300000,0.000000,125.000000,0.004000,0.808729,1.000000,0.084800,0.000000,0.000034,8,0,0,4,710.027520,0.686548,1,27,0,0,0
1161870046,1156878043,1161870046,625,0.000000,0.000000,92.000000,539.800000,585.000000,4.000000,99.000000,512.600000,-167.000000,-70.000000,321.800000,169.880837,540.000000,0.054400,0.000000,1.000000,0,0.000000,19,0.507000,795.200000,77.300000,0.000000,125.000000,0.004000,0.877131,1.000000,0.054400,0.000000,0.000034,8,0,0,4,768.172800,0.818756,1,26,0,0,0
1166878046,1161878046,1166878046,626,0.000000,0.000000,84.000000,572.000000,613.000000,2.000000,84.500000,546.750000,-170.000000,-83.500000,354.000000,175.178843,564.000000,0.092652,0.000000,1.000000,0,0.000000,17,0.512000,795.200000,77.300000,0.000000,125.000000,0.004000,0.791065,1.000000,0.092652,0.000000,0.000034,8,0,0,4,784.607040,0.907341,1,25,1,0,1
1171886046,1166894043,1171886046,625,0.000000,0.000000,100.000000,588.800000,627.000000,3.200000,103.000000,561.600000,-173.000000,-66.000000,367.200000,177.484143,574.000000,0.070400,0.000000,1.000000,0,0.000000,14,0.509000,795.200000,77.300000,0.000000,125.000000,0.004000,0.841133,1.000000,0.070400,0.000000,0.000033,8,0,0,4,779.644160,0.817332,1,24,1,0,1
1176894043,1171894043,1176894043,626,0.000000,8.000000,110.000000,567.000000,623.000000,11.000000,110.000000,537.000000,-164.000000,-57.000000,343.750000,166.965985,570.000000,0.031949,0.000000,1.000000,0,0.000000,12,0.508000,795.200000,77.300000,0.000000,125.000000,0.004000,0.927649,1.000000,0.031949,0.000000,0.000033,8,0,0,4,824.771520,0.788433,1,24,0,0,0
1181894043,1176894043,1181894043,626,0.000000,4.000000,96.000000,530.000000,597.000000,9.250000,96.500000,505.000000,-166.750000,-76.500000,315.000000,158.207039,549.000000,0.046326,0.000000,1.000000,0,0.000000,16,0.510000,795.200000,77.300000,0.000000,125.000000,0.004000,0.895302,1.000000,0.046326,0.000000,0.000033,8,0,0,4,866.185600,0.879730,1,23,0,0,0
1186894043,1181894043,1186894043,626,0.000000,0.000000,87.500000,582.250000,662.000000,0.000000,90.000000,554.750000,-177.000000,-75.000000,361.750000,182.551021,623.000000,0.185304,0.000000,1.000000,0,0.000000,17,0.510000,795.200000,77.300000,0.000000,125.000000,0.004000,0.582604,1.000000,0.185304,0.000000,0.000033,8,0,0,4,856.141440,0.851154,1,23,0,0,0
1191894043,1186894043,1191894043,626,7.000000,31.250000,110.000000,494.000000,543.000000,32.250000,115.500000,470.750000,-138.000000,-63.500000,275.000000,146.148635,473.000000,0.000000,0.000000,1.000000,0,0.000000,25,0.519000,795.200000,77.300000,0.000000,125.000000,0.004000,0.999538,1.000000,0.000000,0.000000,0.000032,8,0,0,4,807.800640,0.722971,1,24,0,0,0
1196894047,1191902046,1196894047,625,6.000000,18.200000,81.000000,539.600000,582.000000,20.200000,89.000000,513.000000,-149.800000,-86.000000,320.800000,161.667607,514.000000,0.000000,0.000000,1.000000,0,0.000000,19,0.509000,795.200000,77.300000,0.000000,125.000000,0.004000,0.999539,1.000000,0.000000,0.000000,0.000032,8,0,0,4,767.388160,0.686439,1,27,0,0,0
1201902044,1196902045,1201902044,626,2.000000,15.000000,93.500000,545.750000,592.000000,18.000000,98.500000,518.000000,-152.000000,-77.000000,323.000000,159.535979,527.000000,0.000000,0.000000,1.000000,0,0.000000,15,0.497000,795.200000,77.300000,0.000000,125.000000,0.004000,0.999540,1.000000,0.000000,0.000000,0.000032,8,0,0,4,738.844800,0.727561,1,26,0,0,0
1206910043,1201910043,1206910043,626,0.000000,11.000000,98.000000,572.750000,599.000000,13.000000,99.500000,542.750000,-160.750000,-69.000000,347.750000,167.232305,539.000000,0.001597,0.000000,1.000000,0,0.000000,12,0.502500,795.200000,77.300000,0.000000,125.000000,0.004000,0.995947,1.000000,0.001597,0.000000,0.000032,8,0,0,4,768.665280,0.761405,1,26,0,0,0
1211910043,1206910043,1211910043,626,0.000000,4.000000,89.500000,567.500000,596.000000,7.000000,90.000000,538.000000,-163.000000,-79.000000,346.750000,169.332842,541.000000,0.035144,0.000000,1.000000,0,0.000000,14,0.504000,795.200000,77.300000,0.000000,125.000000,0.004000,0.920468,1.000000,0.035144,0.000000,0.000032,8,0,0,4,794.296320,0.910890,1,24,0,0,0
1216910045,1211918044,1216910045,625,0.000000,0.000000,87.000000,570.800000,604.000000,3.000000,91.000000,540.000000,-168.000000,-78.000000,345.800000,172.352722,554.000000,0.078400,0.000000,1.000000,0,0.000000,18,0.502000,795.200000,77.300000,0.000000,125.000000,0.004000,0.823143,1.000000,0.078400,0.000000,0.000031,8,0,0,4,815.413440,0.950243,1,24,0,0,0
1221918043,1216918043,1221918043,626,0.000000,0.000000,87.000000,582.750000,632.000000,2.000000,88.500000,552.750000,-170.000000,-74.000000,361.750000,180.616018,580.000000,0.095847,0.000000,1.000000,0,0.000000,22,0.502500,795.200000,77.300000,0.000000,125.000000,0.004000,0.783889,1.000000,0.095847,0.000000,0.000031,8,0,0,4,814.099520,0.957932,1,24,1,0,1
1226918045,1221926043,1226918045,625,0.000000,0.000000,89.000000,576.000000,616.000000,3.000000,91.000000,549.000000,-170.000000,-77.000000,356.600000,175.903872,563.000000,0.072000,0.000000,1.000000,0,0.000000,14,0.504000,795.200000,77.300000,0.000000,125.000000,0.004000,0.837545,1.000000,0.072000,0.000000,0.000031,8,0,0,4,818.396480,0.954901,1,23,1,0,1
1231918047,1226926046,1231918047,625,0.000000,0.000000,70.000000,571.200000,628.000000,1.000000,77.000000,545.600000,-173.000000,-92.000000,351.800000,181.998965,580.000000,0.126400,0.000000,1.000000,0,0.000000,22,0.509000,795.200000,77.300000,0.000000,125.000000,0.004000,0.715146,1.000000,0.126400,0.000000,0.000031,8,0,0,4,819.943040,0.927284,1,24,1,0,1
1236926043,1231926047,1236926043,626,0.000000,0.000000,84.000000,607.000000,649.000000,1.000000,86.500000,579.500000,-174.000000,-79.500000,385.250000,187.030549,595.000000,0.121406,0.000000,1.000000,0,0.000000,13,0.497000,795.200000,77.300000,0.000000,125.000000,0.004000,0.726384,1.000000,0.121406,0.000000,0.000031,8,0,0,4,820.641920,0.921337,1,24,0,0,0
1241926043,1236926043,1241926043,626,0.000000,0.000000,84.000000,576.000000,633.000000,4.000000,87.000000,549.000000,-169.000000,-84.500000,354.750000,176.490443,579.000000,0.076677,0.000000,1.000000,0,0.000000,18,0.500000,795.200000,77.300000,0.000000,125.000000,0.004000,0.827024,1.000000,0.076677,0.000000,0.000030,8,0,0,4,813.461120,0.922279,1,24,0,0,0
1246926046,1241934045,1246926046,625,0.000000,12.000000,83.000000,555.400000,615.000000,14.000000,90.000000,522.800000,-153.000000,-80.000000,332.800000,170.504525,560.000000,0.028800,0.000000,1.000000,0,0.000000,18,0.502000,795.200000,77.300000,0.000000,125.000000,0.004000,0.934749,1.000000,0.028800,0.000000,0.000030,8,0,0,4,813.297920,0.884777,1,25,0,0,0
1251934045,1246942045,1251934045,625,0.000000,0.000000,71.000000,592.000000,633.000000,1.000000,76.000000,564.600000,-172.800000,-94.000000,369.800000,189.842426,581.000000,0.164800,0.000000,1.000000,0,0.000000,19,0.505000,795.200000,77.300000,0.000000,125.000000,0.004000,0.628750,1.000000,0.164800,0.000000,0.000030,8,0,0,4,784.659200,0.854458,1,24,1,0,1
1256942046,1251950046,1256942046,625,0.000000,0.000000,70.000000,611.600000,652.000000,0.000000,76.000000,585.400000,-175.000000,-92.000000,390.000000,192.934439,607.000000,0.200000,0.000000,1.000000,0,0.000000,23,0.493000,795.200000,77.300000,0.000000,125.000000,0.004000,0.549551,1.000000,0.200000,0.000000,0.000030,8,0,0,4,767.323520,0.921211,1,25,1,0,1
1261950044,1256950045,1261950044,626,0.000000,0.000000,70.000000,587.000000,628.000000,1.000000,70.500000,560.000000,-174.000000,-97.500000,365.750000,182.560669,581.000000,0.158147,0.000000,1.000000,0,0.000000,22,0.495000,795.200000,77.300000,0.000000,125.000000,0.004000,0.643721,1.000000,0.158147,0.000000,0.000030,8,0,0,4,778.897920,0.949126,1,25,0,0,0
1266958043,1261958043,1266958043,626,0.000000,0.000000,77.500000,606.250000,639.000000,0.000000,82.500000,576.000000,-174.000000,-84.000000,382.000000,194.901579,593.000000,0.174121,0.000000,1.000000,0,0.000000,21,0.497500,795.200000,77.300000,0.000000,125.000000,0.004000,0.607780,1.000000,0.174121,0.000000,0.000029,8,0,0,4,789.631680,0.957144,1,25,0,0,0
1271958044,1266966045,1271958044,625,0.000000,0.000000,73.000000,596.000000,629.000000,1.000000,79.000000,567.800000,-172.800000,-88.000000,374.000000,185.975143,581.000000,0.155200,0.000000,1.000000,0,0.000000,21,0.495000,795.200000,77.300000,0.000000,125.000000,0.004000,0.650354,1.000000,0.155200,0.000000,0.000029,8,0,0,4,783.317440,0.968363,1,25,0,0,0
1276958046,1271966047,1276958046,625,0.000000,0.000000,51.000000,624.000000,684.000000,0.000000,53.000000,595.000000,-178.000000,-114.000000,401.000000,199.013546,639.000000,0.275200,0.000000,1.000000,0,0.000000,22,0.497000,795.200000,77.300000,0.000000,125.000000,0.004000,0.549555,1.000000,0.275200,0.000000,0.000029,8,0,0,4,793.208960,0.954686,1,25,0,0,0
1281966043,1276966043,1281966043,626,0.000000,0.000000,68.000000,650.250000,708.000000,0.000000,72.000000,617.000000,-182.000000,-94.000000,422.750000,208.518257,657.000000,0.249201,0.000000,1.000000,0,0.000000,22,0.490000,795.200000,77.300000,0.000000,125.000000,0.004000,0.549555,1.000000,0.249201,0.000000,0.000029,8,0,0,4,798.021440,0.928208,1,24,0,0,0
1286966045,1281974043,1286966045,625,0.000000,0.000000,90.000000,560.600000,672.000000,3.000000,97.000000,541.800000,-170.000000,-70.000000,348.600000,176.966821,618.000000,0.073600,0.000000,1.000000,0,0.000000,21,0.499000,795.200000,77.300000,0.000000,125.000000,0.004000,0.833956,1.000000,0.073600,0.000000,0.000029,8,0,0,4,804.740800,0.866031,1,25,0,0,0
1291966045,1286966045,1291966045,626,0.000000,0.000000,68.000000,564.000000,601.000000,0.000000,76.000000,537.750000,-170.750000,-90.000000,346.750000,182.211330,559.000000,0.148562,0.000000,1.000000,0,0.000000,19,0.521000,795.200000,77.300000,0.000000,125.000000,0.004000,0.665292,1.000000,0.148562,0.000000,0.000029,8,0,0,4,815.723520,0.780476,1,25,0,0,0
1296966045,1291966045,1296966045,626,0.000000,0.000000,74.500000,558.500000,604.000000,2.000000,77.000000,530.500000,-169.000000,-90.500000,340.500000,176.473314,555.000000,0.083067,0.000000,1.000000,0,0.000000,19,0.511000,795.200000,77.300000,0.000000,125.000000,0.004000,0.812657,1.000000,0.083067,0.000000,0.000028,8,0,0,4,760.979200,0.714978,1,25,1,1,0
1301966045,1296966045,1301966045,626,0.000000,1.000000,75.500000,555.000000,597.000000,4.250000,79.000000,528.000000,-165.750000,-85.000000,339.000000,168.546062,547.000000,0.049521,0.000000,1.000000,0,0.000000,20,0.499000,795.200000,77.300000,0.000000,125.000000,0.004000,0.888137,1.000000,0.049521,0.000000,0.000028,8,0,0,4,741.125760,0.873550,1,26,0,0,0
1306966045,1301966045,1306966045,626,0.000000,0.000000,81.500000,556.750000,592.000000,3.000000,82.500000,530.750000,-167.000000,-80.500000,342.750000,170.596295,543.000000,0.057508,0.000000,1.000000,0,0.000000,15,0.501000,795.200000,77.300000,0.000000,125.000000,0.004000,0.870167,1.000000,0.057508,0.000000,0.000028,8,0,0,4,760.005440,0.934288,1,25,0,0,0
1311974045,1306974046,1311974045,626,0.000000,0.000000,84.500000,561.000000,616.000000,3.000000,96.000000,535.750000,-169.000000,-74.500000,344.000000,178.570638,567.000000,0.075080,0.000000,1.000000,0,0.000000,21,0.510000,795.200000,77.300000,0.000000,125.000000,0.004000,0.830631,1.000000,0.075080,0.000000,0.000028,8,0,0,4,779.124800,0.945266,1,25,1,0,1
1316982043,1311982044,1316982043,626,0.000000,0.000000,65.500000,604.750000,657.000000,0.000000,67.500000,576.750000,-178.000000,-95.000000,383.750000,193.553671,609.000000,0.252396,0.000000,1.000000,0,0.000000,24,0.500000,795.200000,77.300000,0.000000,125.000000,0.004000,0.549561,1.000000,0.252396,0.000000,0.000028,8,0,0,4,794.188800,0.949522,1,25,1,1,0
1321982046,1316990043,1321982046,625,0.000000,0.000000,78.000000,604.000000,648.000000,0.000000,79.000000,574.800000,-179.000000,-87.000000,380.600000,195.794221,599.000000,0.246400,0.000000,0.950400,1,248.000000,19,0.500000,795.200000,77.300000,0.049600,125.000000,0.004000,0.539642,0.950400,0.246400,0.000000,0.000028,8,0,0,4,785.781760,0.936006,1,25,0,0,0
1326990043,1321990043,1326990043,626,0.000000,0.000000,53.000000,598.000000,700.000000,0.000000,63.000000,572.500000,-177.000000,-103.500000,379.750000,191.375884,656.000000,0.303514,0.000000,0.886581,5,296.000000,15,0.497000,640.000000,83.300000,0.931310,125.000000,0.004000,0.526879,0.886581,0.303514,0.000000,0.000027,8,0,0,4,786.378240,0.846818,1,25,0,0,0
1331990043,1326990043,1331990043,626,4.000000,23.250000,114.000000,519.750000,596.000000,28.000000,117.000000,505.750000,-150.000000,-53.500000,317.750000,152.558004,550.000000,0.000000,0.000000,1.000000,0,0.000000,18,0.512000,920.000000,65.200000,0.429712,125.000000,0.004000,0.999564,1.000000,0.000000,0.000000,0.000027,8,0,0,4,784.730240,0.765572,1,24,1,0,1
1336990047,1331998043,1336990047,625,0.000000,0.000000,92.000000,540.000000,654.000000,1.200000,98.000000,512.000000,-165.800000,-76.000000,318.000000,166.510371,607.000000,0.067200,0.000000,0.948800,2,256.000000,18,0.520000,720.000000,84.300000,0.542400,125.000000,0.004000,0.838124,0.948800,0.067200,0.000000,0.000027,8,0,0,4,782.481920,0.659205,1,25,0,0,0
1341998047,1337006047,1341998047,625,0.000000,0.000000,70.000000,601.600000,669.000000,0.000000,76.000000,570.600000,-175.000000,-93.000000,376.800000,196.304992,616.000000,0.228800,0.000000,1.000000,0,0.000000,28,0.516000,688.000000,87.700000,0.000000,125.000000,0.004000,0.549565,1.000000,0.228800,0.000000,0.000027,8,0,0,4,812.862400,0.656188,1,25,0,0,0
1347006045,1342014044,1347006045,625,0.000000,0.000000,79.000000,577.800000,639.000000,1.000000,81.000000,550.800000,-171.800000,-88.000000,357.000000,178.915731,589.000000,0.134400,0.000000,1.000000,0,0.000000,22,0.495000,731.200000,83.300000,0.000000,125.000000,0.004000,0.697166,1.000000,0.134400,0.000000,0.000027,8,0,0,4,754.741760,0.719410,1,25,1,0,1
1352006045,1347006045,1352006045,626,0.000000,0.000000,70.000000,595.750000,652.000000,0.000000,77.000000,564.500000,-171.000000,-91.500000,373.500000,193.013313,604.000000,0.188498,0.000000,1.000000,0,0.000000,26,0.496000,768.000000,77.600000,0.000000,125.000000,0.004000,0.575445,1.000000,0.188498,0.000000,0.000027,8,0,0,4,759.893120,0.882695,1,26,0,0,0
1357006047,1352014043,1357006047,625,0.000000,0.000000,69.000000,591.800000,646.000000,0.000000,73.000000,565.000000,-175.000000,-96.000000,374.200000,187.985017,598.000000,0.222400,0.000000,1.000000,0,0.000000,19,0.497000,777.600000,77.300000,0.000000,125.000000,0.004000,0.549568,1.000000,0.222400,0.000000,0.000026,8,0,0,4,776.213120,0.937674,1,25,1,0,1
1362014046,1357022045,1362014046,625,0.000000,0.000000,65.000000,574.000000,604.000000,0.000000,78.000000,545.000000,-171.000000,-97.000000,353.800000,185.729402,553.000000,0.216000,0.000000,1.000000,0,0.000000,27,0.512000,737.600000,80.600000,0.000000,125.000000,0.004000,0.549568,1.000000,0.216000,0.000000,0.000026,8,0,0,4,764.965440,0.910712,1,25,0,0,0
1367022043,1362022043,1367022043,626,0.000000,0.000000,65.000000,576.750000,619.000000,1.000000,74.500000,547.000000,-169.000000,-94.000000,355.000000,186.147745,566.000000,0.145367,0.000000,1.000000,0,0.000000,25,0.505000,734.400000,80.600000,0.000000,125.000000,0.004000,0.672492,1.000000,0.145367,0.000000,0.000026,8,0,0,4,736.958720,0.912477,1,26,0,0,0
1372022043,1367022043,1372022043,626,0.000000,0.000000,71.000000,552.750000,600.000000,1.000000,78.500000,522.750000,-166.000000,-92.000000,333.000000,175.121728,550.000000,0.132588,0.000000,1.000000,0,0.000000,25,0.506000,734.400000,80.600000,0.000000,125.000000,0.003000,0.701322,1.000000,0.132588,0.000000,0.000026,8,0,0,4,718.904960,0.904135,1,27,0,0,0
1377022043,1372022043,1377022043,626,0.000000,0.000000,63.000000,588.000000,660.000000,0.000000,71.500000,559.000000,-171.000000,-97.500000,367.250000,190.626716,606.000000,0.182109,0.000000,1.000000,0,0.000000,24,0.510000,688.000000,86.200000,0.000000,125.000000,0.004000,0.589826,1.000000,0.182109,0.000000,0.000026,8,0,0,4,714.798400,0.924586,1,27,1,0,1
1382022043,1377022043,1382022043,626,0.000000,0.000000,80.500000,552.500000,621.000000,1.250000,89.000000,524.750000,-169.000000,-83.000000,334.000000,177.166287,565.000000,0.095847,0.000000,1.000000,0,0.000000,24,0.504000,691.200000,86.200000,0.000000,125.000000,0.004000,0.783916,1.000000,0.095847,0.000000,0.000026,8,0,0,4,703.220160,0.868494,1,28,0,0,0
1387022043,1382022043,1387022043,626,0.000000,0.000000,72.000000,531.000000,590.000000,3.000000,90.000000,503.750000,-163.000000,-82.000000,309.000000,167.858643,535.000000,0.070288,0.000000,1.000000,0,0.000000,29,0.517500,636.800000,92.600000,0.000000,125.000000,0.004000,0.841425,1.000000,0.070288,0.000000,0.000026,8,0,0,4,703.443840,0.764290,1,29,1,0,1
1392022046,1387030043,1392022046,625,0.000000,0.000000,64.000000,534.600000,583.000000,1.000000,73.000000,503.600000,-164.000000,-94.000000,315.000000,165.877102,526.000000,0.097600,0.000000,1.000000,0,0.000000,25,0.502000,636.800000,92.600000,0.000000,125.000000,0.004000,0.779973,1.000000,0.097600,0.000000,0.000025,8,0,0,4,646.394560,0.734755,1,29,0,0,0
1397030045,1392030045,1397030045,626,0.000000,0.000000,89.000000,547.000000,593.000000,1.000000,99.000000,517.750000,-168.750000,-77.000000,323.750000,172.242687,538.000000,0.079872,0.000000,1.000000,0,0.000000,22,0.521000,636.000000,97.200000,0.000000,125.000000,0.004000,0.819861,1.000000,0.079872,0.000000,0.000025,8,0,0,4,639.111360,0.846322,1,30,0,0,0
1402038043,1397038043,1402038043,626,0.000000,0.000000,72.000000,583.000000,668.000000,0.000000,77.000000,556.000000,-175.750000,-92.500000,360.000000,179.716803,619.000000,0.186901,0.000000,1.000000,0,0.000000,23,0.510000,657.600000,92.600000,0.000000,125.000000,0.004000,0.579047,1.000000,0.186901,0.000000,0.000025,8,0,0,4,670.848000,0.708418,1,28,0,0,0
1407038043,1402038043,1407038043,626,0.000000,0.000000,83.000000,590.750000,626.000000,2.000000,91.000000,561.750000,-170.000000,-78.500000,368.000000,185.772612,573.000000,0.111821,0.000000,1.000000,0,0.000000,19,0.497000,716.800000,86.200000,0.000000,125.000000,0.004000,0.747977,1.000000,0.111821,0.000000,0.000025,8,0,0,4,712.242240,0.679421,1,27,1,0,1
1412038044,1407046044,1412038044,625,0.000000,0.000000,69.000000,570.200000,637.000000,1.000000,71.000000,541.800000,-170.000000,-96.000000,352.600000,177.802613,587.000000,0.169600,0.000000,1.000000,0,0.000000,27,0.500000,739.200000,80.600000,0.000000,125.000000,0.004000,0.617975,1.000000,0.169600,0.000000,0.000025,8,0,0,4,765.882240,0.766825,1,26,1,0,1
1417046045,1412054043,1417046045,625,0.000000,0.000000,91.000000,588.200000,668.000000,4.000000,93.000000,561.400000,-170.000000,-75.000000,369.800000,180.914183,617.000000,0.070400,0.000000,1.000000,0,0.000000,19,0.505000,787.200000,77.300000,0.000000,125.000000,0.004000,0.841176,1.000000,0.070400,0.000000,0.000025,8,0,0,4,795.646080,0.806869,1,24,0,0,0
1422054045,1417054047,1422054045,626,0.000000,0.000000,94.500000,589.000000,637.000000,1.000000,95.500000,559.750000,-174.000000,-68.000000,368.000000,181.501813,584.000000,0.123003,0.000000,1.000000,0,0.000000,20,0.511000,788.800000,77.300000,0.000000,125.000000,0.004000,0.722819,1.000000,0.123003,0.000000,0.000025,8,0,0,4,808.869760,0.811191,1,24,0,0,0
1427062043,1422062044,1427062043,626,0.000000,0.000000,94.500000,580.500000,628.000000,2.000000,94.500000,553.750000,-170.000000,-70.000000,363.000000,176.731273,583.000000,0.086262,0.000000,1.000000,0,0.000000,16,0.512000,864.000000,70.100000,0.000000,125.000000,0.004000,0.805488,1.000000,0.086262,0.000000,0.000025,8,0,0,4,863.299200,0.856985,1,22,0,0,0
1432062044,1427070045,1432062044,625,0.000000,0.000000,97.000000,558.800000,615.000000,3.000000,99.000000,533.800000,-172.000000,-68.000000,343.800000,168.822129,568.000000,0.076800,0.000000,1.000000,0,0.000000,16,0.516000,886.400000,68.200000,0.000000,125.000000,0.004000,0.826778,1.000000,0.076800,0.000000,0.000024,8,0,0,4,881.652480,0.966401,1,22,0,0,0
1437062047,1432070043,1437062047,625,0.000000,0.000000,92.000000,572.000000,608.000000,1.000000,93.000000,544.800000,-173.000000,-70.000000,356.800000,178.908527,565.000000,0.128000,0.000000,1.000000,0,0.000000,18,0.515000,886.400000,68.200000,0.000000,125.000000,0.004000,0.711578,1.000000,0.128000,0.000000,0.000024,8,0,0,4,889.844480,0.975760,1,22,0,0,0
1442070043,1437070043,1442070043,626,0.000000,0.000000,86.500000,592.750000,629.000000,1.000000,86.500000,566.500000,-174.000000,-77.000000,375.750000,186.470265,583.000000,0.166134,0.000000,1.000000,0,0.000000,20,0.509000,878.400000,68.200000,0.000000,125.000000,0.004000,0.625777,1.000000,0.166134,0.000000,0.000024,8,0,0,4,887.189120,0.961361,1,22,0,0,0
1447070045,1442078043,1447070045,625,0.000000,0.000000,84.000000,585.600000,639.000000,1.000000,86.000000,559.000000,-174.000000,-82.000000,370.000000,176.158900,593.000000,0.142400,0.000000,1.000000,0,0.000000,19,0.508000,875.200000,68.800000,0.000000,125.000000,0.004000,0.679180,1.000000,0.142400,0.000000,0.000024,8,0,0,4,877.596480,0.974175,1,22,0,0,0
1452070046,1447078044,1452070046,625,0.000000,0.000000,91.000000,568.200000,622.000000,1.000000,95.000000,543.200000,-171.000000,-71.000000,353.600000,177.130910,570.000000,0.131200,0.000000,1.000000,0,0.000000,23,0.510000,870.400000,68.800000,0.000000,125.000000,0.003000,0.704455,1.000000,0.131200,0.000000,0.000024,8,0,0,4,866.746560,0.947051,1,22,1,0,1
1457078043,1452078047,1457078043,626,0.000000,0.000000,73.500000,567.000000,607.000000,0.000000,83.000000,543.500000,-176.000000,-85.000000,348.000000,182.675755,568.000000,0.202875,0.000000,1.000000,0,0.000000,24,0.527000,872.000000,68.800000,0.000000,125.000000,0.004000,0.549581,1.000000,0.202875,0.000000,0.000024,8,0,0,4,852.579520,0.761833,1,23,0,0,0
1462078043,1457078043,1462078043,626,0.000000,0.000000,85.500000,585.000000,651.000000,0.000000,88.500000,557.000000,-173.000000,-74.500000,365.750000,183.517529,608.000000,0.153355,0.000000,1.000000,0,0.000000,22,0.506000,841.600000,70.800000,0.000000,125.000000,0.004000,0.654534,1.000000,0.153355,0.000000,0.000024,8,0,0,4,792.346880,0.713360,1,24,0,0,0
1467078043,1462078043,1467078043,626,13.000000,21.000000,98.000000,527.500000,620.000000,22.000000,105.000000,505.000000,-156.750000,-70.000000,311.000000,163.019417,557.000000,0.000000,0.000000,1.000000,0,0.000000,16,0.506000,833.600000,71.400000,0.000000,125.000000,0.003000,0.999657,1.000000,0.000000,0.000000,0.000024,8,0,0,4,769.612800,0.730069,1,25,0,0,0
1472078043,1467078043,1472078043,626,0.000000,0.000000,63.000000,580.750000,664.000000,0.000000,66.500000,553.500000,-174.000000,-101.500000,363.500000,185.382661,620.000000,0.191693,0.000000,1.000000,0,0.000000,26,0.516000,787.200000,74.300000,0.000000,125.000000,0.004000,0.568273,1.000000,0.191693,0.000000,0.000023,8,0,0,4,788.799360,0.749129,1,25,0,0,0
1477078043,1472078043,1477078043,626,0.000000,0.000000,95.500000,657.750000,698.000000,0.000000,98.000000,628.000000,-183.000000,-63.000000,428.750000,206.679826,655.000000,0.193291,0.000000,1.000000,0,0.000000,21,0.508000,835.200000,74.300000,0.000000,125.000000,0.004000,0.564679,1.000000,0.193291,0.000000,0.000023,8,0,0,4,822.377920,0.701205,1,24,0,0,0
1482078043,1477078043,1482078043,626,0.000000,0.000000,61.500000,586.000000,623.000000,0.000000,68.000000,553.750000,-175.000000,-105.000000,359.000000,184.383230,572.000000,0.217252,0.000000,1.000000,0,0.000000,24,0.508000,803.200000,73.900000,0.000000,125.000000,0.003000,0.549659,1.000000,0.217252,0.000000,0.000023,8,0,0,4,802.382720,0.615132,1,24,0,0,0
1487078043,1482078043,1487078043,626,0.000000,0.000000,67.000000,639.000000,724.000000,0.000000,75.000000,614.750000,-181.000000,-90.000000,414.750000,207.339040,674.000000,0.236422,0.000000,1.000000,0,0.000000,20,0.501000,739.200000,80.600000,0.000000,125.000000,0.004000,0.549584,1.000000,0.236422,0.000000,0.000023,8,0,0,4,870.653120,0.602011,1,23,0,0,0
1492078043,1487078043,1492078043,626,0.000000,0.000000,77.000000,616.750000,660.000000,0.000000,80.000000,586.750000,-177.000000,-88.000000,389.000000,192.797451,625.000000,0.154952,0.000000,1.000000,0,0.000000,20,0.497000,739.200000,80.600000,0.000000,125.000000,0.004000,0.650943,1.000000,0.154952,0.000000,0.000023,8,0,0,4,811.546880,0.631617,1,23,0,0,0
1497078046,1492086045,1497078046,625,0.000000,0.000000,74.000000,620.400000,672.000000,0.000000,76.000000,594.800000,-178.000000,-89.000000,400.000000,195.778378,621.000000,0.209600,0.000000,1.000000,0,0.000000,18,0.499000,769.600000,80.600000,0.000000,125.000000,0.004000,0.549585,1.000000,0.209600,0.000000,0.000023,8,0,0,4,816.923200,0.732799,1,24,1,0,1
1502086043,1497086044,1502086043,626,0.000000,0.000000,76.000000,609.500000,675.000000,0.000000,82.000000,580.750000,-177.750000,-84.500000,388.000000,192.711748,625.000000,0.202875,0.000000,1.000000,0,0.000000,23,0.497000,769.600000,80.600000,0.000000,125.000000,0.004000,0.549586,1.000000,0.202875,0.000000,0.000023,8,0,0,4,857.823040,0.881920,1,23,1,0,1
1507086043,1502086043,1507086043,626,0.000000,0.000000,72.000000,632.000000,703.000000,0.000000,79.500000,607.500000,-180.000000,-85.000000,411.750000,204.626167,657.000000,0.223642,0.000000,1.000000,0,0.000000,20,0.504500,800.000000,75.000000,0.000000,125.000000,0.003800,0.549602,1.000000,0.223642,0.000000,0.000023,8,0,0,4,846.943040,0.918803,1,24,0,0,0
1512086045,1507094043,1512086045,625,0.000000,0.000000,73.000000,635.600000,690.000000,0.000000,76.000000,603.800000,-181.000000,-91.000000,408.400000,193.584993,635.000000,0.220800,0.000000,1.000000,0,0.000000,22,0.495000,833.600000,72.800000,0.000000,125.000000,0.004000,0.549587,1.000000,0.220800,0.000000,0.000023,8,0,0,4,835.035520,0.906604,1,23,1,0,1
1517086047,1512094043,1517086047,625,0.000000,0.000000,68.000000,639.000000,674.000000,0.000000,71.000000,607.800000,-181.800000,-97.000000,410.800000,204.298057,625.000000,0.241600,0.000000,1.000000,0,0.000000,19,0.499000,844.800000,71.400000,0.000000,125.000000,0.004000,0.549588,1.000000,0.241600,0.000000,0.000022,8,0,0,4,835.433920,0.915696,1,23,1,0,1
1522094046,1517102047,1522094046,625,0.000000,0.000000,81.000000,619.400000,679.000000,0.000000,84.000000,593.000000,-179.800000,-81.000000,398.600000,198.165791,635.000000,0.211200,0.000000,1.000000,0,0.000000,19,0.500000,852.800000,70.800000,0.000000,125.000000,0.004000,0.549588,1.000000,0.211200,0.000000,0.000022,8,0,0,4,845.673600,0.900055,1,23,1,0,1
1527102043,1522102043,1527102043,626,0.000000,0.000000,72.000000,603.750000,683.000000,0.000000,75.500000,575.000000,-174.000000,-89.500000,385.750000,199.262987,628.000000,0.226837,0.000000,1.000000,0,0.000000,22,0.504500,792.000000,75.000000,0.000000,125.000000,0.004000,0.549589,1.000000,0.226837,0.000000,0.000022,8,0,0,4,842.626880,0.852660,1,24,0,0,0
1532102043,1527102043,1532102043,626,0.000000,0.000000,73.000000,632.000000,688.000000,0.000000,76.000000,596.750000,-179.750000,-92.500000,403.000000,192.208799,638.000000,0.207668,0.000000,1.000000,0,0.000000,15,0.495000,806.400000,76.500000,0.000000,125.000000,0.004000,0.549589,1.000000,0.207668,0.000000,0.000022,8,0,0,4,828.596800,0.851459,1,23,1,0,1
1537102044,1532110043,1537102044,625,0.000000,0.000000,74.000000,605.800000,682.000000,0.000000,75.000000,581.800000,-179.800000,-92.000000,388.800000,196.099178,631.000000,0.241600,0.000000,1.000000,0,0.000000,20,0.498000,859.200000,70.100000,0.000000,125.000000,0.003000,0.549665,1.000000,0.241600,0.000000,0.000022,8,0,0,4,820.814080,0.845853,1,23,0,0,0
1542110043,1537110045,1542110043,626,0.000000,0.000000,71.500000,602.750000,659.000000,0.000000,80.000000,576.500000,-176.000000,-87.500000,385.250000,199.346295,611.000000,0.204473,0.000000,1.000000,0,0.000000,17,0.502500,793.600000,74.300000,0.000000,125.000000,0.004000,0.549590,1.000000,0.204473,0.000000,0.000022,8,0,0,4,841.091520,0.867194,1,24,0,0,0
1547110044,1542118045,1547110044,625,0.000000,0.000000,76.000000,612.600000,665.000000,0.000000,79.000000,582.000000,-176.000000,-89.000000,387.600000,193.132491,612.000000,0.208000,0.000000,1.000000,0,0.000000,21,0.493000,793.600000,74.300000,0.000000,125.000000,0.003850,0.549602,1.000000,0.208000,0.000000,0.000022,8,0,0,4,822.771200,0.899910,1,24,0,0,0
