t_us,last_committed_t_us,polarity,template_correlation,autocorr_estimated_rr_ms,firmware_expected_rr_ms,candidate_peak_count,final_peak_count,inserted_peak_count,firmware_matched_count,multiscale_peak_count,elgendi_peak_count,dual_detector_peak_count,single_detector_peak_count,detector_consensus_ratio,detector_time_spread_p95_ms,stable_reference_rr_ms,local_dual_rr_ms,local_dual_rr_robust_cv,reference_update_reason,waveform_amplitude,commit_until_t_us,latest_sample_t_us,reinit_reason
14195622043,0,1,0.000000,0.000000,0.000000,0,0,0,0,0,0,0,0,0.000000,0.000000,0.000000,0.000000,0.000000,,0.000000,14195622043,0,
14200622043,0,1,0.000000,0.000000,760.002000,0,0,0,0,0,0,0,0,0.000000,0.000000,0.000000,0.000000,0.000000,,0.000000,14200622043,0,
14205622045,14198006043,1,1.000000,792.000000,863.999000,12,0,0,0,12,12,12,0,1.000000,0.000000,800.015499,792.000000,0.194685,dual_consensus_update,4.575370,14198316047,14205566047,
14210630045,14202774044,1,1.000000,823.998000,863.998500,18,0,0,0,18,18,18,0,1.000000,0.000000,818.030860,823.998000,0.143946,dual_strong_update,4.620238,14203196043,14210446043,
14215638043,14208246044,1,1.000000,843.998500,864.000000,23,1,0,1,23,23,23,0,1.000000,0.000000,861.997998,843.998500,0.105404,dual_strong_update,4.702767,14208308043,14215558043,
14220638045,14212718043,1,0.960000,799.998000,847.999000,25,0,0,0,24,25,24,1,0.960000,0.000000,797.898576,799.998000,0.163083,dual_consensus_update,4.301522,14213204044,14220454044,
14225646045,14217950047,1,1.000000,891.998500,919.998500,23,0,0,0,23,23,23,0,1.000000,0.000000,893.641353,891.998500,0.066488,dual_strong_update,4.195619,14218276046,14225526046,
14230646046,14222582043,1,1.000000,812.000000,924.000000,23,0,0,0,23,23,23,0,1.000000,0.000000,816.238825,812.000000,0.124160,dual_strong_update,3.962177,14223348046,14230598046,
14235654043,14227606043,1,0.958333,847.999000,864.001000,24,1,0,1,24,23,23,1,0.958333,0.000000,846.382155,847.999000,0.111896,dual_strong_update,4.175534,14228404043,14235654043,
14240654043,14232646046,1,0.958333,852.004000,871.998500,24,0,0,0,24,23,23,1,0.958333,0.000000,856.397606,852.004000,0.076568,dual_strong_update,4.063853,14233276043,14240526043,
14245654047,14237926043,1,0.956522,856.004000,876.002000,23,0,0,0,23,22,22,1,0.956522,0.000000,854.897017,856.004000,0.055417,dual_strong_update,4.665201,14238332043,14245582043,
14250662043,14243038043,1,0.956522,856.004000,856.000000,23,1,0,1,23,22,22,1,0.956522,0.000000,859.926028,856.004000,0.027724,dual_strong_update,4.756354,14243220046,14250470046,
14255662043,14247462047,1,1.000000,840.001000,792.000000,23,0,0,0,23,23,23,0,1.000000,0.000000,842.969455,840.001000,0.105902,dual_strong_update,4.519235,14248284043,14255534043,
14260662047,14252790044,1,1.000000,776.002000,772.000500,24,0,0,0,24,24,24,0,1.000000,0.000000,777.027078,776.002000,0.122272,dual_strong_update,4.512795,14253380043,14260630043,
14265670043,14257934044,1,1.000000,772.000500,831.999000,25,0,0,0,25,25,25,0,1.000000,0.000000,770.259711,772.000500,0.099857,dual_strong_update,4.152039,14258276043,14265526043,
14270670043,14262782046,1,0.960000,808.003000,832.002000,25,0,0,0,24,25,24,1,0.960000,0.000000,798.259283,808.003000,0.088077,dual_strong_update,4.456243,14263356043,14270606043,
14275670043,14267806046,1,1.000000,840.004000,863.998500,22,0,0,0,22,22,22,0,1.000000,0.000000,836.427150,840.004000,0.056467,dual_strong_update,4.731746,14268396047,14275646047,
14280670044,14273158048,1,1.000000,856.004000,880.002000,22,1,0,1,22,22,22,0,1.000000,0.000000,850.834056,856.004000,0.041568,dual_strong_update,4.657237,14273260043,14280510043,
14285670047,14277470043,1,0.954545,884.000000,887.998000,22,0,0,0,22,21,21,1,0.954545,0.000000,881.683214,884.000000,0.040257,dual_strong_update,4.727579,14278324043,14285574043,
14290678043,14282758046,1,1.000000,887.998000,888.002000,21,0,0,0,21,21,21,0,1.000000,0.000000,887.994855,887.998000,0.033401,dual_strong_update,4.687451,14283420043,14290670043,
14295678045,14287462045,1,1.000000,887.996000,867.998000,22,0,0,0,22,22,22,0,1.000000,0.000000,886.161099,887.996000,0.053426,dual_strong_update,4.283848,14288292043,14295542043,
14300678046,14293318043,1,0.913043,887.998000,848.003000,23,1,0,1,22,22,21,2,0.913043,0.000000,888.925420,887.998000,0.086820,dual_strong_update,4.338312,14293340043,14300590043,
14305686043,14298006043,1,1.000000,879.998000,887.998500,22,0,0,0,22,22,22,0,1.000000,0.000000,882.502404,879.998000,0.053909,dual_strong_update,4.459129,14298412045,14305662045,
14310686043,14302454043,1,1.000000,880.001000,879.998000,22,0,0,0,22,22,22,0,1.000000,0.000000,876.150563,880.001000,0.094345,dual_strong_update,4.268274,14303300044,14310550044,
14315686043,14308326043,1,1.000000,891.998500,880.001000,21,1,0,1,21,21,21,0,1.000000,0.000000,891.969551,891.998500,0.086431,dual_strong_update,4.598619,14308372043,14315622043,
14320686043,14313198047,1,0.956522,888.001000,948.000000,23,0,0,0,23,22,22,1,0.956522,0.000000,887.272709,888.001000,0.093494,dual_strong_update,4.395647,14313436043,14320686043,
14325686043,14317614044,1,0.956522,871.999000,863.998000,23,0,0,0,23,22,22,1,0.956522,0.000000,870.064426,871.999000,0.068013,dual_strong_update,4.233567,14318268047,14325518047,
14330686043,14322646045,1,0.956522,871.998000,859.997500,23,0,0,0,23,22,22,1,0.956522,0.000000,874.026442,871.998000,0.040804,dual_strong_update,4.346001,14323348045,14330598045,
14335686043,14327902046,1,0.958333,851.999500,859.997500,24,0,0,0,24,23,23,1,0.958333,0.000000,853.956443,851.999500,0.048728,dual_strong_update,3.969948,14328244045,14335494045,
14340686043,14332990043,1,1.000000,836.000500,824.001000,23,0,0,0,23,23,23,0,1.000000,0.000000,835.151341,836.000500,0.070937,dual_strong_update,4.093000,14333308046,14340558046,
14345686045,14338286043,1,1.000000,839.999500,855.996000,23,1,0,1,23,23,23,0,1.000000,0.000000,839.994942,839.999500,0.063542,dual_strong_update,4.350314,14338372044,14345622044,
14350686047,14342470043,1,1.000000,839.999000,856.000000,24,0,0,0,24,24,24,0,1.000000,0.000000,837.756083,839.999000,0.070595,dual_strong_update,4.187313,14343244043,14350494043,
14355694043,14347702047,1,1.000000,847.997500,847.996000,23,0,0,0,23,23,23,0,1.000000,0.000000,846.865713,847.997500,0.034970,dual_strong_update,4.413773,14348300043,14355550043,
14360694043,14352742043,1,1.000000,848.000500,832.000000,23,0,0,0,23,23,23,0,1.000000,0.000000,848.006866,848.000500,0.027976,dual_strong_update,4.378935,14353380043,14360630043,
14365694043,14357798047,1,1.000000,847.997500,848.004000,23,0,0,0,23,23,23,0,1.000000,0.000000,847.998828,847.997500,0.027971,dual_strong_update,4.327376,14358268043,14365518043,
14370694043,14362878046,1,0.958333,843.996500,856.002500,24,0,0,0,24,23,23,1,0.958333,0.000000,844.115983,843.996500,0.035130,dual_strong_update,4.171699,14363324045,14370574045,
14375694046,14367950043,1,0.960000,791.996000,755.997500,25,0,0,0,25,24,24,1,0.960000,0.000000,807.956491,791.996000,0.119822,dual_strong_update,4.035911,14368420043,14375670043,
14380702047,14373054043,1,0.960000,751.996000,739.998500,25,0,0,0,25,24,24,1,0.960000,0.000000,753.250728,751.996000,0.141944,dual_strong_update,4.210961,14373316043,14380566043,
14385710043,14378166047,1,0.960000,751.996000,776.004000,25,0,0,0,25,24,24,1,0.960000,0.000000,754.440391,751.996000,0.141944,dual_strong_update,4.322931,14378372043,14385622043,
14390710043,14382598043,1,1.000000,776.000000,856.004000,24,0,0,0,24,24,24,0,1.000000,0.000000,769.780238,776.000000,0.122284,dual_strong_update,4.387763,14383436046,14390686046,
14395710044,14388126043,1,1.000000,856.000000,847.999000,23,1,0,1,23,23,23,0,1.000000,0.000000,852.251082,856.000000,0.041570,dual_strong_update,4.313872,14388332045,14395582045,
14400710045,14393294043,1,1.000000,807.998000,847.999000,24,1,0,1,24,24,24,0,1.000000,0.000000,815.059364,807.998000,0.102758,dual_strong_update,3.963484,14393388044,14400638044,
14405718044,14397894043,1,1.000000,744.001500,735.999000,25,0,0,0,25,25,25,0,1.000000,0.000000,749.447529,744.001500,0.111592,dual_strong_update,4.100831,14398276044,14405526044,
14410726045,14402806047,1,1.000000,720.000000,719.996000,26,0,0,0,26,26,26,0,1.000000,0.000000,721.013166,720.000000,0.032951,dual_strong_update,4.242024,14403372043,14410622043,
14415726047,14407894043,1,1.000000,712.000000,712.002000,27,0,0,0,27,27,27,0,1.000000,0.000000,712.063499,712.000000,0.041647,dual_strong_update,4.584417,14408460047,14415710047,
14420734043,14412678045,1,1.000000,723.998000,808.000000,25,0,0,0,25,25,25,0,1.000000,0.000000,724.172896,723.998000,0.081916,dual_strong_update,5.104273,14413356043,14420606043,
14425734046,14418278047,1,1.000000,771.999000,808.000000,25,1,0,1,25,25,25,0,1.000000,0.000000,768.344702,771.999000,0.084506,dual_strong_update,4.792070,14418452047,14425702047,
14430734047,14423062045,1,0.960000,792.002000,788.002000,25,0,0,0,24,25,24,1,0.960000,0.000000,791.124093,792.002000,0.044923,dual_strong_update,4.654902,14423308047,14430558047,
14435742044,14427694043,1,1.000000,780.000000,768.001000,25,0,0,0,25,25,25,0,1.000000,0.000000,782.950132,780.000000,0.045616,dual_strong_update,4.462647,14428356045,14435606045,
14440750043,14433062045,1,0.961538,751.999000,743.999500,26,0,0,0,25,26,25,1,0.961538,0.000000,756.651483,751.999000,0.039435,dual_strong_update,4.488092,14433436043,14440686043,
14445750044,14438182046,1,1.000000,755.998000,751.996000,25,1,0,1,25,25,25,0,1.000000,0.000000,758.600451,755.998000,0.047070,dual_strong_update,4.500382,14438300046,14445550046,
14450750045,14442638043,1,1.000000,759.998000,775.999000,26,0,0,0,26,26,26,0,1.000000,0.000000,755.259169,759.998000,0.062429,dual_strong_update,4.888199,14443380043,14450630043,
14455750047,14447974043,1,1.000000,776.000000,804.000000,25,0,0,0,25,25,25,0,1.000000,0.000000,775.526243,776.000000,0.091707,dual_strong_update,4.918560,14448460044,14455710044,
14460758046,14452998047,1,1.000000,772.001000,760.002000,25,0,0,0,25,25,25,0,1.000000,0.000000,773.853286,772.001000,0.069134,dual_strong_update,4.847342,14453340046,14460590046,
14465766043,14458230045,1,1.000000,768.002000,760.003000,24,1,0,1,24,24,24,0,1.000000,0.000000,769.730943,768.002000,0.061777,dual_strong_update,5.101457,14458436043,14465686043,
14470766043,14462790043,1,1.000000,759.999500,767.998000,25,0,0,0,25,25,25,0,1.000000,0.000000,766.006818,759.999500,0.046816,dual_strong_update,4.885410,14463492046,14470742046,
14475766043,14468110043,1,1.000000,744.001000,756.001000,26,0,0,0,26,26,26,0,1.000000,0.000000,748.990564,744.001000,0.063764,dual_strong_update,4.568633,14468364047,14475614047,
14480766047,14472998043,1,1.000000,751.999500,767.999500,25,0,0,0,25,25,25,0,1.000000,0.000000,751.932870,751.999500,0.094636,dual_strong_update,4.824688,14473444047,14480694047,
14485774047,14478262043,1,1.000000,751.999000,767.999500,26,0,0,0,26,26,26,0,1.000000,0.000000,750.705556,751.999000,0.110405,dual_strong_update,4.461773,14478516044,14485766044,
14490782046,14483126044,1,1.000000,800.000000,832.004000,24,0,0,0,24,24,24,0,1.000000,0.000000,791.998980,800.000000,0.088956,dual_strong_update,4.718545,14483396043,14490646043,
14495782046,14488078047,1,1.000000,824.000000,848.000000,24,0,0,0,24,24,24,0,1.000000,0.000000,825.042305,824.000000,0.071978,dual_strong_update,4.336807,14488468044,14495718044,
14500782047,14493182046,1,1.000000,852.001000,863.997000,23,1,0,1,23,23,23,0,1.000000,0.000000,845.688600,852.001000,0.111370,dual_strong_update,4.534742,14493380044,14500630044,
14505790043,14498174043,1,1.000000,871.997000,936.000500,22,0,0,0,22,22,22,0,1.000000,0.000000,872.141299,871.997000,0.108818,dual_strong_update,4.317120,14498476043,14505726043,
14510790047,14502942043,1,1.000000,792.001000,880.000000,22,0,0,0,22,22,22,0,1.000000,0.000000,830.065151,792.001000,0.194681,dual_consensus_update,4.308531,14503540047,14510790047,
14515798044,14507910046,1,1.000000,824.001500,780.000500,23,0,0,0,23,23,23,0,1.000000,0.000000,823.144952,824.001500,0.172730,dual_consensus_update,4.286112,14508436044,14515686044,
14520806043,14513182043,1,1.000000,815.999000,784.003000,24,0,0,0,24,24,24,0,1.000000,0.000000,812.656941,815.999000,0.072682,dual_strong_update,4.239769,14513508044,14520758044,
14525806047,14518158043,1,1.000000,795.998500,824.002000,25,0,0,0,25,25,25,0,1.000000,0.000000,796.929373,795.998500,0.067055,dual_strong_update,4.644266,14518388044,14525638044,
14530814043,14522990046,1,1.000000,839.998000,840.002000,24,0,0,0,24,24,24,0,1.000000,0.000000,836.174882,839.998000,0.042350,dual_strong_update,4.487845,14523468043,14530718043,
14535814043,14528038047,1,1.000000,823.999000,836.000000,23,0,0,0,23,23,23,0,1.000000,0.000000,828.826826,823.999000,0.028792,dual_strong_update,4.554332,14528540047,14535790047,
14540814043,14533014043,1,1.000000,828.000000,823.999000,23,0,0,0,23,23,23,0,1.000000,0.000000,825.005330,828.000000,0.028649,dual_strong_update,4.425363,14533428047,14540678047,
14545814044,14537926045,1,1.000000,831.998000,831.998000,23,0,0,0,23,23,23,0,1.000000,0.000000,831.920291,831.998000,0.028512,dual_strong_update,4.386425,14538516043,14545766043,
14550822043,14543038046,1,1.000000,824.001000,840.000000,23,0,0,0,23,23,23,0,1.000000,0.000000,824.092566,824.001000,0.028788,dual_strong_update,4.417643,14543564043,14550814043,
14555822043,14548118043,1,1.000000,820.003000,799.998500,23,0,0,0,23,23,23,0,1.000000,0.000000,819.402478,820.003000,0.065087,dual_strong_update,4.476813,14548420044,14555670044,
14560822043,14552902043,1,1.000000,779.999000,767.998500,25,0,0,0,25,25,25,0,1.000000,0.000000,784.181518,779.999000,0.106441,dual_strong_update,4.152961,14553532043,14560782043,
14565822043,14557734043,1,1.000000,759.999000,724.000000,26,0,0,0,26,26,26,0,1.000000,0.000000,762.600759,759.999000,0.093640,dual_strong_update,4.235220,14558428045,14565678045,
14570822043,14562750043,1,1.000000,727.998000,735.999000,26,0,0,0,26,26,26,0,1.000000,0.000000,733.438794,727.998000,0.097762,dual_strong_update,4.298835,14563516047,14570766047,
14575822046,14568230043,1,0.961538,724.001000,731.998000,26,1,0,1,25,26,25,1,0.961538,0.000000,721.019962,724.001000,0.081914,dual_strong_update,4.654229,14568404043,14575654043,
14580830047,14573190043,1,1.000000,792.000500,799.996000,25,0,0,0,25,25,25,0,1.000000,0.000000,788.616943,792.000500,0.052417,dual_strong_update,4.940895,14573476043,14580726043,
14585838046,14578046047,1,1.000000,759.997000,799.997500,26,0,0,0,26,26,26,0,1.000000,0.000000,769.222108,759.997000,0.078040,dual_strong_update,5.078542,14578492047,14585742047,
14590846043,14583526043,1,1.000000,768.001000,759.997000,26,1,0,1,26,26,26,0,1.000000,0.000000,766.507887,768.001000,0.077224,dual_strong_update,5.350698,14583564046,14590814046,
14595846043,14588374043,1,0.961538,768.002000,712.000000,26,1,0,1,25,26,25,1,0.961538,0.000000,768.030266,768.002000,0.061783,dual_strong_update,5.811212,14588420044,14595670044,
14600846043,14592982043,1,1.000000,744.002000,744.001000,26,0,0,0,26,26,26,0,1.000000,0.000000,750.183989,744.002000,0.063766,dual_strong_update,5.523515,14593508043,14600758043,
14605846045,14597670043,1,1.000000,768.000500,760.000500,25,1,0,1,25,25,25,0,1.000000,0.000000,767.475132,768.000500,0.061776,dual_strong_update,5.151751,14598596045,14605846045,
14610854043,14602990046,1,1.000000,736.000000,727.999000,25,0,0,0,25,25,25,0,1.000000,0.000000,744.649022,736.000000,0.064462,dual_strong_update,5.399526,14603476043,14610726043,
14615854047,14608198045,1,1.000000,735.997000,728.000000,26,0,0,0,26,26,26,0,1.000000,0.000000,732.660852,735.997000,0.048360,dual_strong_update,5.241301,14608556043,14615806043,
14620862043,14613070045,1,1.000000,735.999500,792.003000,25,0,0,0,25,25,25,0,1.000000,0.000000,735.997101,735.999500,0.096689,dual_strong_update,5.086834,14613604043,14620854043,
14625862045,14617710047,1,1.000000,760.000000,779.998500,26,0,0,0,26,26,26,0,1.000000,0.000000,753.750137,760.000000,0.046827,dual_strong_update,4.962975,14618460043,14625710043,
14630870043,14623150046,1,0.960000,775.996000,768.002000,25,0,0,0,24,25,24,1,0.960000,0.000000,771.183571,775.996000,0.030562,dual_strong_update,5.075890,14623540046,14630790046,
14635870043,14628534047,1,1.000000,776.001500,776.000000,25,1,0,1,25,25,25,0,1.000000,0.000000,776.976614,776.001500,0.030564,dual_strong_update,4.924403,14628612043,14635862043,
14640870043,14633134043,1,1.000000,760.002000,760.000000,26,0,0,0,26,26,26,0,1.000000,0.000000,760.661362,760.002000,0.031215,dual_strong_update,5.001519,14633476047,14640726047,
14645870043,14638438046,1,1.000000,759.996000,752.000000,26,1,0,1,26,26,26,0,1.000000,0.000000,755.671462,759.996000,0.031226,dual_strong_update,5.041094,14638556043,14645806043,
14650870043,14642878046,1,0.961538,756.000000,767.998000,26,0,0,0,25,26,25,1,0.961538,0.000000,756.628758,756.000000,0.054906,dual_strong_update,4.751009,14643428043,14650678043,
14655870044,14648222043,1,1.000000,783.999000,847.999000,24,0,0,0,24,24,24,0,1.000000,0.000000,778.012986,783.999000,0.121029,dual_strong_update,4.949687,14648484043,14655734043,
14660870046,14653406043,1,1.000000,840.001000,856.003000,23,1,0,0,23,23,23,0,1.000000,0.000000,833.870046,840.001000,0.049425,dual_strong_update,4.877337,14653540043,14660790043,
14665878043,14658510043,1,1.000000,864.000000,860.002000,22,1,0,1,22,22,22,0,1.000000,0.000000,863.729287,864.000000,0.027456,dual_strong_update,4.847038,14658588047,14665838047,
14670878044,14662942043,1,1.000000,851.999500,856.000000,23,0,0,0,23,23,23,0,1.000000,0.000000,854.820227,851.999500,0.034798,dual_strong_update,4.686118,14663484043,14670734043,
14675878047,14667918043,1,1.000000,843.998000,835.998500,23,0,0,0,23,23,23,0,1.000000,0.000000,844.143947,843.998000,0.063239,dual_strong_update,4.658625,14668564045,14675814045,
14680886047,14672662043,1,1.000000,776.000000,800.001500,24,1,0,1,24,24,24,0,1.000000,0.000000,779.731914,776.000000,0.061138,dual_strong_update,4.681613,14673636047,14680886047,
14685894043,14677958045,1,1.000000,752.002000,743.998000,26,0,0,0,26,26,26,0,1.000000,0.000000,754.027028,752.002000,0.094630,dual_strong_update,5.114740,14678500047,14685750047,
14690894043,14683014043,1,1.000000,692.002500,679.999000,27,0,0,0,27,27,27,0,1.000000,0.000000,698.244059,692.002500,0.094268,dual_strong_update,4.772282,14683580043,14690830043,
14695894047,14688270044,1,1.000000,688.001000,683.998500,27,0,0,0,27,27,27,0,1.000000,0.000000,688.200361,688.001000,0.051720,dual_strong_update,5.057034,14688644047,14695894047,
14700902046,14693094043,1,1.000000,683.999500,688.000000,29,0,0,0,29,29,29,0,1.000000,0.000000,683.952090,683.999500,0.052022,dual_strong_update,4.750289,14693508047,14700758047,
14705910044,14697982044,1,1.000000,695.996000,695.998000,28,0,0,0,28,28,28,0,1.000000,0.000000,690.658902,695.996000,0.034091,dual_strong_update,4.866758,14698564046,14705814046,
14710910045,14703398043,1,1.000000,708.000000,767.996000,27,1,0,1,27,27,27,0,1.000000,0.000000,706.400192,708.000000,0.075384,dual_strong_update,4.619292,14703476043,14710726043,
14715910045,14708086047,1,0.964286,724.000000,759.998000,28,0,0,0,28,27,27,1,0.964286,0.000000,725.150772,724.000000,0.090097,dual_strong_update,4.624951,14708564047,14715814047,
14720910045,14713246044,1,0.962963,736.000000,740.001500,27,0,0,0,27,26,26,1,0.962963,0.000000,734.555737,736.000000,0.048344,dual_strong_update,4.975621,14713644046,14720894046,
14725918045,14718158047,1,0.962963,736.000000,755.998000,27,0,0,0,27,26,26,1,0.962963,0.000000,736.000634,736.000000,0.048338,dual_strong_update,5.220183,14718540043,14725790043,
14730926043,14723454044,1,0.962963,744.000000,744.003500,27,1,0,1,27,26,26,1,0.962963,0.000000,743.745965,744.000000,0.031880,dual_strong_update,4.697281,14723620044,14730870044,
14735926047,14727894043,1,1.000000,744.003000,744.000000,26,0,0,0,26,26,26,0,1.000000,0.000000,744.002736,744.003000,0.031870,dual_strong_update,4.737572,14728508047,14735758047,
14740934043,14733118045,1,1.000000,736.001000,720.000000,27,0,0,0,27,27,27,0,1.000000,0.000000,738.953476,736.001000,0.048345,dual_strong_update,4.557815,14733612047,14740862047,
14745934043,14738030045,1,1.000000,696.001000,696.000000,27,0,0,0,27,27,27,0,1.000000,0.000000,701.295374,696.001000,0.059642,dual_strong_update,4.463801,14738492047,14745742047,
14750934045,14743438043,1,1.000000,696.000000,684.003000,28,1,0,1,28,28,28,0,1.000000,0.000000,696.003987,696.000000,0.034083,dual_strong_update,4.442806,14743580046,14750830046,
14755934046,14748302047,1,1.000000,696.000000,688.000000,28,1,0,1,28,28,28,0,1.000000,0.000000,693.395397,696.000000,0.034087,dual_strong_update,4.835130,14748492046,14755742046,
14760934046,14753190043,1,1.000000,712.001000,779.998500,27,0,0,0,27,27,27,0,1.000000,0.000000,708.820413,712.001000,0.066639,dual_strong_update,5.056701,14753580043,14760830043,
14765942043,14758134043,1,1.000000,752.000000,775.998000,26,0,0,0,26,26,26,0,1.000000,0.000000,750.099172,752.000000,0.078862,dual_strong_update,5.236912,14758652043,14765902043,
14770942043,14763470045,1,1.000000,752.000000,720.000000,26,1,0,1,26,26,26,0,1.000000,0.000000,751.998093,752.000000,0.063089,dual_strong_update,5.016401,14763580043,14770830043,
14775942044,14768550044,1,0.961538,744.000500,720.000000,26,1,0,1,25,26,25,1,0.961538,0.000000,743.963215,744.000500,0.063767,dual_strong_update,5.308158,14768684043,14775934043,
14780950043,14773510044,1,1.000000,744.000000,731.999500,26,1,0,1,26,26,26,0,1.000000,0.000000,739.553132,744.000000,0.063766,dual_strong_update,5.191288,14773540046,14780790046,
14785950043,14778070043,1,1.000000,736.000000,732.000000,26,0,0,0,26,26,26,0,1.000000,0.000000,736.098326,736.000000,0.080576,dual_strong_update,5.199295,14778636046,14785886046,
14790950043,14783398043,1,1.000000,727.998000,696.000500,26,1,0,0,26,26,26,0,1.000000,0.000000,730.064490,727.998000,0.097752,dual_strong_update,5.438680,14783508043,14790758043,
14795950043,14787966045,1,0.962963,752.000000,732.000000,27,0,0,0,26,27,26,1,0.962963,0.000000,739.992934,752.000000,0.078866,dual_strong_update,5.276289,14788596043,14795846043,
14800950044,14793294047,1,1.000000,736.000000,768.000000,26,0,0,0,26,26,26,0,1.000000,0.000000,736.138910,736.000000,0.080576,dual_strong_update,5.311624,14793684044,14800934044,
14805950044,14797894043,1,1.000000,775.997000,784.001000,24,0,0,0,24,24,24,0,1.000000,0.000000,771.129304,775.997000,0.076419,dual_strong_update,5.495092,14798564045,14805814045,
14810958043,14803486045,1,1.000000,784.001000,792.001000,24,1,0,1,24,24,24,0,1.000000,0.000000,783.926423,784.001000,0.060510,dual_strong_update,5.917256,14803652045,14810902045,
14815958043,14808230046,1,1.000000,792.001000,788.000500,24,0,0,0,24,24,24,0,1.000000,0.000000,791.473511,792.001000,0.044931,dual_strong_update,5.787738,14808540047,14815790047,
14820958043,14812902043,1,0.960000,792.001000,784.000000,25,0,0,0,24,25,24,1,0.960000,0.000000,792.790507,792.001000,0.029957,dual_strong_update,5.680815,14813628043,14820878043,
14825958043,14818478047,1,1.000000,799.999000,792.002000,24,0,0,0,24,24,24,0,1.000000,0.000000,799.398227,799.999000,0.029654,dual_strong_update,5.720661,14818708043,14825958043,
14830958043,14823302043,1,1.000000,808.003000,787.998000,24,0,0,0,24,24,24,0,1.000000,0.000000,809.044763,808.003000,0.044028,dual_strong_update,5.409812,14823580043,14830830043,
14835958043,14828358043,1,0.960000,783.998000,748.000500,25,0,0,0,24,25,24,1,0.960000,0.000000,787.260927,783.998000,0.060511,dual_strong_update,5.196000,14828652047,14835902047,
14840958047,14832894046,1,1.000000,752.000000,739.999500,26,0,0,0,26,26,26,0,1.000000,0.000000,757.173722,752.000000,0.110412,dual_strong_update,5.298055,14833516047,14840766047,
14845966043,14838582046,1,1.000000,727.996500,699.999500,27,1,0,1,27,27,27,0,1.000000,0.000000,734.350071,727.996500,0.057026,dual_strong_update,5.396920,14838628043,14845878043,
14850966043,14843438044,1,0.965517,680.001000,675.998500,29,0,0,0,29,28,28,1,0.965517,0.000000,693.261542,680.001000,0.069767,dual_strong_update,4.989334,14843716043,14850966043,
14855966047,14848254047,1,0.964286,684.000500,688.000000,28,0,0,0,28,27,27,1,0.964286,0.000000,684.060594,684.000500,0.060684,dual_strong_update,5.267012,14848580043,14855830043,
14860974043,14852990043,1,0.964286,712.000000,719.999000,28,0,0,0,28,27,27,1,0.964286,0.000000,711.412437,712.000000,0.058302,dual_strong_update,5.190154,14853636045,14860886045,
14865974044,14858134043,1,0.931034,736.001000,744.004000,29,0,0,0,29,27,27,2,0.931034,0.000000,729.714206,736.001000,0.048349,dual_strong_update,5.128004,14858692043,14865942043,
14870974047,14863390044,1,0.961538,751.999500,768.001500,26,1,0,1,26,25,25,1,0.961538,0.000000,751.545435,751.999500,0.031541,dual_strong_update,5.012359,14863580043,14870830043,
14875982043,14867990047,1,0.961538,760.000000,760.004000,26,0,0,0,26,25,25,1,0.961538,0.000000,759.952702,760.000000,0.015611,dual_strong_update,4.616282,14868652043,14875902043,
14880982043,14873334043,1,0.961538,764.001000,759.998500,26,1,0,1,26,25,25,1,0.961538,0.000000,761.001661,764.001000,0.023285,dual_strong_update,4.522859,14873532045,14880782045,
14885982043,14878646045,1,1.000000,752.001000,744.003000,25,1,0,1,25,25,25,0,1.000000,0.000000,752.836142,752.001000,0.031546,dual_strong_update,4.882902,14878652045,14885902045,
14890982043,14883070045,1,1.000000,744.000000,727.997000,26,0,0,0,26,26,26,0,1.000000,0.000000,747.937986,744.000000,0.031888,dual_strong_update,4.598993,14883540043,14890790043,
14895982043,14888222043,1,1.000000,736.000000,728.000000,26,0,0,0,26,26,26,0,1.000000,0.000000,736.010122,736.000000,0.032230,dual_strong_update,4.910682,14888604045,14895854045,
14900982043,14893302043,1,1.000000,736.001000,740.001500,26,0,0,0,26,26,26,0,1.000000,0.000000,735.332468,736.001000,0.016125,dual_strong_update,4.982682,14893732043,14900982043,
14905982043,14898478047,1,0.964286,727.998000,728.003000,28,1,0,1,28,27,27,1,0.964286,0.000000,728.334981,727.998000,0.032577,dual_strong_update,5.011331,14898604043,14905854043,
14910982043,14903622043,1,0.964286,732.000000,728.003000,28,1,0,1,28,27,27,1,0.964286,0.000000,734.955045,732.000000,0.024311,dual_strong_update,4.594403,14903660046,14910910046,
14915982043,14908006047,1,0.964286,732.000000,736.000500,28,0,0,0,28,27,27,1,0.964286,0.000000,729.404280,732.000000,0.048610,dual_strong_update,4.482328,14908732043,14915982043,
14920982043,14913294043,1,0.962963,736.001000,803.999000,27,0,0,0,27,26,26,1,0.962963,0.000000,735.112112,736.001000,0.096693,dual_strong_update,4.980728,14913572045,14920822045,
14925982043,14918094043,1,1.000000,799.999000,839.997000,25,0,0,0,25,25,25,0,1.000000,0.000000,781.059403,799.999000,0.096368,dual_strong_update,5.351754,14918644044,14925894044,
14930982043,14923150045,1,1.000000,815.999000,816.003000,24,0,0,0,24,24,24,0,1.000000,0.000000,815.963328,815.999000,0.058139,dual_strong_update,6.000000,14923716043,14930966043,
14935982043,14928150043,1,1.000000,808.000000,803.999000,24,0,0,0,24,24,24,0,1.000000,0.000000,812.498852,808.000000,0.088077,dual_strong_update,6.000000,14928588046,14935838046,
14940982046,14933438043,1,1.000000,752.001500,744.002000,25,0,0,0,25,25,25,0,1.000000,0.000000,756.278835,752.001500,0.094632,dual_strong_update,5.693499,14933660043,14940910043,
14945990043,14938302044,1,1.000000,736.004000,735.996000,26,0,0,0,26,26,26,0,1.000000,0.000000,740.587086,736.004000,0.048335,dual_strong_update,5.680232,14938724043,14945974043,
14950990047,14943486047,1,1.000000,735.997000,735.996000,26,1,0,1,26,26,26,0,1.000000,0.000000,736.002032,735.997000,0.048344,dual_strong_update,5.893435,14943548044,14950798044,
14955998045,14948598043,1,1.000000,744.000000,735.996000,26,1,0,0,26,26,26,0,1.000000,0.000000,743.813759,744.000000,0.047822,dual_strong_update,6.000000,14948628043,14955878043,
14961006046,14953470043,1,1.000000,744.000000,744.000000,25,1,0,1,25,25,25,0,1.000000,0.000000,743.999860,744.000000,0.047826,dual_strong_update,6.000000,14953668043,14960918043,
14966006047,14958014043,1,1.000000,799.996000,815.999000,24,0,0,0,24,24,24,0,1.000000,0.000000,793.673442,799.996000,0.074129,dual_strong_update,6.000000,14958716047,14965966047,
14971014046,14962854043,1,1.000000,771.998000,744.004000,25,0,0,0,25,25,25,0,1.000000,0.000000,770.436207,771.998000,0.069133,dual_strong_update,6.000000,14963596047,14970846047,
14976014047,14968302045,1,1.000000,799.996000,807.999500,24,0,0,0,24,24,24,0,1.000000,0.000000,795.728586,799.996000,0.029660,dual_strong_update,6.000000,14968684043,14975934043,
14981014047,14973134043,1,0.960000,792.000000,796.000000,25,0,0,0,24,25,24,1,0.960000,0.000000,793.064381,792.000000,0.029959,dual_strong_update,6.000000,14973748043,14980998043,
14986022047,14977886046,1,1.000000,792.000000,788.002000,25,0,0,0,25,25,25,0,1.000000,0.000000,792.001068,792.000000,0.022463,dual_strong_update,6.000000,14978612043,14985862043,
14991030047,14983382046,1,1.000000,784.002000,784.004000,25,0,0,0,25,25,25,0,1.000000,0.000000,787.950745,784.002000,0.037823,dual_strong_update,6.000000,14983668043,14990918043,
14996038043,14988710045,1,1.000000,744.001000,960.000000,26,1,0,0,26,26,26,0,1.000000,0.000000,747.520013,744.001000,0.079712,dual_strong_update,6.000000,14988748045,14995998045,
15001038043,14993510043,1,1.000000,739.999000,888.000000,25,0,0,0,25,25,25,0,1.000000,0.000000,740.185804,739.999000,0.080143,dual_strong_update,6.000000,14993780045,15001030045,
15006038043,14998118043,1,1.000000,743.998000,871.998500,24,0,0,0,24,24,24,0,1.000000,0.000000,745.422391,743.998000,0.127540,dual_strong_update,6.000000,14998628047,15005878047,
15011038043,15003574043,1,0.958333,856.000000,919.998500,24,1,0,0,24,23,23,1,0.958333,0.000000,838.800847,856.000000,0.145490,dual_strong_update,5.080212,15003676046,15010926046,
15016038043,15007774043,1,1.000000,940.000500,984.000000,21,0,0,0,21,21,21,0,1.000000,0.000000,922.492159,940.000500,0.113562,dual_strong_update,4.862512,15008756047,15016006047,
15021038047,15012910043,1,1.000000,920.000000,939.998500,21,0,0,0,21,21,21,0,1.000000,0.000000,924.222541,920.000000,0.116032,dual_strong_update,4.346132,15013644043,15020894043,
15026046043,15018694045,1,1.000000,936.000000,912.001000,20,1,0,1,20,20,20,0,1.000000,0.000000,933.787706,936.000000,0.088707,dual_strong_update,4.314144,15018724043,15025974043,
15031046043,15023190044,1,1.000000,916.002500,888.000000,21,0,0,0,21,21,21,0,1.000000,0.000000,919.679864,916.002500,0.071218,dual_strong_update,4.820017,15023788043,15031038043,
15036046046,15027878043,1,1.000000,879.996000,3768.000000,22,0,0,0,22,22,22,0,1.000000,0.000000,881.172260,879.996000,0.067405,dual_strong_update,5.374910,15028628043,15035878043,
15041054043,15033006043,1,1.000000,840.000000,0.000000,22,0,0,0,22,22,22,0,1.000000,0.000000,842.234945,840.000000,0.056480,dual_strong_update,6.000000,15033660045,15040910045,
15046054043,15038518043,1,1.000000,832.001000,0.000000,23,0,0,0,23,23,23,0,1.000000,0.000000,832.039917,832.001000,0.064149,dual_strong_update,6.000000,15038724046,15045974046,
15051054043,15043606043,1,1.000000,831.998500,0.000000,23,1,0,0,23,23,23,0,1.000000,0.000000,831.999705,831.998500,0.064154,dual_strong_update,6.000000,15043772043,15051022043,
15056054043,15048246046,1,1.000000,831.998500,0.000000,23,0,0,0,23,23,23,0,1.000000,0.000000,831.998541,831.998500,0.078407,dual_strong_update,6.000000,15048796043,15056046043,
15061054043,15053078045,1,0.958333,840.000500,864.004000,24,0,0,0,24,23,23,1,0.958333,0.000000,836.755006,840.000500,0.049423,dual_strong_update,5.803512,15053644045,15060894045,
15066054046,15058014043,1,0.920000,831.999000,856.000000,25,0,0,0,25,23,23,2,0.920000,0.000000,832.075402,831.999000,0.042766,dual_strong_update,4.696723,15058724043,15065974043,
15071054046,15063046043,1,0.920000,831.999000,848.003000,25,0,0,0,25,23,23,2,0.920000,0.000000,831.022927,831.999000,0.042770,dual_strong_update,4.564827,15063756045,15071006045,
15076062045,15068022047,1,0.884615,840.001500,848.000000,26,0,0,0,26,23,23,3,0.884615,0.000000,843.269632,840.001500,0.042363,dual_consensus_update,4.477604,15068628043,15075878043,
15081070043,15073254047,1,0.880000,855.998000,896.000000,25,0,0,0,24,23,22,3,0.880000,0.000000,852.532787,855.998000,0.041565,dual_consensus_update,5.083481,15073668043,15080918043,
15086070045,15078374047,1,0.960000,839.999000,839.999000,25,0,0,0,25,24,24,1,0.960000,0.000000,840.146528,839.999000,0.070602,dual_strong_update,4.822085,15078716045,15085966045,
15091078043,15083230045,1,0.928571,752.001000,703.998000,28,0,0,0,28,26,26,2,0.928571,0.000000,764.559954,752.001000,0.173492,dual_consensus_update,5.078963,15083780044,15091030044,
15096078043,15088070043,1,0.900000,695.998500,696.000500,30,0,0,0,29,28,27,3,0.900000,0.000000,702.641239,695.998500,0.178934,dual_consensus_update,4.071419,15088644045,15095894045,
15101078047,15093390043,1,0.937500,696.000000,596.003500,32,0,0,0,32,30,30,2,0.937500,0.000000,662.366059,592.000000,0.200356,hold_previous_good_window,3.717475,15093708043,15100958043,
15106086046,15098326047,1,0.968750,572.001500,563.998500,32,0,0,0,32,31,31,1,0.968750,0.000000,571.819121,572.001500,0.134785,dual_strong_update,3.806491,15098764043,15106014043,
15111086046,15103198043,1,1.000000,576.003000,648.004000,32,0,0,0,32,32,32,0,1.000000,0.000000,574.552124,576.003000,0.123557,dual_strong_update,4.152875,15103820043,15111070043,
15116094043,15108598043,1,1.000000,636.002000,667.998500,31,1,0,1,31,31,31,0,1.000000,0.000000,631.766117,636.002000,0.139860,dual_strong_update,6.000000,15108684043,15115934043,
15121094046,15113174043,1,1.000000,679.997000,708.001500,28,0,0,0,28,28,28,0,1.000000,0.000000,675.658982,679.997000,0.069783,dual_strong_update,6.000000,15113756047,15121006047,
15126094047,15118206046,1,1.000000,704.000500,720.001000,27,0,0,0,27,27,27,0,1.000000,0.000000,703.819680,704.000500,0.067390,dual_strong_update,6.000000,15118668043,15125918043,
15131102043,15123198044,1,1.000000,716.000000,712.003000,27,0,0,0,27,27,27,0,1.000000,0.000000,714.024451,716.000000,0.041411,dual_strong_update,6.000000,15123724043,15130974043,
15136102043,15128254043,1,1.000000,728.000000,728.000000,26,0,0,0,26,26,26,0,1.000000,0.000000,727.317853,728.000000,0.032589,dual_strong_update,6.000000,15128804047,15136054047,
15141102043,15133374047,1,1.000000,744.000000,751.996000,26,0,0,0,26,26,26,0,1.000000,0.000000,742.359681,744.000000,0.079708,dual_strong_update,6.000000,15133684044,15140934044,
15146102043,15138254045,1,1.000000,728.000000,783.998000,26,0,0,0,26,26,26,0,1.000000,0.000000,727.934365,728.000000,0.130334,dual_strong_update,6.000000,15138772043,15146022043,
15151102043,15143574043,1,1.000000,656.000000,864.005000,24,0,0,0,24,24,24,0,1.000000,0.000000,774.796847,791.998000,0.254585,hold_previous_good_window,6.000000,15143828045,15151078045,
15156102046,15148326043,1,1.000000,640.000000,0.000000,22,0,0,0,22,22,22,0,1.000000,0.000000,774.796847,848.000000,0.321696,hold_previous_good_window,6.000000,15148708045,15155958045,
15161110043,15153030043,1,0.952381,952.000000,0.000000,21,0,0,0,20,21,20,1,0.952381,0.000000,935.445093,952.000000,0.124588,dual_strong_update,6.000000,15153772043,15161022043,
15166110044,15158342043,1,1.000000,928.000000,0.000000,20,0,0,0,20,20,20,0,1.000000,0.000000,934.950052,928.000000,0.063905,dual_strong_update,5.876041,15158804044,15166054044,
15171110044,15162790043,1,1.000000,908.001500,844.000000,21,0,0,0,21,21,21,0,1.000000,0.000000,907.584727,908.001500,0.058783,dual_strong_update,5.468647,15163684043,15170934043,
15176118046,15168102043,1,1.000000,872.000000,855.998000,22,0,0,0,22,22,22,0,1.000000,0.000000,877.354158,872.000000,0.040812,dual_strong_update,5.207265,15168732043,15175982043,
15181126043,15173254043,1,1.000000,872.000000,863.998000,22,0,0,0,22,22,22,0,1.000000,0.000000,871.803649,872.000000,0.040812,dual_strong_update,5.295892,15173820044,15181070044,
15186126043,15178518043,1,1.000000,863.996000,868.000000,22,1,0,0,22,22,22,0,1.000000,0.000000,863.758868,863.996000,0.027456,dual_strong_update,5.208498,15178692043,15185942043,
15191126046,15183686043,1,1.000000,864.000000,839.998000,22,1,0,1,22,22,22,0,1.000000,0.000000,863.979447,864.000000,0.041178,dual_strong_update,5.254824,15183780043,15191030043,
15196126046,15188678043,1,1.000000,840.003000,808.000000,22,1,0,0,22,22,22,0,1.000000,0.000000,843.435480,840.003000,0.056471,dual_strong_update,5.964268,15188836043,15196086043,
15201134043,15192894047,1,1.000000,840.000500,824.000000,23,0,0,0,23,23,23,0,1.000000,0.000000,840.182532,840.000500,0.070598,dual_strong_update,5.566007,15193684046,15200934046,
15206134043,15198230045,1,1.000000,831.997000,752.000000,24,0,0,0,24,24,24,0,1.000000,0.000000,833.272701,831.997000,0.128297,dual_strong_update,6.000000,15198724046,15205974046,
15211134047,15203622043,1,1.000000,776.000000,760.000000,24,1,0,1,24,24,24,0,1.000000,0.000000,776.581801,776.000000,0.061144,dual_strong_update,6.000000,15203788043,15211038043,
15216142043,15208182043,1,1.000000,776.000000,792.000000,24,0,0,0,24,24,24,0,1.000000,0.000000,776.000438,776.000000,0.045854,dual_strong_update,6.000000,15208852044,15216102044,
15221142043,15212950043,1,1.000000,768.002000,788.000500,25,0,0,0,25,25,25,0,1.000000,0.000000,765.080402,768.002000,0.046331,dual_strong_update,6.000000,15213748046,15220998046,
15226142047,15218326043,1,1.000000,767.998000,744.000000,25,0,0,0,25,25,25,0,1.000000,0.000000,767.996848,767.998000,0.046331,dual_strong_update,6.000000,15218828047,15226078047,
15231150043,15223598046,1,1.000000,767.998000,767.997000,25,0,0,0,25,25,25,0,1.000000,0.000000,768.015559,767.998000,0.038609,dual_strong_update,6.000000,15223892043,15231142043,
15236150046,15228198045,1,1.000000,759.998000,775.998000,26,0,0,0,26,26,26,0,1.000000,0.000000,758.801183,759.998000,0.046825,dual_strong_update,6.000000,15228756043,15236006043,
15241158043,15233382043,1,1.000000,783.996000,788.000000,24,0,0,0,24,24,24,0,1.000000,0.000000,780.197445,783.996000,0.075643,dual_strong_update,6.000000,15233820045,15241070045,
15246158046,15238494044,1,0.958333,819.998000,868.001500,24,0,0,0,23,24,23,1,0.958333,0.000000,815.081593,819.998000,0.094018,dual_strong_update,5.927995,15238908046,15246158046,
15251158047,15243558047,1,1.000000,867.998500,868.001500,23,1,0,1,23,23,23,0,1.000000,0.000000,867.930488,867.998500,0.068324,dual_strong_update,5.402849,15243756044,15251006044,
15256166043,15248206044,1,1.000000,867.998500,855.999000,23,0,0,0,23,23,23,0,1.000000,0.000000,867.873031,867.998500,0.102481,dual_strong_update,6.000000,15248828043,15256078043,
15261166046,15253462043,1,1.000000,872.003000,872.002000,22,0,0,0,22,22,22,0,1.000000,0.000000,870.020228,872.003000,0.068014,dual_strong_update,5.931134,15253900047,15261150047,
15266174043,15258590043,1,1.000000,799.999000,803.999000,24,1,0,1,24,24,24,0,1.000000,0.000000,807.325621,799.999000,0.103784,dual_strong_update,5.333658,15258780044,15266030044,
15271174043,15263470044,1,1.000000,832.000000,800.000000,24,0,0,0,24,24,24,0,1.000000,0.000000,825.360768,832.000000,0.085529,dual_strong_update,5.481563,15263860046,15271110046,
15276174043,15268390043,1,1.000000,844.000000,840.004000,23,0,0,0,23,23,23,0,1.000000,0.000000,840.989486,844.000000,0.056219,dual_strong_update,5.358991,15268924043,15276174043,
15281174043,15273470043,1,1.000000,832.000000,848.000000,24,0,0,0,24,24,24,0,1.000000,0.000000,834.734118,832.000000,0.057021,dual_strong_update,5.106850,15273772045,15281022045,
15286174043,15278526043,1,1.000000,827.998000,803.999500,23,0,0,0,23,23,23,0,1.000000,0.000000,831.436561,827.998000,0.050139,dual_strong_update,5.771748,15278844045,15286094045,
15291174043,15283214043,1,1.000000,840.000000,800.000000,22,0,0,0,22,22,22,0,1.000000,0.000000,830.560849,840.000000,0.084722,dual_strong_update,6.000000,15283908043,15291158043,
15296174047,15288398043,1,1.000000,840.000000,0.000000,23,0,0,0,23,23,23,0,1.000000,0.000000,840.013412,840.000000,0.077663,dual_strong_update,6.000000,15288796047,15296046047,
15301182045,15293694043,1,1.000000,880.001000,0.000000,22,1,0,0,22,22,22,0,1.000000,0.000000,871.266078,880.001000,0.067387,dual_strong_update,6.000000,15293844044,15301094044,
15306190043,15298062043,1,0.954545,892.000000,0.000000,22,0,0,0,21,22,21,1,0.954545,0.000000,892.471327,892.000000,0.059836,dual_strong_update,6.000000,15298916043,15306166043,
15311190043,15303502043,1,1.000000,888.000000,823.999000,22,0,0,0,22,22,22,0,1.000000,0.000000,888.068865,888.000000,0.053427,dual_strong_update,6.000000,15303796043,15311046043,
15316190047,15308142043,1,1.000000,888.000000,3047.999500,22,0,0,0,22,22,22,0,1.000000,0.000000,888.056365,888.000000,0.053427,dual_strong_update,6.000000,15308868043,15316118043,
15321198043,15313270043,1,1.000000,900.000000,5272.000000,21,0,0,0,21,21,21,0,1.000000,0.000000,899.941105,900.000000,0.072480,dual_strong_update,5.798706,15313924044,15321174044,
15326198043,15317926043,1,1.000000,856.003000,6376.002000,22,0,0,0,22,22,22,0,1.000000,0.000000,860.729160,856.003000,0.069275,dual_strong_update,5.947375,15318788045,15326038045,
15331198043,15323790043,1,1.000000,847.998500,0.000000,23,1,0,0,23,23,23,0,1.000000,0.000000,854.137471,847.998500,0.083924,dual_strong_update,6.000000,15323836043,15331086043,
15336198044,15328582043,1,1.000000,816.000000,0.000000,24,0,0,0,24,24,24,0,1.000000,0.000000,816.295425,816.000000,0.058141,dual_strong_update,6.000000,15328884044,15336134044,
15341198045,15333414043,1,1.000000,780.000000,0.000000,25,0,0,0,25,25,25,0,1.000000,0.000000,783.444813,780.000000,0.068428,dual_strong_update,6.000000,15333908045,15341158045,
15346206043,15338726043,1,1.000000,736.000000,1748.001000,26,1,0,0,26,26,26,0,1.000000,0.000000,743.176743,736.000000,0.128922,dual_strong_update,6.000000,15338780044,15346030044,
15351206047,15343382043,1,1.000000,720.000000,744.002000,26,0,0,0,26,26,26,0,1.000000,0.000000,722.573633,720.000000,0.082367,dual_strong_update,6.000000,15343860043,15351110043,
15356214044,15348462043,1,1.000000,720.000000,760.000000,26,0,0,0,26,26,26,0,1.000000,0.000000,721.716188,720.000000,0.082367,dual_strong_update,6.000000,15348940043,15356190043,
15361222043,15353094043,1,1.000000,760.002000,799.998000,25,0,0,0,25,25,25,0,1.000000,0.000000,759.032748,760.002000,0.078027,dual_strong_update,6.000000,15353804043,15361054043,
15366222043,15358646043,1,1.000000,784.001500,816.001000,25,0,0,0,25,25,25,0,1.000000,0.000000,783.673100,784.001500,0.045392,dual_strong_update,6.000000,15358876043,15366126043,
15371222043,15363782047,1,1.000000,808.002000,867.997000,24,1,0,0,24,24,24,0,1.000000,0.000000,806.080650,808.002000,0.073392,dual_strong_update,6.000000,15363924043,15371174043,
15376222045,15368518043,1,1.000000,832.001500,832.003000,23,0,0,0,23,23,23,0,1.000000,0.000000,832.618553,832.001500,0.042765,dual_strong_update,6.000000,15368804043,15376054043,
15381230044,15373598043,1,1.000000,831.999000,831.999000,24,0,0,0,24,24,24,0,1.000000,0.000000,831.998877,831.999000,0.028513,dual_strong_update,6.000000,15373876043,15381126043,
15386230047,15378502046,1,1.000000,831.998000,816.001000,23,0,0,0,23,23,23,0,1.000000,0.000000,831.998992,831.998000,0.028517,dual_strong_update,6.000000,15378956046,15386206046,
15391238047,15383446046,1,1.000000,816.004000,815.998000,24,0,0,0,24,24,24,0,1.000000,0.000000,816.215748,816.004000,0.029069,dual_strong_update,5.696807,15383852044,15391102044,
15396246043,15388278045,1,1.000000,807.999000,800.001500,23,0,0,0,23,23,23,0,1.000000,0.000000,808.083610,807.999000,0.029362,dual_strong_update,5.895830,15388956043,15396206043,
15401246043,15393166046,1,0.958333,807.998500,799.999000,24,0,0,0,23,24,23,1,0.958333,0.000000,805.854605,807.998500,0.029358,dual_strong_update,5.958803,15393836043,15401086043,
15406246045,15398662043,1,1.000000,820.000000,856.000000,23,0,0,0,23,23,23,0,1.000000,0.000000,812.736298,820.000000,0.057860,dual_strong_update,5.452293,15398892047,15406142047,
15411246045,15403942043,1,1.000000,816.001000,823.998000,23,1,0,1,23,23,23,0,1.000000,0.000000,815.742613,816.001000,0.036344,dual_strong_update,5.639572,15403980045,15411230045,
15416254043,15408054043,1,1.000000,824.000000,816.000000,23,0,0,0,23,23,23,0,1.000000,0.000000,823.981698,824.000000,0.043183,dual_strong_update,5.749239,15408844043,15416094043,
15421254043,15413798047,1,1.000000,816.000000,807.999000,24,1,0,1,24,24,24,0,1.000000,0.000000,816.761278,816.000000,0.029074,dual_strong_update,5.275893,15413924044,15421174044,
15426254043,15418598043,1,1.000000,799.999000,807.999000,25,0,0,0,25,25,25,0,1.000000,0.000000,800.300761,799.999000,0.051891,dual_strong_update,5.683360,15418988045,15426238045,
15431254043,15423686043,1,1.000000,796.001000,952.001000,25,1,0,0,25,25,25,0,1.000000,0.000000,793.902771,796.001000,0.067052,dual_strong_update,6.000000,15423868047,15431118047,
15436254044,15428462043,1,0.958333,820.001000,872.000500,24,0,0,0,23,24,23,1,0.958333,0.000000,816.003259,820.001000,0.101250,dual_strong_update,5.994472,15428940043,15436190043,
15441262043,15433670043,1,0.958333,840.000500,864.000000,24,0,0,0,23,24,23,1,0.958333,0.000000,838.498137,840.000500,0.049419,dual_strong_update,5.772134,15433988046,15441238046,
15446262046,15438774043,1,1.000000,856.000000,856.000000,22,1,0,1,22,22,22,0,1.000000,0.000000,856.674792,856.000000,0.041561,dual_strong_update,5.565198,15438836046,15446086046,
15451270045,15443158046,1,1.000000,864.000000,872.000000,22,0,0,0,22,22,22,0,1.000000,0.000000,864.272722,864.000000,0.027456,dual_strong_update,5.503155,15443932047,15451182047,
15456278046,15448382043,1,1.000000,856.000000,856.000000,23,0,0,0,23,23,23,0,1.000000,0.000000,856.501928,856.000000,0.041568,dual_strong_update,5.695754,15449004043,15456254043,
15461286043,15453430043,1,1.000000,816.004000,791.997000,24,0,0,0,24,24,24,0,1.000000,0.000000,824.558146,816.004000,0.087200,dual_strong_update,5.487962,15453884043,15461134043,
15466286046,15458862043,1,1.000000,799.999000,779.999500,24,1,0,0,24,24,24,0,1.000000,0.000000,800.084383,799.999000,0.103784,dual_strong_update,5.847762,15458916043,15466166043,
15471294043,15463158043,1,1.000000,799.998000,816.000000,24,0,0,0,24,24,24,0,1.000000,0.000000,799.998665,799.998000,0.074134,dual_strong_update,5.667939,15463996047,15471246047,
15476294045,15468358043,1,1.000000,816.000000,828.000000,24,0,0,0,24,24,24,0,1.000000,0.000000,815.098732,816.000000,0.058143,dual_strong_update,5.178182,15468884047,15476134047,
15481302043,15473230043,1,1.000000,840.000000,840.000000,23,0,0,0,23,23,23,0,1.000000,0.000000,835.451771,840.000000,0.042360,dual_strong_update,5.430562,15473956043,15481206043,
15486302043,15478214044,1,1.000000,839.998000,840.000000,23,0,0,0,23,23,23,0,1.000000,0.000000,839.919196,839.998000,0.042356,dual_strong_update,5.176883,15479020046,15486270046,
15491302043,15483286043,1,1.000000,839.998000,840.000000,23,0,0,0,23,23,23,0,1.000000,0.000000,839.997552,839.998000,0.035300,dual_strong_update,5.391153,15483892047,15491142047,
15496302043,15488350043,1,1.000000,832.000000,832.000000,24,0,0,0,24,24,24,0,1.000000,0.000000,832.114544,832.000000,0.057025,dual_strong_update,5.713913,15488980043,15496230043,
15501302043,15493054043,1,1.000000,783.999000,780.001000,24,0,0,0,24,24,24,0,1.000000,0.000000,785.207761,783.999000,0.045388,dual_strong_update,5.693963,15493852044,15501102044,
15506302043,15498486045,1,1.000000,776.000000,776.003000,24,0,0,0,24,24,24,0,1.000000,0.000000,776.120372,776.000000,0.030569,dual_strong_update,6.000000,15498948043,15506198043,
15511302043,15503942044,1,1.000000,775.998500,772.000000,25,1,0,1,25,25,25,0,1.000000,0.000000,773.714866,775.998500,0.030570,dual_strong_update,5.956293,15504004044,15511254044,
15516302045,15508526044,1,0.960000,768.003000,768.000500,25,0,0,0,24,25,24,1,0.960000,0.000000,768.235620,768.003000,0.015453,dual_strong_update,5.906058,15508884046,15516134046,
15521302046,15513878047,1,1.000000,772.001500,783.999500,25,1,0,1,25,25,25,0,1.000000,0.000000,770.047958,772.001500,0.038399,dual_strong_update,5.710144,15513972043,15521222043,
15526310044,15518558046,1,1.000000,791.996000,811.999000,24,0,0,0,24,24,24,0,1.000000,0.000000,785.317521,791.996000,0.044931,dual_strong_update,6.000000,15519052044,15526302044,
15531318043,15523598043,1,1.000000,808.000000,848.000000,24,0,0,0,24,24,24,0,1.000000,0.000000,807.201251,808.000000,0.058717,dual_strong_update,5.581961,15523908043,15531158043,
15536318043,15528630043,1,0.958333,808.000000,799.999000,24,0,0,0,23,24,23,1,0.958333,0.000000,807.999399,808.000000,0.066059,dual_strong_update,6.000000,15528964045,15536214045,
15541318043,15533358044,1,1.000000,791.998000,760.002000,24,0,0,0,24,24,24,0,1.000000,0.000000,794.342218,791.998000,0.089859,dual_strong_update,6.000000,15534020047,15541270047,
15546318046,15538574047,1,0.923077,760.002000,739.999500,26,0,0,0,24,26,24,2,0.923077,0.000000,762.433558,760.002000,0.046823,dual_strong_update,6.000000,15538924043,15546174043,
15551326043,15543918044,1,1.000000,759.999000,767.996000,25,1,0,1,25,25,25,0,1.000000,0.000000,760.000735,759.999000,0.046821,dual_strong_update,6.000000,15544012043,15551262043,
15556326043,15548494043,1,1.000000,776.000000,776.000000,25,0,0,0,25,25,25,0,1.000000,0.000000,773.342962,776.000000,0.045846,dual_strong_update,6.000000,15548892044,15556142044,
15561326043,15553894043,1,1.000000,776.000000,784.000000,25,1,0,1,25,25,25,0,1.000000,0.000000,775.998078,776.000000,0.053492,dual_strong_update,5.817078,15553980045,15561230045,
15566326043,15558766043,1,1.000000,791.998000,807.999500,24,0,0,0,24,24,24,0,1.000000,0.000000,786.688314,791.998000,0.029955,dual_strong_update,6.000000,15559060043,15566310043,
15571326046,15563382045,1,0.960000,791.998000,788.000000,25,0,0,0,24,25,24,1,0.960000,0.000000,791.987037,791.998000,0.044929,dual_strong_update,5.622048,15563956047,15571206047,
15576326046,15568294043,1,1.000000,783.998000,800.000000,25,0,0,0,25,25,25,0,1.000000,0.000000,784.178403,783.998000,0.075640,dual_strong_update,6.000000,15569020043,15576270043,
15581326047,15573278043,1,1.000000,784.001000,791.998000,25,1,0,0,25,25,25,0,1.000000,0.000000,785.648135,784.001000,0.045382,dual_strong_update,5.706879,15574076047,15581326047,
15586334043,15578718043,1,1.000000,748.000000,792.000000,25,0,0,0,25,25,25,0,1.000000,0.000000,752.337509,748.000000,0.055498,dual_strong_update,5.920720,15578956045,15586206045,
15591334043,15583934043,1,1.000000,768.001000,1504.000500,25,1,0,1,25,25,25,0,1.000000,0.000000,766.484571,768.001000,0.054055,dual_strong_update,6.000000,15584028046,15591278046,
15596334043,15588654043,1,1.000000,783.999500,799.999000,25,0,0,0,25,25,25,0,1.000000,0.000000,783.417625,783.999500,0.045385,dual_strong_update,6.000000,15588940043,15596190043,
15601334047,15593518045,1,1.000000,799.999000,799.999000,24,0,0,0,24,24,24,0,1.000000,0.000000,798.186411,799.999000,0.044474,dual_strong_update,6.000000,15594036043,15601286043,
15606342043,15599070043,1,1.000000,792.002000,771.999500,24,1,0,0,24,24,24,0,1.000000,0.000000,793.812368,792.002000,0.044923,dual_strong_update,6.000000,15599084044,15606334044,
15611342045,15603686043,1,1.000000,792.000000,751.998500,24,0,0,0,24,24,24,0,1.000000,0.000000,792.001454,792.000000,0.044922,dual_strong_update,6.000000,15603948043,15611198043,
15616350047,15608334044,1,1.000000,808.001000,4304.001000,24,0,0,0,24,24,24,0,1.000000,0.000000,799.001914,808.001000,0.073394,dual_strong_update,6.000000,15609004043,15616254043,
15621358045,15613438043,1,1.000000,808.002000,827.999500,24,0,0,0,24,24,24,0,1.000000,0.000000,809.133447,808.002000,0.058719,dual_strong_update,5.990333,15614068046,15621318046,
15626366043,15618398045,1,1.000000,840.000000,832.000000,23,0,0,0,23,23,23,0,1.000000,0.000000,839.411945,840.000000,0.028244,dual_strong_update,5.264096,15618948045,15626198045,
15631366043,15623326044,1,1.000000,839.998000,816.001000,23,0,0,0,23,23,23,0,1.000000,0.000000,839.998417,839.998000,0.042359,dual_strong_update,4.953058,15624036045,15631286045,
15636366046,15628406046,1,1.000000,816.001000,815.998000,24,0,0,0,24,24,24,0,1.000000,0.000000,811.613861,816.001000,0.072675,dual_strong_update,5.539874,15629108045,15636358045,
15641374044,15633462043,1,1.000000,808.000000,2699.996500,24,0,0,0,24,24,24,0,1.000000,0.000000,813.590722,808.000000,0.073396,dual_strong_update,6.000000,15633964045,15641214045,
15646382043,15638462044,1,1.000000,800.000000,820.002000,24,0,0,0,24,24,24,0,1.000000,0.000000,800.283597,800.000000,0.059302,dual_strong_update,6.000000,15639036046,15646286046,
15651382045,15643342044,1,1.000000,820.000500,816.001000,23,0,0,0,23,23,23,0,1.000000,0.000000,817.706400,820.000500,0.036155,dual_strong_update,6.000000,15644132045,15651382045,
15656390043,15648270046,1,1.000000,816.000500,3191.999000,23,0,0,0,23,23,23,0,1.000000,0.000000,816.013094,816.000500,0.029073,dual_strong_update,6.000000,15648988046,15656238046,
15661390043,15653982043,1,1.000000,828.001500,3191.999000,23,1,0,0,23,23,23,0,1.000000,0.000000,823.894453,828.001500,0.064458,dual_strong_update,6.000000,15654084046,15661334046,
15666390043,15658182043,1,1.000000,860.000000,7143.998000,23,1,0,0,23,23,23,0,1.000000,0.000000,855.961835,860.000000,0.068958,dual_strong_update,6.000000,15659140043,15666390043,
15671390043,15663582043,1,1.000000,896.000000,0.000000,22,0,0,0,22,22,22,0,1.000000,0.000000,888.622241,896.000000,0.079420,dual_strong_update,6.000000,15663988045,15671238045,
15676390043,15668142043,1,1.000000,896.000000,0.000000,22,0,0,0,22,22,22,0,1.000000,0.000000,895.994448,896.000000,0.066187,dual_strong_update,6.000000,15669068044,15676318044,
15681390043,15673526043,1,1.000000,896.000000,0.000000,21,0,0,0,21,21,21,0,1.000000,0.000000,891.311641,896.000000,0.066187,dual_strong_update,6.000000,15674132046,15681382046,
15686390043,15678718043,1,1.000000,864.003000,800.000500,22,0,0,0,22,22,22,0,1.000000,0.000000,868.789299,864.003000,0.068646,dual_strong_update,6.000000,15678996043,15686246043,
15691390043,15683902044,1,1.000000,808.000500,800.000000,23,1,0,1,23,23,23,0,1.000000,0.000000,815.997154,808.000500,0.044037,dual_strong_update,6.000000,15684068046,15691318046,
15696390044,15688630044,1,1.000000,800.000500,800.000000,23,0,0,0,23,23,23,0,1.000000,0.000000,803.207489,800.000500,0.029651,dual_strong_update,6.000000,15688956043,15696206043,
15701398044,15693478043,1,1.000000,800.000000,807.997000,24,0,0,0,24,24,24,0,1.000000,0.000000,800.002414,800.000000,0.014828,dual_strong_update,6.000000,15694028043,15701278043,
15706398045,15698982043,1,0.958333,800.000000,800.003000,24,1,0,0,23,24,23,1,0.958333,0.000000,799.999958,800.000000,0.014826,dual_strong_update,6.000000,15699084043,15706334043,
15711398046,15703790047,1,1.000000,800.000000,807.997000,24,1,0,1,24,24,24,0,1.000000,0.000000,800.000000,800.000000,0.014826,dual_strong_update,5.999756,15703956043,15711206043,
15716406047,15708718043,1,1.000000,800.000000,807.999000,24,0,0,0,24,24,24,0,1.000000,0.000000,799.999984,800.000000,0.014826,dual_strong_update,5.655737,15709020045,15716270045,
15721414043,15713494043,1,1.000000,792.002000,791.998500,25,0,0,0,25,25,25,0,1.000000,0.000000,794.533230,792.002000,0.029946,dual_strong_update,5.994238,15714124043,15721374043,
15726414047,15718238045,1,0.961538,783.999500,776.001000,26,0,0,0,25,26,25,1,0.961538,0.000000,784.087635,783.999500,0.030259,dual_strong_update,6.000000,15718980047,15726230047,
15731422043,15723598043,1,1.000000,759.996000,768.004000,26,0,0,0,26,26,26,0,1.000000,0.000000,765.479981,759.996000,0.078040,dual_strong_update,6.000000,15724060043,15731310043,
15736422043,15728990043,1,0.962963,744.000000,784.000000,27,1,0,0,26,27,26,1,0.962963,0.000000,744.249958,744.000000,0.079710,dual_strong_update,6.000000,15729140043,15736390043,
15741422046,15733414043,1,1.000000,744.000000,815.998500,26,0,0,0,26,26,26,0,1.000000,0.000000,743.389293,744.000000,0.111594,dual_strong_update,6.000000,15734020046,15741270046,
15746430047,15738270047,1,1.000000,824.000000,847.998000,24,0,0,0,24,24,24,0,1.000000,0.000000,811.816008,824.000000,0.071971,dual_strong_update,5.645544,15739060043,15746310043,
15751438043,15743342043,1,1.000000,824.001000,832.001000,23,0,0,0,23,23,23,0,1.000000,0.000000,823.991625,824.001000,0.050386,dual_strong_update,5.699255,15744124043,15751374043,
15756438043,15748382047,1,1.000000,824.000000,799.997000,24,0,0,0,24,24,24,0,1.000000,0.000000,822.687699,824.000000,0.043181,dual_strong_update,6.000000,15749156045,15756406045,
15761438046,15753846046,1,1.000000,808.000000,776.000000,24,1,0,1,24,24,24,0,1.000000,0.000000,808.406714,808.000000,0.058711,dual_strong_update,6.000000,15754044044,15761294044,
15766446043,15758638046,1,1.000000,808.000000,768.000000,24,0,0,0,24,24,24,0,1.000000,0.000000,807.998955,808.000000,0.044038,dual_strong_update,6.000000,15759124043,15766374043,
15771446046,15764158043,1,1.000000,808.003000,823.998000,24,1,0,1,24,24,24,0,1.000000,0.000000,808.002082,808.003000,0.044032,dual_strong_update,6.000000,15764188047,15771438047,
15776454046,15768302043,1,0.958333,815.997500,815.998000,24,0,0,0,23,24,23,1,0.958333,0.000000,811.790838,815.997500,0.029077,dual_strong_update,5.892116,15769052045,15776302045,
15781454047,15773974043,1,0.958333,823.999500,816.000000,24,1,0,1,23,24,23,1,0.958333,0.000000,822.190758,823.999500,0.028787,dual_strong_update,5.447797,15774132047,15781382047,
15786454047,15778862043,1,1.000000,815.997000,816.004000,24,0,0,0,24,24,24,0,1.000000,0.000000,816.033744,815.997000,0.014541,dual_strong_update,5.191881,15779204047,15786454047,
15791462043,15783798046,1,1.000000,816.000000,816.004000,24,0,0,0,24,24,24,0,1.000000,0.000000,815.999320,816.000000,0.014539,dual_strong_update,5.456199,15784076043,15791326043,
15796462044,15788678046,1,1.000000,824.000000,832.001000,24,0,0,0,24,24,24,0,1.000000,0.000000,823.573142,824.000000,0.028785,dual_strong_update,5.710142,15789148045,15796398045,
15801462046,15793686043,1,1.000000,816.000000,831.999000,24,0,0,0,24,24,24,0,1.000000,0.000000,816.267408,816.000000,0.029071,dual_strong_update,5.745609,15794020043,15801270043,
15806470046,15798646043,1,1.000000,807.999500,800.000000,23,0,0,0,23,23,23,0,1.000000,0.000000,808.494015,807.999500,0.051375,dual_strong_update,6.000000,15799076043,15806326043,
15811478043,15803934043,1,1.000000,792.000000,800.000000,24,0,0,0,24,24,24,0,1.000000,0.000000,793.915457,792.000000,0.029959,dual_strong_update,6.000000,15804156044,15811406044,
15816478047,15808678043,1,1.000000,775.998000,783.997000,25,0,0,0,25,25,25,0,1.000000,0.000000,776.490283,775.998000,0.038211,dual_strong_update,6.000000,15809036047,15816286047,
15821486043,15814110043,1,1.000000,760.002000,767.998500,26,1,0,1,26,26,26,0,1.000000,0.000000,757.892696,760.002000,0.078027,dual_strong_update,6.000000,15814116047,15821366047,
15826486045,15818782043,1,1.000000,696.001000,671.999000,27,0,0,0,27,27,27,0,1.000000,0.000000,708.306005,696.001000,0.119289,dual_strong_update,6.000000,15819196044,15826446044,
15831494046,15823814044,1,1.000000,672.000000,715.999500,28,0,0,0,28,28,28,0,1.000000,0.000000,672.388402,672.000000,0.088250,dual_strong_update,6.000000,15824100043,15831350043,
15836502043,15828838043,1,1.000000,696.001000,916.000000,27,0,0,0,27,27,27,0,1.000000,0.000000,690.003393,696.001000,0.136331,dual_strong_update,6.000000,15829148044,15836398044,
15841502047,15833462043,1,1.000000,760.000000,1695.998500,26,0,0,0,26,26,26,0,1.000000,0.000000,743.424962,760.000000,0.187276,dual_consensus_update,6.000000,15834204046,15841454046,
15846510045,15838510043,1,1.000000,824.000000,864.000000,24,0,0,0,24,24,24,0,1.000000,0.000000,817.266301,824.000000,0.071964,dual_strong_update,6.000000,15839084046,15846334046,
15851518043,15843630044,1,0.956522,856.004000,784.001500,23,0,0,0,22,23,22,1,0.956522,0.000000,854.594293,856.004000,0.055431,dual_strong_update,6.000000,15844140043,15851390043,
15856518043,15848750047,1,0.956522,856.000000,848.000000,23,0,0,0,22,23,22,1,0.956522,0.000000,856.415490,856.000000,0.041568,dual_strong_update,6.000000,15849204043,15856454043,
15861518044,15853838043,1,1.000000,848.000000,851.998000,22,0,0,0,22,22,22,0,1.000000,0.000000,849.264593,848.000000,0.027974,dual_strong_update,6.000000,15854252046,15861502046,
15866526046,15858998043,1,1.000000,848.000000,836.000500,22,1,0,1,22,22,22,0,1.000000,0.000000,849.559807,848.000000,0.013992,dual_strong_update,6.000000,15859124043,15866374043,
15871534043,15864038043,1,0.956522,848.000000,836.000500,23,1,0,0,22,23,22,1,0.956522,0.000000,848.001034,848.000000,0.013989,dual_strong_update,6.000000,15864180044,15871430044,
15876534043,15868990043,1,0.958333,832.000000,831.999000,24,0,0,0,23,24,23,1,0.958333,0.000000,833.645451,832.000000,0.028509,dual_strong_update,6.000000,15869268043,15876518043,
15881534046,15873998043,1,1.000000,824.000000,816.000000,24,1,0,1,24,24,24,0,1.000000,0.000000,827.382785,824.000000,0.057571,dual_strong_update,6.000000,15874148044,15881398044,
15886542043,15878766043,1,1.000000,824.000000,824.000500,24,0,0,0,24,24,24,0,1.000000,0.000000,822.594781,824.000000,0.057577,dual_strong_update,6.000000,15879220043,15886470043,
15891542043,15883630046,1,1.000000,808.000000,824.000000,24,0,0,0,24,24,24,0,1.000000,0.000000,808.714586,808.000000,0.029364,dual_strong_update,6.000000,15884284043,15891534043,
15896542043,15888574044,1,1.000000,791.999000,791.998000,25,0,0,0,25,25,25,0,1.000000,0.000000,793.307305,791.999000,0.059905,dual_strong_update,6.000000,15889172047,15896422047,
15901542043,15894190044,1,1.000000,784.002000,784.002000,24,1,0,1,24,24,24,0,1.000000,0.000000,785.132732,784.002000,0.105890,dual_strong_update,5.588645,15894204043,15901454043,
15906542043,15899118043,1,1.000000,783.999500,720.002000,25,1,0,0,25,25,25,0,1.000000,0.000000,784.001329,783.999500,0.090772,dual_strong_update,6.000000,15899268043,15906518043,
15911542043,15903998043,1,1.000000,720.000000,640.003000,26,1,0,0,26,26,26,0,1.000000,0.000000,727.270954,720.000000,0.115313,dual_strong_update,6.000000,15904156044,15911406044,
15916542047,15908950043,1,1.000000,751.997000,671.996000,26,0,0,0,26,26,26,0,1.000000,0.000000,739.005522,751.997000,0.110401,dual_strong_update,6.000000,15909252043,15916502043,
15921550045,15913918043,1,1.000000,784.001500,839.998000,25,0,0,0,25,25,25,0,1.000000,0.000000,783.712781,784.001500,0.105897,dual_strong_update,6.000000,15914148043,15921398043,
15926558043,15918926043,1,1.000000,804.000500,824.000000,25,0,0,0,25,25,25,0,1.000000,0.000000,801.820911,804.000500,0.073760,dual_strong_update,5.840772,15919204045,15926454045,
15931558043,15923854047,1,1.000000,816.000000,808.002000,24,0,0,0,24,24,24,0,1.000000,0.000000,814.806102,816.000000,0.043606,dual_strong_update,5.691736,15924284047,15931534047,
15936558043,15928686045,1,1.000000,824.000000,839.999000,24,0,0,0,24,24,24,0,1.000000,0.000000,825.826254,824.000000,0.043183,dual_strong_update,5.522165,15929156045,15936406045,
15941558043,15933862043,1,1.000000,804.000000,808.001000,23,0,0,0,23,23,23,0,1.000000,0.000000,807.111215,804.000000,0.051637,dual_strong_update,5.844756,15934236046,15941486046,
15946558045,15938678043,1,1.000000,816.001500,803.998000,23,0,0,0,23,23,23,0,1.000000,0.000000,811.489334,816.001500,0.079947,dual_strong_update,6.000000,15939292043,15946542043,
15951558046,15943446045,1,1.000000,808.000500,4639.999500,23,0,0,0,23,23,23,0,1.000000,0.000000,810.293882,808.000500,0.051374,dual_strong_update,6.000000,15944156046,15951406046,
15956566043,15948630043,1,1.000000,823.998000,4240.002000,23,0,0,0,23,23,23,0,1.000000,0.000000,820.482560,823.998000,0.050380,dual_strong_update,6.000000,15949228047,15956478047,
15961566044,15953614043,1,1.000000,819.999500,808.000000,23,0,0,0,23,23,23,0,1.000000,0.000000,821.683736,819.999500,0.036162,dual_strong_update,6.000000,15954284043,15961534043,
15966574046,15958574043,1,1.000000,816.001500,807.999000,23,0,0,0,23,23,23,0,1.000000,0.000000,816.006082,816.001500,0.029068,dual_strong_update,6.000000,15959140046,15966390046,
15971582046,15964182043,1,1.000000,824.000000,807.999000,22,1,0,0,22,22,22,0,1.000000,0.000000,827.401282,824.000000,0.071973,dual_strong_update,6.000000,15964220045,15971470045,
15976582046,15968654043,1,1.000000,863.996000,832.001500,22,0,0,0,22,22,22,0,1.000000,0.000000,853.476554,863.996000,0.082372,dual_strong_update,6.000000,15969268045,15976518045,
15981582047,15974102043,1,1.000000,864.000000,844.003500,22,1,0,1,22,22,22,0,1.000000,0.000000,863.989995,864.000000,0.041183,dual_strong_update,6.000000,15974300047,15981550047,
15986590043,15978374043,1,1.000000,876.001500,872.000000,21,0,0,0,21,21,21,0,1.000000,0.000000,876.907843,876.001500,0.060929,dual_strong_update,5.454880,15979172043,15986422043,
15991590043,15983694043,1,1.000000,864.000000,976.000000,22,0,0,0,22,22,22,0,1.000000,0.000000,864.028769,864.000000,0.041188,dual_strong_update,5.519210,15984236044,15991486044,
15996590043,15989158047,1,1.000000,880.000000,951.999000,22,1,0,1,22,22,22,0,1.000000,0.000000,874.671330,880.000000,0.053913,dual_strong_update,5.419373,15989316043,15996566043,
16001590047,15993510045,1,1.000000,904.000000,928.000000,21,0,0,0,21,21,21,0,1.000000,0.000000,905.201549,904.000000,0.052483,dual_strong_update,5.151504,15994172045,16001422045,
16006598043,15998862043,1,0.954545,883.998500,920.000000,22,0,0,0,21,22,21,1,0.954545,0.000000,887.767701,883.998500,0.073794,dual_strong_update,5.250815,15999244044,16006494044,
16011598044,16004238043,1,1.000000,880.000000,883.998500,22,1,0,0,22,22,22,0,1.000000,0.000000,879.922394,880.000000,0.067389,dual_strong_update,5.359763,16004324045,16011574045,
16016598044,16008470043,1,1.000000,904.000000,824.002000,21,0,0,0,21,21,21,0,1.000000,0.000000,903.891083,904.000000,0.059039,dual_strong_update,5.759170,16009180043,16016430043,
16021606043,16014094043,1,1.000000,920.000000,0.000000,22,1,0,0,22,22,22,0,1.000000,0.000000,918.354993,920.000000,0.051569,dual_strong_update,5.782627,16014244044,16021494044,
16026606043,16018710043,1,1.000000,924.000000,816.000000,21,0,0,0,21,21,21,0,1.000000,0.000000,921.266389,924.000000,0.044927,dual_strong_update,5.848726,16019316045,16026566045,
16031606047,16023926043,1,1.000000,928.000000,816.000000,20,0,0,0,20,20,20,0,1.000000,0.000000,931.992419,928.000000,0.038343,dual_strong_update,5.999848,16024212046,16031462046,
16036614043,16029078043,1,1.000000,943.996000,0.000000,20,0,0,0,20,20,20,0,1.000000,0.000000,941.183395,943.996000,0.025135,dual_strong_update,5.719176,16029292043,16036542043,
16041614047,16033758043,1,1.000000,943.998000,0.000000,20,0,0,0,20,20,20,0,1.000000,0.000000,941.207539,943.998000,0.012568,dual_strong_update,6.000000,16034348043,16041598043,
16046622043,16038406043,1,1.000000,928.000000,704.000000,22,1,0,0,22,22,22,0,1.000000,0.000000,933.277738,928.000000,0.038343,dual_strong_update,6.000000,16039372043,16046622043,
16051622047,16044062043,1,1.000000,896.000000,704.000000,22,1,0,0,22,22,22,0,1.000000,0.000000,900.992309,896.000000,0.079432,dual_strong_update,6.000000,16044244043,16051494043,
16056630044,16049302043,1,1.000000,808.000000,748.000500,24,1,0,0,24,24,24,0,1.000000,0.000000,812.207349,808.000000,0.132113,dual_strong_update,6.000000,16049316043,16056566043,
16061638043,16054094046,1,0.960000,760.000000,756.000000,25,1,0,1,24,25,24,1,0.960000,0.000000,760.133375,760.000000,0.093638,dual_strong_update,6.000000,16054204047,16061454047,
16066638046,16059134043,1,1.000000,808.003000,760.000000,24,1,0,1,24,24,24,0,1.000000,0.000000,806.708777,808.003000,0.102752,dual_strong_update,6.000000,16059260043,16066510043,
16071646043,16064166043,1,1.000000,824.000000,859.999500,24,1,0,1,24,24,24,0,1.000000,0.000000,819.554548,824.000000,0.086367,dual_strong_update,5.997458,16064332047,16071582047,
16076646047,16068470043,1,1.000000,859.999500,864.001000,23,0,0,0,23,23,23,0,1.000000,0.000000,855.603344,859.999500,0.034481,dual_strong_update,5.717376,16069212043,16076462043,
16081654043,16073590043,1,1.000000,859.999500,0.000000,23,0,0,0,23,23,23,0,1.000000,0.000000,859.130986,859.999500,0.020692,dual_strong_update,6.000000,16074260043,16081510043,
16086654043,16078814043,1,1.000000,872.000000,0.000000,22,0,0,0,22,22,22,0,1.000000,0.000000,871.758398,872.000000,0.027204,dual_strong_update,6.000000,16079332043,16086582043,
16091654043,16084038043,1,1.000000,872.000000,0.000000,22,0,0,0,22,22,22,0,1.000000,0.000000,868.855321,872.000000,0.027204,dual_strong_update,6.000000,16084380044,16091630044,
16096654046,16089230043,1,1.000000,864.000000,0.000000,22,1,0,0,22,22,22,0,1.000000,0.000000,864.075216,864.000000,0.013728,dual_strong_update,6.000000,16089268043,16096518043,
16101654047,16093550043,1,1.000000,864.000000,2560.000000,22,0,0,0,22,22,22,0,1.000000,0.000000,864.000057,864.000000,0.013728,dual_strong_update,6.000000,16094324043,16101574043,
16106662043,16098734046,1,1.000000,864.000000,2560.000000,23,0,0,0,23,23,23,0,1.000000,0.000000,864.000000,864.000000,0.020589,dual_strong_update,6.000000,16099388043,16106638043,
16111662043,16104038043,1,1.000000,856.000000,0.000000,23,0,0,0,23,23,23,0,1.000000,0.000000,856.240407,856.000000,0.055424,dual_strong_update,6.000000,16104244047,16111494047,
16116662043,16108718043,1,1.000000,828.001500,0.000000,23,0,0,0,23,23,23,0,1.000000,0.000000,836.498808,828.001500,0.078785,dual_strong_update,6.000000,16109340047,16116590047,
16121662043,16113526046,1,1.000000,792.003000,0.000000,24,1,0,0,24,24,24,0,1.000000,0.000000,792.154289,792.003000,0.074873,dual_strong_update,6.000000,16114412043,16121662043,
16126662043,16119030043,1,1.000000,808.000000,0.000000,24,0,0,0,24,24,24,0,1.000000,0.000000,806.498721,808.000000,0.058717,dual_strong_update,6.000000,16119268043,16126518043,
16131662043,16124038043,1,1.000000,808.000000,0.000000,24,0,0,0,24,24,24,0,1.000000,0.000000,810.461785,808.000000,0.058715,dual_strong_update,6.000000,16124316043,16131566043,
16136662043,16128798043,1,0.961538,780.000000,0.000000,26,0,0,0,25,26,25,1,0.961538,0.000000,780.544449,780.000000,0.068428,dual_strong_update,6.000000,16129372043,16136622043,
16141662046,16133958043,1,1.000000,748.000000,0.000000,25,0,0,0,25,25,25,0,1.000000,0.000000,755.814636,748.000000,0.103070,dual_strong_update,6.000000,16134396047,16141646047,
16146662046,16138710043,1,0.961538,748.000000,0.000000,26,0,0,0,25,26,25,1,0.961538,0.000000,753.762062,748.000000,0.103074,dual_strong_update,6.000000,16139244045,16146494045,
16151670047,16144278043,1,1.000000,795.998000,0.000000,25,1,0,0,25,25,25,0,1.000000,0.000000,782.042327,795.998000,0.149009,dual_strong_update,6.000000,16144292045,16151542045,
16156678043,16148678043,1,1.000000,856.000000,0.000000,22,0,0,0,22,22,22,0,1.000000,0.000000,849.131935,856.000000,0.069280,dual_strong_update,6.000000,16149364043,16156614043,
16161678046,16154022043,1,0.956522,888.000000,0.000000,23,0,0,0,22,23,22,1,0.956522,0.000000,887.029945,888.000000,0.040070,dual_strong_update,6.000000,16154428046,16161678046,
16166686045,16158446043,1,1.000000,896.000000,0.000000,21,0,0,0,21,21,21,0,1.000000,0.000000,895.963791,896.000000,0.046328,dual_strong_update,6.000000,16159276043,16166526043,
16171694043,16163758043,1,1.000000,891.998500,0.000000,21,0,0,0,21,21,21,0,1.000000,0.000000,895.046421,891.998500,0.053189,dual_strong_update,6.000000,16164332043,16171582043,
16176694043,16169102043,1,1.000000,872.000000,0.000000,22,0,0,0,22,22,22,0,1.000000,0.000000,872.125574,872.000000,0.054407,dual_strong_update,6.000000,16169380045,16176630045,
