t_us,window_start_t_us,window_end_t_us,beat_count,firmware_beat_count,insertion_ratio,recovery_ratio,dual_detector_ratio,single_detector_ratio,detector_consensus_mean,detector_time_spread_p95_ms,sequence_rescue_ratio,local_clip_ratio,firmware_unmatched_ratio,offset_p50_ms,offset_p95_ms,offset_signed_p50_ms,adjacent_offset_change_p95_ms,firmware_rr_rmssd_ms,firmware_rr_sdnn_ms,final_rr_rmssd_ms,final_rr_sdnn_ms,clipping_ratio
14217190043,14198006043,14217190043,25,23,0.000000,0.000000,1.000000,0.000000,1.000000,0.000000,0.000000,0.000000,0.200000,0.000000,375.997200,0.000000,383.999200,391.602929,256.521761,49.004490,99.889913,0.000000
14237926043,14217950047,14237926043,24,22,0.000000,0.000000,1.000000,0.000000,1.000000,0.000000,0.000000,0.000000,0.041667,0.000000,8.002800,0.000000,312.002050,129.355955,102.231334,47.205963,66.620466,0.000000
14257934044,14238774047,14257934044,25,22,0.000000,0.000000,1.000000,0.000000,1.000000,0.000000,0.000000,0.000000,0.080000,0.000000,8.003900,0.000000,304.403050,259.351894,179.561697,30.487061,72.404024,0.000000
14278350047,14258702043,14278350047,24,24,0.000000,0.000000,1.000000,0.000000,1.000000,0.000000,0.000000,0.000000,0.000000,0.000000,8.002850,0.000000,8.003000,35.572165,44.013651,37.172581,44.539478,0.000000
14298822047,14279190043,14298822047,23,23,0.000000,0.000000,1.000000,0.000000,1.000000,0.000000,0.000000,0.000000,0.000000,0.000000,8.003000,0.000000,8.003950,43.045305,57.569764,42.618324,57.356383,0.000000
14319302045,14299670047,14319302045,23,23,0.000000,0.000000,1.000000,0.000000,1.000000,0.000000,0.000000,0.000000,0.130435,0.000000,21.603900,0.000000,280.002000,289.520259,184.302100,51.757979,68.762200,0.006132
14339902047,14320198047,14339902047,25,24,0.000000,0.000000,1.000000,0.000000,1.000000,0.000000,0.000000,0.000000,0.040000,0.000000,8.003700,0.000000,274.404900,112.737294,93.759008,22.068463,50.860655,0.010664
14360278043,14340742047,14360278043,24,24,0.000000,0.000000,1.000000,0.000000,1.000000,0.000000,0.000000,0.000000,0.000000,0.000000,8.003700,0.000000,8.001800,23.999728,24.397284,22.303478,24.319391,0.000000
14380870043,14361134043,14380870043,26,25,0.000000,0.000000,1.000000,0.000000,1.000000,0.000000,0.000000,0.000000,0.038462,0.000000,8.001600,0.000000,8.003700,209.418773,145.842475,48.881633,85.968273,0.010131
14401350045,14381734043,14401350045,26,24,0.000000,0.000000,1.000000,0.000000,1.000000,0.000000,0.000000,0.000000,0.115385,0.000000,7.999700,0.000000,8.001900,308.176468,189.047659,45.047501,75.574744,0.023727
14421478044,14402086045,14421478044,27,24,0.000000,0.000000,1.000000,0.000000,1.000000,0.000000,0.000000,0.000000,0.185185,0.000000,8.000000,0.000000,16.003000,154.043510,137.337334,24.580109,55.945521,0.008531
14441846043,14422270043,14441846043,27,27,0.000000,0.000000,1.000000,0.000000,1.000000,0.000000,0.000000,0.000000,0.037037,0.000000,242.001500,0.000000,259.201000,130.123496,88.892659,32.239206,40.307835,0.021061
14462022043,14442638043,14462022043,26,26,0.000000,0.000000,1.000000,0.000000,1.000000,0.000000,0.000000,0.000000,0.000000,0.000000,7.998250,0.000000,7.999800,31.665460,45.367984,31.198761,45.309168,0.107733
14482382043,14462790043,14482382043,27,25,0.000000,0.000000,1.000000,0.000000,1.000000,0.000000,0.000000,0.000000,0.074074,0.000000,206.398400,0.000000,228.398900,275.880236,158.970244,35.562209,59.222687,0.126400
14502942043,14483126044,14502942043,24,24,0.000000,0.000000,1.000000,0.000000,1.000000,0.000000,0.000000,0.000000,0.041667,0.000000,58.401300,0.000000,345.196250,349.322660,210.051050,66.034542,88.508099,0.066649
14522990046,14503902043,14522990046,25,25,0.000000,0.000000,1.000000,0.000000,1.000000,0.000000,0.000000,0.000000,0.080000,0.000000,281.600200,0.000000,298.400100,157.316620,105.577600,45.439374,59.489861,0.025327
14543038046,14523790047,14543038046,24,24,0.000000,0.000000,1.000000,0.000000,1.000000,0.000000,0.000000,0.000000,0.000000,0.000000,8.001700,0.000000,8.003800,20.396738,25.047479,21.167076,26.173598,0.021861
14563590046,14543950043,14563590046,27,25,0.000000,0.000000,1.000000,0.000000,1.000000,0.000000,0.000000,0.000000,0.037037,0.000000,7.998750,0.000000,7.999000,187.311214,125.979488,35.091205,72.590698,0.079123
14584222047,14564374047,14584222047,27,27,0.000000,0.000000,1.000000,0.000000,1.000000,0.000000,0.000000,0.000000,0.037037,0.000000,182.002500,0.000000,296.000400,184.117908,114.152168,36.027341,46.271599,0.059184
14604590043,14584894043,14604590043,27,27,0.000000,0.000000,1.000000,0.000000,1.000000,0.000000,0.000000,0.000000,0.148148,0.000000,8.001800,0.000000,274.002950,394.174570,232.795688,29.022993,44.729966,0.022133
14624686043,14605326043,14624686043,27,24,0.000000,0.000000,1.000000,0.000000,1.000000,0.000000,0.000000,0.000000,0.074074,0.000000,8.004000,0.000000,15.999850,205.268640,185.507559,24.941442,45.193781,0.008533
14644926044,14625446044,14644926044,27,25,0.000000,0.000000,1.000000,0.000000,1.000000,0.000000,0.000000,0.000000,0.037037,0.000000,7.999750,0.000000,8.000000,85.401265,69.421909,27.434647,33.861501,0.005067
14665534047,14645710043,14665534047,24,24,0.000000,0.000000,1.000000,0.000000,1.000000,0.000000,0.000000,0.000000,0.083333,0.000000,8.003800,0.000000,16.003000,172.999311,124.432560,26.423186,29.759474,0.004267
14685662047,14666382043,14685662047,27,24,0.000000,0.000000,1.000000,0.000000,1.000000,0.000000,0.000000,0.000000,0.185185,0.000000,205.999050,0.000000,328.002000,209.733611,168.862567,34.129157,57.767169,0.007200
14705742043,14686302043,14705742043,29,27,0.000000,0.000000,1.000000,0.000000,1.000000,0.000000,0.000000,0.000000,0.068966,0.000000,8.002100,0.000000,8.003000,404.092816,289.534895,27.883015,42.295813,0.049333
14726390043,14706542047,14726390043,28,27,0.000000,0.000000,1.000000,0.000000,1.000000,0.000000,0.000000,0.000000,0.071429,0.000000,8.000000,0.000000,180.799200,79.308786,62.632303,29.643243,32.255072,0.048520
14746894045,14727134047,14746894045,29,28,0.000000,0.000000,1.000000,0.000000,1.000000,0.000000,0.000000,0.034483,0.137931,0.000000,273.599200,0.000000,302.399150,331.069599,197.635552,24.920924,36.521730,0.046388
14767126044,14747606045,14767126044,27,28,0.000000,0.000000,1.000000,0.000000,1.000000,0.000000,0.000000,0.000000,0.074074,0.000000,308.800400,0.000000,303.599550,250.580241,149.719087,32.039965,55.963195,0.052267
14787246045,14767870045,14787246045,28,29,0.000000,0.000000,1.000000,0.000000,1.000000,0.000000,0.000000,0.000000,0.107143,0.000000,6.402400,0.000000,14.798750,190.113861,124.631551,31.379072,58.444017,0.077579
14807430047,14787966045,14807430047,26,27,0.000000,0.000000,1.000000,0.000000,1.000000,0.000000,0.000000,0.000000,0.000000,0.000000,22.001500,0.000000,254.400400,286.931927,178.487106,28.000667,46.973946,0.046400
14827542047,14808230046,14827542047,25,27,0.000000,0.000000,1.000000,0.000000,1.000000,0.000000,0.000000,0.000000,0.080000,0.000000,36.797600,0.000000,62.798900,229.665769,147.235236,23.353644,34.423043,0.063183
14847590043,14828358043,14847590043,28,24,0.000000,0.000000,1.000000,0.000000,1.000000,0.000000,0.000000,0.000000,0.178571,8.000000,310.400000,8.000000,286.399100,680.820500,458.016535,33.135108,45.335596,0.079179
14867990047,14848254047,14867990047,28,28,0.000000,0.000000,1.000000,0.000000,1.000000,0.000000,0.000000,0.035714,0.000000,0.000000,8.001650,0.000000,8.002700,19.721898,38.949492,17.187420,38.440557,0.077846
14888222043,14868766043,14888222043,27,27,0.000000,0.000000,1.000000,0.000000,1.000000,0.000000,0.000000,0.000000,0.000000,0.000000,8.000000,0.000000,8.002250,25.043834,24.605502,23.405613,24.289404,0.059184
14908758043,14888934046,14908758043,28,28,0.000000,0.000000,1.000000,0.000000,1.000000,0.000000,0.000000,0.035714,0.000000,0.000000,7.998950,0.000000,8.000000,20.753914,22.113511,20.030224,21.889794,0.110371
14928958043,14909454043,14928958043,26,18,0.000000,0.000000,1.000000,0.000000,1.000000,0.000000,0.000000,0.000000,0.307692,0.000000,46.401400,0.000000,257.598000,2039.080133,1392.862178,45.608143,88.697877,0.299920
14949438043,14929726046,14949438043,28,20,0.000000,0.000000,1.000000,0.000000,1.000000,0.000000,0.000000,0.000000,0.285714,0.000000,8.003050,0.000000,8.004000,907.149135,622.210008,34.730240,42.886337,0.368702
14969934043,14950310043,14969934043,26,8,0.000000,0.000000,1.000000,0.000000,1.000000,0.000000,0.000000,0.000000,0.692308,0.000000,8.002250,0.000000,8.002500,4253.361993,2697.502829,45.018448,42.728250,0.405492
14990030043,14970750043,14990030043,26,15,0.000000,0.000000,1.000000,0.000000,1.000000,0.000000,0.000000,0.038462,0.384615,0.000000,78.002250,0.000000,94.403000,1450.567067,1257.677886,28.189762,41.825096,0.371200
15010878043,14991446043,15010878043,24,15,0.000000,0.000000,1.000000,0.000000,1.000000,0.000000,0.000000,0.000000,0.416667,3.998000,131.203000,0.000000,148.803000,1062.873239,733.588396,48.721905,113.822497,0.266133
15031350043,15011918045,15031350043,22,16,0.000000,0.000000,1.000000,0.000000,1.000000,0.000000,0.000000,0.000000,0.272727,0.000000,8.003250,0.000000,8.004000,760.424795,734.432331,55.685977,63.262608,0.307118
15051566043,15032182043,15051566043,24,0,0.000000,0.000000,1.000000,0.000000,1.000000,0.000000,0.000000,0.041667,1.000000,0.000000,0.000000,0.000000,0.000000,0.000000,0.000000,48.392877,63.754641,0.443348
15072358044,15053078045,15072358044,24,14,0.000000,0.000000,1.000000,0.000000,1.000000,0.000000,0.000000,0.000000,0.416667,0.000000,8.001700,0.000000,11.200600,981.561942,632.391477,37.172101,40.860294,0.316982
15092798043,15073254047,15092798043,27,10,0.000000,0.000000,1.000000,0.000000,1.000000,0.000000,0.000000,0.111111,0.666667,0.000000,8.001600,0.000000,8.004000,5524.080250,3637.216504,220.295898,174.120841,0.253266
15113174043,15093390043,15113174043,34,30,0.000000,0.000000,1.000000,0.000000,1.000000,0.000000,0.000000,0.176471,0.205882,0.000000,203.196700,0.000000,243.996250,283.714791,168.698547,23.108667,67.199294,0.122634
15133374047,15113846044,15133374047,28,28,0.000000,0.000000,1.000000,0.000000,1.000000,0.000000,0.000000,0.000000,0.000000,0.000000,0.000000,0.000000,5.600000,31.417536,25.517148,29.809436,24.931634,0.093600
15154158043,15134182045,15154158043,25,14,0.000000,0.000000,1.000000,0.000000,1.000000,0.000000,0.000000,0.120000,0.560000,0.000000,272.001000,0.000000,272.801300,247.590907,178.527339,130.753006,169.779088,0.333778
15174966043,15155326043,15174966043,23,12,0.000000,0.000000,1.000000,0.000000,1.000000,0.000000,0.000000,0.000000,0.478261,0.000000,8.000900,0.000000,8.000000,30.880726,21.466029,41.348378,60.708620,0.338576
15195414043,15175838043,15195414043,24,14,0.000000,0.000000,1.000000,0.000000,1.000000,0.000000,0.000000,0.000000,0.416667,0.000000,8.000400,0.000000,8.003000,1427.578279,972.576064,33.854298,38.648787,0.335377
15216110043,15196318043,15216110043,26,16,0.000000,0.000000,1.000000,0.000000,1.000000,0.000000,0.000000,0.000000,0.461538,0.000000,8.001700,0.000000,8.003000,1545.569108,1002.986405,37.559224,63.560328,0.365236
15236726043,15216846043,15236726043,27,22,0.000000,0.000000,1.000000,0.000000,1.000000,0.000000,0.000000,0.000000,0.185185,0.000000,8.002000,0.000000,8.002000,490.988343,341.060534,34.981330,47.526920,0.339733
15256902043,15237598043,15256902043,24,17,0.000000,0.000000,1.000000,0.000000,1.000000,0.000000,0.000000,0.000000,0.291667,0.000000,8.003000,0.000000,8.003000,746.451006,514.496704,48.870984,87.266711,0.308718
15276958043,15257734043,15276958043,24,23,0.000000,0.000000,1.000000,0.000000,1.000000,0.000000,0.000000,0.000000,0.083333,0.000000,360.003800,0.000000,360.004000,171.935463,112.719977,34.662162,45.311018,0.299120
15297206043,15277758044,15297206043,24,5,0.000000,0.000000,1.000000,0.000000,1.000000,0.000000,0.000000,0.000000,0.791667,7.998000,8.002600,7.998000,6.801600,16.652528,16.492220,39.890997,68.963690,0.389230
15317926043,15298062043,15317926043,23,3,0.000000,0.000000,1.000000,0.000000,1.000000,0.000000,0.000000,0.000000,0.869565,0.000000,0.000000,0.000000,0.000000,4448.001000,3145.211670,38.366483,47.186420,0.389763
15338038043,15318822043,15338038043,25,1,0.000000,0.000000,1.000000,0.000000,1.000000,0.000000,0.000000,0.000000,0.960000,8.001000,8.001000,8.001000,0.000000,0.000000,0.000000,43.944368,47.058442,0.471733
15358646043,15338726043,15358646043,28,20,0.000000,0.000000,1.000000,0.000000,1.000000,0.000000,0.000000,0.000000,0.285714,0.000000,8.000200,0.000000,8.004000,719.066564,479.725151,25.053224,53.726542,0.332178
15379342043,15359502046,15379342043,25,16,0.000000,0.000000,1.000000,0.000000,1.000000,0.000000,0.000000,0.040000,0.480000,0.000000,7.998800,0.000000,8.000000,2886.209782,1978.149159,25.950803,42.441557,0.332978
15399486043,15380190045,15399486043,25,23,0.000000,0.000000,1.000000,0.000000,1.000000,0.000000,0.000000,0.000000,0.080000,0.000000,8.002900,0.000000,8.003950,479.714683,332.100485,25.462921,23.942003,0.296987
15420174043,15400358043,15420174043,25,23,0.000000,0.000000,1.000000,0.000000,1.000000,0.000000,0.000000,0.000000,0.080000,0.000000,8.000000,0.000000,8.000000,393.590599,400.104081,24.798345,38.473908,0.322314
15440486043,15420878043,15440486043,25,13,0.000000,0.000000,1.000000,0.000000,1.000000,0.000000,0.000000,0.000000,0.440000,0.000000,83.599900,0.000000,219.196000,2197.551148,2098.398063,34.630482,67.318694,0.307467
15460806043,15441398043,15460806043,25,18,0.000000,0.000000,1.000000,0.000000,1.000000,0.000000,0.000000,0.000000,0.280000,0.000000,8.002000,0.000000,8.002000,963.599854,626.256188,35.854489,76.403234,0.312316
15481590047,15462318043,15481590047,24,20,0.000000,0.000000,1.000000,0.000000,1.000000,0.000000,0.000000,0.000000,0.166667,0.000000,8.001150,0.000000,8.001300,25.577925,27.515792,24.480033,28.357781,0.254468
15502342043,15482446047,15502342043,26,20,0.000000,0.000000,1.000000,0.000000,1.000000,0.000000,0.000000,0.000000,0.230769,0.000000,8.000200,0.000000,8.000400,751.847091,613.895463,28.659868,45.496864,0.285790
15522702043,15503142043,15522702043,26,26,0.000000,0.000000,1.000000,0.000000,1.000000,0.000000,0.000000,0.000000,0.000000,0.000000,8.000750,0.000000,8.001800,21.600540,31.264208,22.388554,32.082519,0.306585
15543182043,15523598043,15543182043,26,15,0.000000,0.000000,1.000000,0.000000,1.000000,0.000000,0.000000,0.000000,0.384615,0.000000,8.000750,0.000000,8.000900,2491.530353,1657.072203,26.077577,45.719463,0.356172
15563382045,15543918044,15563382045,26,24,0.000000,0.000000,1.000000,0.000000,1.000000,0.000000,0.000000,0.000000,0.076923,0.000000,8.001700,0.000000,8.003800,25.067908,30.885845,26.783677,30.086328,0.306585
15583934043,15564174043,15583934043,27,19,0.000000,0.000000,1.000000,0.000000,1.000000,0.000000,0.000000,0.000000,0.259259,0.000000,8.000150,0.000000,8.003000,765.793632,574.522630,28.307218,49.934536,0.347641
15604422044,15584694043,15604422044,26,18,0.000000,0.000000,1.000000,0.000000,1.000000,0.000000,0.000000,0.000000,0.307692,0.000000,7.998750,0.000000,8.003000,580.836168,405.831371,30.199603,36.286171,0.371368
15625070047,15605214047,15625070047,25,14,0.000000,0.000000,1.000000,0.000000,1.000000,0.000000,0.000000,0.000000,0.440000,0.000000,8.000000,0.000000,8.000000,998.012488,964.279603,31.027382,35.614617,0.355733
15645838043,15625910043,15645838043,26,13,0.000000,0.000000,1.000000,0.000000,1.000000,0.000000,0.000000,0.000000,0.500000,0.000000,3.198800,0.000000,7.997000,1475.360146,1426.508326,41.214844,58.873107,0.408691
15666230043,15646654044,15666230043,24,3,0.000000,0.000000,1.000000,0.000000,1.000000,0.000000,0.000000,0.000000,0.875000,0.000000,7.197300,0.000000,7.597150,3951.999000,2794.485292,39.853404,53.975506,0.403359
15686278047,15667182043,15686278047,23,4,0.000000,0.000000,1.000000,0.000000,1.000000,0.000000,0.000000,0.000000,0.826087,0.000000,0.000000,0.000000,0.000000,16.969149,13.855540,32.330885,61.510925,0.391629
15706310046,15687038043,15706310046,25,18,0.000000,0.000000,1.000000,0.000000,1.000000,0.000000,0.000000,0.000000,0.240000,0.000000,8.000200,0.000000,8.000300,907.261567,635.439590,24.628030,23.211135,0.335111
15726878043,15707102043,15726878043,27,21,0.000000,0.000000,1.000000,0.000000,1.000000,0.000000,0.000000,0.037037,0.222222,0.000000,8.000000,0.000000,8.000000,859.542711,570.211021,25.297842,56.429012,0.344441
15747574043,15727590043,15747574043,26,16,0.000000,0.000000,1.000000,0.000000,1.000000,0.000000,0.000000,0.076923,0.384615,0.000000,8.000000,0.000000,2.400000,933.760715,774.748213,29.709662,63.284153,0.376267
15768302043,15748382047,15768302043,26,17,0.000000,0.000000,1.000000,0.000000,1.000000,0.000000,0.000000,0.000000,0.346154,0.000000,7.998400,0.000000,8.004000,1157.567849,859.936525,30.854206,36.514613,0.348974
15788678046,15769110043,15788678046,25,25,0.000000,0.000000,1.000000,0.000000,1.000000,0.000000,0.000000,0.000000,0.000000,0.000000,8.002800,0.000000,8.003000,19.947845,16.733398,20.967652,17.160614,0.317249
15809454043,15789486045,15809454043,26,19,0.000000,0.000000,1.000000,0.000000,1.000000,0.000000,0.000000,0.000000,0.269231,0.000000,7.998200,0.000000,8.000000,959.346569,637.369655,26.882808,39.509136,0.346041
15829518043,15810246043,15829518043,29,16,0.000000,0.000000,1.000000,0.000000,1.000000,0.000000,0.000000,0.344828,0.448276,0.000000,76.000000,0.000000,280.000000,1833.615863,1192.989062,31.364117,58.524450,0.410557
15849630043,15830246043,15849630043,24,8,0.000000,0.000000,1.000000,0.000000,1.000000,0.000000,0.000000,0.000000,0.666667,0.000000,8.002950,0.000000,8.003100,2286.130837,1463.624363,31.311154,42.236439,0.414290
15869838043,15850494043,15869838043,24,11,0.000000,0.000000,1.000000,0.000000,1.000000,0.000000,0.000000,0.000000,0.541667,0.000000,7.998000,0.000000,8.000000,2100.431562,1305.023929,22.041333,22.794701,0.378133
15890158043,15870694043,15890158043,25,23,0.000000,0.000000,1.000000,0.000000,1.000000,0.000000,0.000000,0.000000,0.080000,0.000000,8.000900,0.000000,7.999000,490.589814,336.216035,22.128777,29.352040,0.353333
15910222043,15890982046,15910222043,27,14,0.000000,0.000000,1.000000,0.000000,1.000000,0.000000,0.000000,0.037037,0.444444,0.000000,70.402100,0.000000,216.000000,3541.061066,2450.744524,39.774967,75.869237,0.399467
15930350043,15910926043,15930350043,25,22,0.000000,0.000000,1.000000,0.000000,1.000000,0.000000,0.000000,0.000000,0.120000,0.000000,8.000000,0.000000,8.004000,26.713098,24.082332,27.103730,37.867801,0.340800
15951070043,15931222043,15951070043,25,14,0.000000,0.000000,1.000000,0.000000,1.000000,0.000000,0.000000,0.000000,0.440000,0.000000,8.000000,0.000000,8.000000,753.653646,1449.423774,33.278984,46.397211,0.348707
15971510045,15951942043,15971510045,24,10,0.000000,0.000000,1.000000,0.000000,1.000000,0.000000,0.000000,0.000000,0.583333,0.000000,8.001100,0.000000,7.999200,29.665030,23.323650,32.763705,59.114046,0.355372
15991894043,15972430043,15991894043,23,12,0.000000,0.000000,1.000000,0.000000,1.000000,0.000000,0.000000,0.000000,0.478261,0.000000,8.001800,0.000000,8.002000,2803.101208,2229.858933,39.770638,45.634287,0.327113
16012190043,15992694043,16012190043,23,12,0.000000,0.000000,1.000000,0.000000,1.000000,0.000000,0.000000,0.000000,0.478261,0.000000,170.001350,0.000000,368.003000,1424.140046,883.334986,42.151518,47.291836,0.355105
16032814043,16013142043,16032814043,22,4,0.000000,0.000000,1.000000,0.000000,1.000000,0.000000,0.000000,0.000000,0.818182,4.000000,8.000000,4.000000,7.200000,56.850822,48.662758,75.067799,83.671950,0.396694
16053350045,16033758043,16053350045,24,5,0.000000,0.000000,1.000000,0.000000,1.000000,0.000000,0.000000,0.041667,0.791667,0.000000,0.000000,0.000000,0.000000,6992.503522,4288.065676,47.389949,85.752047,0.403359
16073590043,16054094046,16073590043,25,19,0.000000,0.000000,1.000000,0.000000,1.000000,0.000000,0.000000,0.000000,0.360000,0.000000,98.002000,0.000000,367.996000,406.413831,345.034796,26.533444,66.011182,0.384800
16094454043,16074494043,16094454043,24,0,0.000000,0.000000,1.000000,0.000000,1.000000,0.000000,0.000000,0.000000,1.000000,0.000000,0.000000,0.000000,0.000000,0.000000,0.000000,21.775633,21.010015,0.411357
16115214043,16095310043,16115214043,25,2,0.000000,0.000000,1.000000,0.000000,1.000000,0.000000,0.000000,0.000000,0.920000,4.001500,7.602850,4.001500,8.003000,0.000000,nan,26.162928,49.070103,0.455345
16135294047,16116006046,16135294047,26,0,0.000000,0.000000,1.000000,0.000000,1.000000,0.000000,0.000000,0.038462,1.000000,0.000000,0.000000,0.000000,0.000000,0.000000,0.000000,32.124321,59.557158,0.506532
16155774043,16135918046,16155774043,25,0,0.000000,0.000000,1.000000,0.000000,1.000000,0.000000,0.000000,0.280000,1.000000,0.000000,0.000000,0.000000,0.000000,0.000000,0.000000,33.735318,78.558193,0.509464
