seq,t_us,rr_raw_ms,nn_ms,valid,corrected,metric_eligible,status,reason,hr_bpm,score,rescued,flags
49511,572295612,438.0,438.0,1,0,1,accepted,,168.5,0.871,0,9
49543,572667890,372.0,372.0,1,0,1,accepted,,161.3,0.658,0,9
49582,573096025,428.0,428.0,1,0,1,accepted,,161.3,0.827,0,9
49615,573476461,380.0,380.0,1,0,1,accepted,,161.3,0.629,0,9
49653,573897003,420.0,420.0,1,0,1,accepted,,161.3,0.798,0,9
49686,574278025,381.0,381.0,1,0,1,accepted,,157.9,0.595,0,9
49721,574733036,455.0,455.0,1,0,1,accepted,,157.5,0.771,0,9
49753,575106230,373.0,373.0,1,0,1,accepted,,157.5,0.561,0,9
49787,575494856,388.0,388.0,1,0,1,accepted,,154.6,0.702,0,9
49821,575883668,388.0,388.0,1,0,1,accepted,,154.6,0.596,0,9
49851,576240320,356.0,356.0,1,0,1,accepted,,154.6,0.676,0,9
49880,576589014,348.0,348.0,1,0,1,accepted,,157.5,0.582,0,9
49910,576887336,298.0,0.0,0,0,0,hard_outlier,RR 过短,157.5,0.645,0,13
49942,577259286,371.0,371.0,1,0,1,accepted,,160.9,0.651,0,9
49966,577567348,308.0,308.0,1,0,1,accepted,,161.7,0.637,0,9
49998,577940059,372.0,372.0,1,0,1,accepted,,161.7,0.633,0,9
50048,578515252,575.0,0.0,0,0,0,local_outlier,局部 RR 异常,161.7,0.644,0,9
50068,578733629,218.0,0.0,0,0,0,hard_outlier,RR 过短,161.7,0.603,1,29
50096,579074758,341.0,341.0,1,0,1,accepted,,168.5,0.743,0,9
50120,579383304,308.0,308.0,1,0,1,accepted,,172.4,0.794,0,9
50151,579748262,364.0,364.0,1,0,1,accepted,,172.4,0.806,0,9
50176,580006624,258.0,0.0,0,0,0,hard_outlier,RR 过短,176.0,0.72,0,13
50203,580338963,332.0,332.0,1,0,1,accepted,,176.0,0.73,0,9
50233,580695523,356.0,356.0,1,0,1,accepted,,176.0,0.82,0,9
50265,581068342,372.0,372.0,1,0,1,accepted,,168.5,0.744,0,9
50292,581342924,274.0,0.0,0,0,0,hard_outlier,RR 过短,176.0,0.649,0,13
50322,581699517,356.0,356.0,1,0,1,accepted,,176.0,0.678,0,9
50350,582040839,341.0,341.0,1,0,1,accepted,,176.0,0.746,0,9
50382,582413291,372.0,372.0,1,0,1,accepted,,168.5,0.706,0,9
50407,582730672,317.0,317.0,1,0,1,accepted,,176.0,0.702,0,9
50450,583191974,461.0,461.0,1,0,1,accepted,,168.5,0.642,0,9
50499,583759619,567.0,0.0,0,0,0,local_outlier,局部 RR 异常,168.5,0.719,0,9
50533,584149326,389.0,389.0,1,0,1,accepted,,161.3,0.825,0,9
50564,584513924,364.0,364.0,1,0,1,accepted,,164.8,0.64,0,9
50598,584902494,388.0,388.0,1,0,1,accepted,,161.3,0.776,0,9
50630,585275050,372.0,372.0,1,0,1,accepted,,161.3,0.629,0,9
50661,585639203,364.0,364.0,1,0,1,accepted,,161.3,0.704,0,9
50692,586003528,364.0,364.0,1,0,1,accepted,,161.3,0.591,0,9
50723,586367572,364.0,364.0,1,0,1,accepted,,161.3,0.724,0,9
50751,586707834,340.0,340.0,1,0,1,accepted,,164.8,0.597,0,9
50785,587096092,388.0,388.0,1,0,1,accepted,,164.8,0.777,0,9
50815,587452360,356.0,356.0,1,0,1,accepted,,164.8,0.61,0,9
50846,587816398,364.0,364.0,1,0,1,accepted,,164.8,0.708,0,9
50881,588212867,396.0,396.0,1,0,1,accepted,,164.8,0.657,0,9
50930,588779303,566.0,0.0,0,0,0,local_outlier,局部 RR 异常,164.8,0.718,0,9
50955,589096605,317.0,317.0,1,0,1,accepted,,164.8,0.63,0,9
50990,589493686,397.0,397.0,1,0,1,accepted,,164.8,0.71,0,9
51041,590077613,583.0,291.5,1,1,0,missed_beat_repaired,疑似漏搏：拆分为 2 个 NN,154.6,0.634,0,9
51067,590403539,325.0,325.0,1,0,1,accepted,,154.6,0.773,0,9
51098,590767980,364.0,364.0,1,0,1,accepted,,164.8,0.757,0,9
51125,591043019,275.0,0.0,0,0,0,hard_outlier,RR 过短,164.8,0.714,0,13
51157,591415731,372.0,372.0,1,0,1,accepted,,161.3,0.726,0,9
51179,591708771,293.0,0.0,0,0,0,hard_outlier,RR 过短,164.8,0.634,0,13
51208,592056930,348.0,348.0,1,0,1,accepted,,172.4,0.672,0,9
51238,592355777,298.0,0.0,0,0,0,hard_outlier,RR 过短,172.4,0.708,0,13
51269,592720523,364.0,364.0,1,0,1,accepted,,172.4,0.732,0,9
51299,593077607,357.0,357.0,1,0,1,accepted,,172.4,0.789,0,9
51330,593442108,364.0,364.0,1,0,1,accepted,,168.1,0.684,0,9
51360,593799584,357.0,357.0,1,0,1,accepted,,168.1,0.753,0,9
51389,594147991,348.0,348.0,1,0,1,accepted,,168.1,0.631,0,9
51420,594512975,364.0,364.0,1,0,1,accepted,,168.1,0.707,0,9
51452,594885548,372.0,372.0,1,0,1,accepted,,168.1,0.646,0,9
51504,595476539,590.0,295.0,1,1,0,missed_beat_repaired,疑似漏搏：拆分为 2 个 NN,164.8,0.651,0,9
51534,595833530,356.0,356.0,1,0,1,accepted,,164.8,0.751,0,9
51565,596198241,364.0,364.0,1,0,1,accepted,,164.8,0.683,0,9
51591,596523058,324.0,324.0,1,0,1,accepted,,164.8,0.7,0,9
51622,596829856,306.0,306.0,1,0,1,accepted,,168.1,0.585,0,9
51652,597186579,356.0,356.0,1,0,1,accepted,,168.5,0.776,0,9
51683,597551821,365.0,365.0,1,0,1,accepted,,164.8,0.685,0,9
51705,597844196,292.0,0.0,0,0,0,hard_outlier,RR 过短,168.5,0.592,0,13
51750,598320868,476.0,476.0,1,0,1,accepted,,168.5,0.67,0,9
51798,598880426,559.0,0.0,0,0,0,local_outlier,局部 RR 异常,168.5,0.683,0,9
51819,599165036,284.0,0.0,0,0,0,hard_outlier,RR 过短,168.5,0.632,0,13
51849,599521890,356.0,356.0,1,0,1,accepted,,168.5,0.677,0,9
51876,599796612,274.0,0.0,0,0,0,hard_outlier,RR 过短,168.5,0.649,0,13
51901,600113658,317.0,317.0,1,0,1,accepted,,168.5,0.654,0,9
51927,600438456,324.0,324.0,1,0,1,accepted,,185.2,0.698,0,9
51959,600810873,372.0,372.0,1,0,1,accepted,,185.2,0.714,0,9
51984,601069562,258.0,0.0,0,0,0,hard_outlier,RR 过短,185.2,0.652,0,13
52013,601418553,348.0,348.0,1,0,1,accepted,,185.2,0.722,0,9
52039,601743559,325.0,325.0,1,0,1,accepted,,185.2,0.752,0,9
52068,602033975,290.0,0.0,0,0,0,hard_outlier,RR 过短,185.2,0.601,0,13
52099,602398991,365.0,365.0,1,0,1,accepted,,185.2,0.83,0,9
52128,602747720,348.0,348.0,1,0,1,accepted,,184.6,0.685,0,9
52158,603104968,357.0,357.0,1,0,1,accepted,,172.4,0.743,0,9
52186,603445196,340.0,340.0,1,0,1,accepted,,172.4,0.636,0,9
52216,603801952,356.0,356.0,1,0,1,accepted,,172.4,0.763,0,9
52246,604100621,298.0,0.0,0,0,0,hard_outlier,RR 过短,172.4,0.571,0,13
52279,604539751,439.0,439.0,1,0,1,accepted,,172.4,0.89,0,9
52310,604846218,306.0,306.0,1,0,1,accepted,,172.4,0.578,0,9
52343,605285180,438.0,438.0,1,0,1,accepted,,168.5,0.853,0,9
52373,605583367,298.0,0.0,0,0,0,hard_outlier,RR 过短,172.4,0.554,0,13
52409,606046472,463.0,463.0,1,0,1,accepted,,168.5,0.875,0,9
52439,606402948,356.0,356.0,1,0,1,accepted,,168.5,0.627,0,9
52475,606807200,404.0,404.0,1,0,1,accepted,,168.5,0.761,0,9
52505,607163545,356.0,356.0,1,0,1,accepted,,168.5,0.633,0,9
52537,607535753,372.0,372.0,1,0,1,accepted,,161.3,0.718,0,9
52569,607908186,372.0,372.0,1,0,1,accepted,,161.3,0.629,0,9
52600,608272595,364.0,364.0,1,0,1,accepted,,161.3,0.73,0,9
52631,608636853,364.0,364.0,1,0,1,accepted,,164.8,0.645,0,9
52663,609009146,372.0,372.0,1,0,1,accepted,,161.3,0.756,0,9
52695,609381405,372.0,372.0,1,0,1,accepted,,161.3,0.66,0,9
52726,609687488,306.0,306.0,1,0,1,accepted,,161.3,0.637,0,9
52758,610059793,372.0,372.0,1,0,1,accepted,,161.3,0.635,0,9
52788,610416116,356.0,356.0,1,0,1,accepted,,161.3,0.738,0,9
52820,610788525,372.0,372.0,1,0,1,accepted,,161.3,0.644,0,9
52849,611136590,348.0,348.0,1,0,1,accepted,,164.8,0.732,0,9
52877,611476974,340.0,340.0,1,0,1,accepted,,164.8,0.629,0,9
52911,611865283,388.0,388.0,1,0,1,accepted,,161.3,0.784,0,9
52943,612237753,372.0,372.0,1,0,1,accepted,,161.3,0.636,0,9
52974,612602093,364.0,364.0,1,0,1,accepted,,164.8,0.719,0,9
53005,612966669,364.0,364.0,1,0,1,accepted,,164.8,0.63,0,9
53032,613299236,332.0,332.0,1,0,1,accepted,,164.8,0.632,0,9
53063,613662677,363.0,363.0,1,0,1,accepted,,164.8,0.6,0,9
53094,613968997,306.0,306.0,1,0,1,accepted,,165.3,0.648,0,9
53123,614317533,348.0,348.0,1,0,1,accepted,,165.3,0.624,0,9
53152,614666196,348.0,348.0,1,0,1,accepted,,165.3,0.742,0,9
53182,615022980,356.0,356.0,1,0,1,accepted,,168.5,0.658,0,9
53212,615379286,356.0,356.0,1,0,1,accepted,,168.5,0.736,0,9
53243,615744087,364.0,364.0,1,0,1,accepted,,168.5,0.675,0,9
53270,616018376,274.0,0.0,0,0,0,hard_outlier,RR 过短,172.4,0.606,0,13
53302,616391269,372.0,372.0,1,0,1,accepted,,168.5,0.67,0,9
53333,616755896,364.0,364.0,1,0,1,accepted,,168.5,0.774,0,9
53365,617128946,373.0,373.0,1,0,1,accepted,,168.5,0.666,0,9
53395,617485820,356.0,356.0,1,0,1,accepted,,168.5,0.759,0,9
53424,617834528,348.0,348.0,1,0,1,accepted,,168.5,0.636,0,9
53457,618215449,380.0,380.0,1,0,1,accepted,,164.8,0.78,0,9
53488,618579935,364.0,364.0,1,0,1,accepted,,164.8,0.633,0,9
53519,618944349,364.0,364.0,1,0,1,accepted,,164.8,0.716,0,9
53549,619300708,356.0,356.0,1,0,1,accepted,,164.8,0.624,0,9
53576,619633064,332.0,332.0,1,0,1,accepted,,164.8,0.651,0,9
53607,619997899,364.0,364.0,1,0,1,accepted,,164.8,0.623,0,9
53638,620304314,306.0,306.0,1,0,1,accepted,,168.5,0.664,0,9
53667,620652635,348.0,348.0,1,0,1,accepted,,168.5,0.635,0,9
53698,621017478,364.0,364.0,1,0,1,accepted,,164.8,0.772,0,9
53727,621365913,348.0,348.0,1,0,1,accepted,,168.5,0.645,0,9
53761,621754809,388.0,388.0,1,0,1,accepted,,168.5,0.805,0,9
53793,622127110,372.0,372.0,1,0,1,accepted,,168.5,0.638,0,9
53825,622499660,372.0,372.0,1,0,1,accepted,,164.8,0.738,0,9
53856,622863804,364.0,364.0,1,0,1,accepted,,164.8,0.621,0,9
53888,623236093,372.0,372.0,1,0,1,accepted,,164.8,0.738,0,9
53919,623600461,364.0,364.0,1,0,1,accepted,,164.8,0.59,0,9
53949,623956528,356.0,356.0,1,0,1,accepted,,164.8,0.695,0,9
53980,624320449,363.0,363.0,1,0,1,accepted,,164.8,0.62,0,9
54011,624684703,364.0,364.0,1,0,1,accepted,,164.8,0.713,0,9
54046,625080901,396.0,396.0,1,0,1,accepted,,164.8,0.677,0,9
54071,625397375,316.0,316.0,1,0,1,accepted,,164.8,0.624,0,9
54102,625703393,306.0,306.0,1,0,1,accepted,,164.8,0.535,0,9
54130,626043747,340.0,340.0,1,0,1,accepted,,165.3,0.714,0,9
54159,626392680,348.0,348.0,1,0,1,accepted,,168.5,0.642,0,9
54188,626741132,348.0,348.0,1,0,1,accepted,,172.4,0.722,0,9
54218,627098224,357.0,357.0,1,0,1,accepted,,172.4,0.69,0,9
54246,627380687,282.0,0.0,0,0,0,hard_outlier,RR 过短,172.4,0.652,0,13
54278,627753592,372.0,372.0,1,0,1,accepted,,172.4,0.701,0,9
54310,628126641,373.0,373.0,1,0,1,accepted,,172.4,0.8,0,9
54342,628499304,372.0,372.0,1,0,1,accepted,,172.4,0.675,0,9
54371,628847572,348.0,348.0,1,0,1,accepted,,172.4,0.723,0,9
54398,629179997,332.0,332.0,1,0,1,accepted,,172.4,0.605,0,9
54432,629569036,389.0,389.0,1,0,1,accepted,,168.1,0.804,0,9
54463,629933445,364.0,364.0,1,0,1,accepted,,164.8,0.645,0,9
54494,630298140,364.0,364.0,1,0,1,accepted,,164.8,0.735,0,9
54526,630670584,372.0,372.0,1,0,1,accepted,,161.3,0.639,0,9
54557,631034938,364.0,364.0,1,0,1,accepted,,164.8,0.705,0,9
54589,631407528,372.0,372.0,1,0,1,accepted,,164.8,0.648,0,9
54619,631764338,356.0,356.0,1,0,1,accepted,,164.8,0.693,0,9
54651,632136624,372.0,372.0,1,0,1,accepted,,164.8,0.627,0,9
54681,632492952,356.0,356.0,1,0,1,accepted,,164.8,0.718,0,9
54712,632857489,364.0,364.0,1,0,1,accepted,,164.8,0.65,0,9
54744,633230008,372.0,372.0,1,0,1,accepted,,164.8,0.752,0,9
54780,633634179,404.0,404.0,1,0,1,accepted,,161.3,0.683,0,9
54807,633966511,332.0,332.0,1,0,1,accepted,,164.8,0.66,0,9
54839,634338664,372.0,372.0,1,0,1,accepted,,161.3,0.651,0,9
54870,634644716,306.0,306.0,1,0,1,accepted,,164.8,0.659,0,9
54901,635009341,364.0,364.0,1,0,1,accepted,,164.8,0.626,0,9
54931,635365519,356.0,356.0,1,0,1,accepted,,164.8,0.748,0,9
54964,635746270,380.0,380.0,1,0,1,accepted,,164.8,0.664,0,9
54993,636094511,348.0,348.0,1,0,1,accepted,,164.8,0.718,0,9
