t_us,hr_bpm,time_status,time_validity_reason,rmssd_ms,rmssd_ci_low_ms,rmssd_ci_high_ms,sdnn_ms,pnn50_percent,fiducial_quality_mean,fiducial_uncertainty_p95_ms,fiducial_shift_p95_ms,fiducial_unstable_ratio,frequency_status,frequency_validity_reason,total_power_ms2,vlf_ms2,lf_ms2,hf_ms2,lf_nu,hf_nu,lf_hf,hf_lf,median_frequency_hz,thm_power_ms2,resonance_band_power_ms2,resonance_share,lf_peak_frequency_hz,lf_peak_prominence_ratio,spectral_agreement,spectral_agreement_raw,spectral_shape_agreement,band_power_agreement,interpolation_agreement,frequency_waveform_inserted_ratio,frequency_timing_recovered_ratio,frequency_timing_shift_delta_p95_ms,sqi,overall_status,detected_artifact_ratio,corrected_ratio,unresolved_suspect_ratio,max_consecutive_artifacts,protocol_error_ratio,protocol_crc_errors,protocol_format_errors,protocol_seq_gaps
483042043,82.05678055691936,INVALID,有效 NN 不足：28/40；连续有效 NN 对不足：27/30,nan,nan,nan,nan,nan,1.0,7.0,225.70064999999954,0.0,LIMITED,频域窗口积累中：21/300 秒,nan,nan,nan,nan,nan,nan,nan,nan,nan,nan,nan,nan,nan,nan,0.0,0.0,0.0,0.0,0.0,0.0,0.0,0.0,0.9997,INVALID,0.0,0.0,0.0,0,0.0,0,0,0
503840304,72.81544561232329,VALID,,29.46596081639513,24.480493358513534,34.00357965744092,57.67976512375884,11.11111111111111,1.0,7.0,13.31679999999994,0.0,LIMITED,频域窗口积累中：41/300 秒,nan,nan,nan,nan,nan,nan,nan,nan,nan,nan,nan,nan,nan,nan,0.0,0.0,0.0,0.0,0.0,0.0,0.0,0.0,0.9997,LIMITED,0.0,0.0,0.0,0,0.0,0,0,0
523954424,78.68718303819082,VALID,,32.274286443030455,26.967015455090966,37.04753277140123,53.75769003861544,8.47457627118644,1.0,7.0,6.432349999999999,0.0,LIMITED,频域窗口积累中：62/300 秒,nan,nan,nan,nan,nan,nan,nan,nan,nan,nan,nan,nan,nan,nan,0.0,0.0,0.0,0.0,0.0,0.0,0.0,0.0,0.9997,LIMITED,0.0,0.0,0.0,0,0.0,0,0,0
544120304,78.85626867907864,VALID,,32.81312600681293,28.49772924216808,37.68214661769717,59.8306847883598,6.779661016949152,1.0,7.0,6.169349999999995,0.0,LIMITED,频域窗口积累中：82/300 秒,nan,nan,nan,nan,nan,nan,nan,nan,nan,nan,nan,nan,nan,nan,0.0,0.0,0.0,0.0,0.0,0.0,0.0,0.0,0.9841041588909625,LIMITED,0.0,0.0,0.0,0,0.0,0,0,0
564280953,75.26531021852028,VALID,,33.10945355860095,28.123567481782473,37.216442645963205,54.646804312753076,10.16949152542373,1.0,7.0,259.6184999999999,0.0,LIMITED,频域窗口积累中：102/300 秒,nan,nan,nan,nan,nan,nan,nan,nan,nan,nan,nan,nan,nan,nan,0.0,0.0,0.0,0.0,0.0,0.0,0.0,0.0,0.9997,LIMITED,0.0,0.0,0.0,0,0.0,0,0,0
584359045,84.09226603429283,VALID,,31.77922557162467,25.1881937898489,40.105586816265074,45.28212764760271,8.47457627118644,1.0,7.0,271.23794999999996,0.0,LIMITED,频域窗口积累中：122/300 秒,nan,nan,nan,nan,nan,nan,nan,nan,nan,nan,nan,nan,nan,nan,0.0,0.0,0.0,0.0,0.0,0.0,0.0,0.0,0.9997,LIMITED,0.0,0.0,0.0,0,0.0,0,0,0
604537710,72.84497254351577,VALID,,27.918135136350443,21.064499227506207,36.06222641691588,53.4542704340146,5.084745762711865,1.0,7.0,68.45429999999939,0.0,LIMITED,频域窗口积累中：142/300 秒,nan,nan,nan,nan,nan,nan,nan,nan,nan,nan,nan,nan,nan,nan,0.0,0.0,0.0,0.0,0.0,0.0,0.0,0.0,0.9997,LIMITED,0.0,0.0,0.0,0,0.0,0,0,0
625119245,66.2648074234255,VALID,,32.17239502943205,22.719595835382602,41.20230541820026,67.76931195373062,12.280701754385964,1.0,7.0,58.05419999999999,0.0,LIMITED,频域窗口积累中：163/300 秒,nan,nan,nan,nan,nan,nan,nan,nan,nan,nan,nan,nan,nan,nan,0.0,0.0,0.0,0.0,0.0,0.0,0.0,0.0,0.9997,LIMITED,0.016666666666666666,0.0,0.016666666666666666,1,0.0,0,0,0
645431581,68.10318995341743,VALID,,30.167873037330484,22.335680102379367,37.096760603241755,63.94175377347499,14.035087719298245,1.0,7.0,6.556699999999999,0.0,LIMITED,频域窗口积累中：183/300 秒,nan,nan,nan,nan,nan,nan,nan,nan,nan,nan,nan,nan,nan,nan,0.0,0.0,0.0,0.0,0.0,0.0,0.0,0.0,0.9997,LIMITED,0.016666666666666666,0.0,0.016666666666666666,1,0.0,0,0,0
665822658,78.40923347133358,VALID,,25.25918598269696,17.397543745585175,30.81072432906328,62.329353112805,10.16949152542373,1.0,7.0,6.34545,0.0,LIMITED,频域窗口积累中：203/300 秒,nan,nan,nan,nan,nan,nan,nan,nan,nan,nan,nan,nan,nan,nan,0.0,0.0,0.0,0.0,0.0,0.0,0.0,0.0,0.9997,LIMITED,0.0,0.0,0.0,0,0.0,0,0,0
686201757,78.76144994578587,VALID,,17.218276498426636,13.532780093488483,21.939041230402946,41.88611859675485,3.389830508474576,1.0,7.0,5.85065,0.0,LIMITED,频域窗口积累中：224/300 秒,nan,nan,nan,nan,nan,nan,nan,nan,nan,nan,nan,nan,nan,nan,0.0,0.0,0.0,0.0,0.0,0.0,0.0,0.0,0.9883030391895494,LIMITED,0.0,0.0,0.0,0,0.0,0,0,0
706364932,98.67771857114664,VALID,,22.096512606583,18.88545141252355,25.30980578965763,70.53337380453114,0.0,1.0,7.0,5.243649999999998,0.0,LIMITED,频域窗口积累中：244/300 秒,nan,nan,nan,nan,nan,nan,nan,nan,nan,nan,nan,nan,nan,nan,0.0,0.0,0.0,0.0,0.0,0.0,0.0,0.0,0.8965,LIMITED,0.0,0.0,0.0,0,0.0,0,0,0
726833293,79.51769865177742,VALID,,38.78840219071256,28.306168991085173,50.57109122461353,82.17076927878621,13.559322033898304,1.0,7.0,5.01155,0.0,LIMITED,频域窗口积累中：264/300 秒,nan,nan,nan,nan,nan,nan,nan,nan,nan,nan,nan,nan,nan,nan,0.0,0.0,0.0,0.0,0.0,0.0,0.0,0.0,0.8821313516395628,LIMITED,0.0,0.0,0.0,0,0.0,0,0,0
746925046,67.55995946402432,VALID,,46.591585777778974,34.01587502695323,59.296308936751586,109.91472151742894,22.033898305084744,1.0,7.0,5.4971,0.0,LIMITED,频域窗口积累中：285/300 秒,nan,nan,nan,nan,nan,nan,nan,nan,nan,nan,nan,nan,nan,nan,0.0,0.0,0.0,0.0,0.0,0.0,0.0,0.0,0.9241201546254333,LIMITED,0.0,0.0,0.0,0,0.0,0,0,0
766966843,72.18279571186072,VALID,,38.41037742876706,27.943696792964026,49.512960371652746,91.77070437916154,13.559322033898304,1.0,7.0,5.4971,0.0,INVALID,VLF/LF/HF 频带一致性 80% < 82%,nan,nan,nan,nan,nan,nan,nan,nan,nan,nan,nan,nan,nan,nan,0.8484535371782135,0.7494865867763333,0.8708827055117612,0.7961188110666026,0.999933305109549,0.10025706940874037,0.12339331619537275,61.48439999999991,0.9775,LIMITED,0.0,0.0,0.0,0,0.0,0,0,0
786988043,72.1393154459893,VALID,,32.97034400945332,28.373061085212676,36.493987520592945,47.90810803314251,10.16949152542373,1.0,7.0,5.504049999999999,0.0,INVALID,VLF/LF/HF 频带一致性 81% < 82%,nan,nan,nan,nan,nan,nan,nan,nan,nan,nan,nan,nan,nan,nan,0.8549111450898139,0.8606406374625819,0.8750957964676185,0.80781362520827,0.9999629683484736,0.09067357512953368,0.10880829015544041,38.03910000000019,0.9763062383364437,LIMITED,0.0,0.0,0.0,0,0.0,0,0,0
807604900,74.05322946133681,VALID,,28.480367316356304,23.32673286142397,32.606545923856935,37.379194574043964,5.084745762711865,1.0,7.0,5.243499999999999,0.0,LIMITED,受限输出：波形补搏 9.6%；频带一致性 86%,4534.305125351945,1911.2720051238744,2231.6208202126636,203.74793476559472,91.63379531953412,8.36620468046588,10.952851241314763,0.09130042743828606,0.045471275503318025,995.0026715894767,180.45931213116705,0.07390985890558151,0.0703125,10.828986880628012,0.9052326373125724,0.9291158963458506,0.923967097992924,0.8615188957250857,0.9999780246833712,0.09635416666666667,0.11458333333333333,41.49549999999999,0.985303838976273,LIMITED,0.0,0.0,0.0,0,0.0,0,0,0
828282576,71.87393312130523,VALID,,25.805130510114992,21.538236558371622,29.80024250507919,45.01083208252856,3.389830508474576,1.0,7.0,5.0752,0.0,LIMITED,受限输出：波形补搏 9.1%,5445.416113660654,2810.783848916032,2238.6915591947027,185.41992512984694,92.35101494593546,7.648985054064543,12.073629938244116,0.08282513255043754,0.03653737816442764,1021.3826750025506,128.83274802674092,0.052965759453052465,0.0703125,15.085051583334062,0.956091036803483,0.9195495996536608,0.9635917290045215,0.9385894216677266,0.9999845088506784,0.09138381201044386,0.10966057441253264,40.6313999999998,0.946314236203679,LIMITED,0.0,0.0,0.0,0,0.0,0,0,0
848472495,78.52909764831529,VALID,,28.388791955241178,24.734905314819088,32.86111079983837,44.98594076853596,5.084745762711865,1.0,7.0,4.546049999999999,0.0,LIMITED,受限输出：波形补搏 8.6%,6634.596552330125,3864.4747603978103,2331.5700534024586,188.5325495202663,92.51885422039511,7.481145779604885,12.366936422041153,0.08086076986841587,0.03187188072721623,1153.14948223301,138.67937129286915,0.05484220166056153,0.0703125,13.774007990503524,0.9782658321000279,0.9357268076776538,0.983664846061822,0.9656681328558419,0.9999875466066626,0.0859375,0.09895833333333333,19.10965000000021,0.9427151959477472,LIMITED,0.0,0.0,0.0,0,0.0,0,0,0
869023836,75.99948827011231,VALID,,28.22485628253033,24.584188202865683,31.515777727931226,33.90031810734788,5.084745762711865,1.0,7.0,4.5196000000000005,0.0,LIMITED,受限输出：波形补搏 9.4%,7830.403689713542,4804.49620960997,2525.3054445910357,214.20517099076466,92.18089647937819,7.819103520621806,11.789189929032633,0.08482347014677839,0.03130451962099572,1373.384412001852,223.46447855679438,0.0813732413487757,0.0703125,11.361825115466067,0.9813120146349599,0.9363037691840839,0.9913934459628276,0.9577886748699351,0.999987173609999,0.09399477806788512,0.10182767624020887,8.08725,0.9943014396161024,LIMITED,0.0,0.0,0.0,0,0.0,0,0,0
889076043,81.31028819076478,VALID,,30.879192424618395,25.65905924925457,37.25916044414285,30.84505413081733,8.47457627118644,1.0,7.0,4.886599999999997,0.0,LIMITED,受限输出：波形补搏 9.9%,8436.655817833202,5252.30707568235,2654.7677746190893,248.57449906614718,91.43833294065499,8.561667059345005,10.67996831771806,0.09363323656503744,0.03145110037538472,1534.2246219446058,354.83075678017576,0.12204660617040074,0.07421875,10.266022412992195,0.9634909695692921,0.9541216872579021,0.9850016270959617,0.9132994353403966,0.9999859650767473,0.09947643979057591,0.10209424083769633,7.892499999999997,0.9595107171420955,LIMITED,0.0,0.0,0.0,0,0.0,0,0,0
909677398,73.54247997499556,VALID,,31.228263527055965,26.41275152152089,36.444293437720404,34.29566512656441,10.16949152542373,1.0,7.0,6.274799999999985,0.0,LIMITED,受限输出：波形补搏 10.7%,7687.736756393052,4653.760538701089,2530.841701838627,275.3359966325975,90.18821948508116,9.811780514918839,9.191830101371483,0.10879226323502142,0.03281099650104136,1491.0944503756994,484.2982643341129,0.17246239983950662,0.07421875,7.928393045003974,0.9638705388223958,0.9634046672555788,0.9828562645334574,0.919570512163252,0.999975535331643,0.10704960835509138,0.10966057441253264,7.903,0.9799,LIMITED,0.0,0.0,0.0,0,0.0,0,0,0
930305527,75.41354904960075,VALID,,29.307272388971235,22.463485772129545,33.35172007419089,48.541582826738775,11.864406779661017,1.0,7.0,5.113649999999997,0.0,LIMITED,受限输出：波形补搏 11.1%,6222.5542019500745,3669.9402013309414,2109.6355665636565,283.87846170114614,88.13967838296122,11.860321617038782,7.431474561055574,0.13456279662726303,0.033676708562443154,1221.5147837222692,547.9264795946866,0.2287516776426623,0.078125,7.908181914735789,0.978119050483578,0.9216546284444985,0.9731278806751891,0.9897651133698191,0.9999705219403651,0.11139896373056994,0.11658031088082901,7.870899999999993,0.9673086376966143,LIMITED,0.0,0.0,0.0,0,0.0,0,0,0
950310151,87.07640954937959,VALID,,25.523737388715933,20.399915079300314,30.81389277043494,52.45821726175103,5.084745762711865,1.0,7.0,4.7973,0.0,LIMITED,受限输出：波形补搏 11.0%,4556.332015868952,2601.767863681399,1561.8394561553102,278.3372358774772,84.87442879357381,15.125571206426189,5.6113205666913535,0.17821116938782164,0.03461288370909393,857.0538800118591,519.2521803249309,0.28160820071756487,0.078125,7.783152676339945,0.9766310095516411,0.9666594374953096,0.9828803402631097,0.9620492378915482,0.9999683721618452,0.11025641025641025,0.11538461538461539,7.24025,0.9535123167155425,LIMITED,0.0,0.0,0.0,0,0.0,0,0,0
970680359,77.60851934586366,VALID,,30.773247632164345,24.245374879329585,38.58685353121457,70.91169406818834,10.16949152542373,1.0,7.0,15.806699999999358,0.0,LIMITED,受限输出：波形补搏 12.3%；时间恢复 13.3%,3012.303325571563,1550.9982765145467,1095.7988730728018,270.96464678751084,80.17472350921363,19.82527649078637,4.044065844250604,0.24727589473393144,0.038104551917437404,541.2620230721079,422.11905710822293,0.3072517098492814,0.078125,7.420676379618974,0.9532453463924173,0.9396862761543756,0.9528304290094218,0.9542134869527404,0.9999444962721766,0.12307692307692308,0.13333333333333333,8.283000000000001,0.8485403092508664,LIMITED,0.0,0.0,0.0,0,0.0,0,0,0
991082278,78.15481687675116,VALID,,31.746779492078307,26.004583976217727,38.63262397993693,60.79635320156167,10.16949152542373,1.0,7.0,4.907049999999999,0.0,LIMITED,受限输出：波形补搏 13.6%；时间恢复 14.7%；Welch/Lomb 稳健一致性 88%；频带一致性 89%,1951.9595780357674,797.3412204075602,798.0187906542587,273.1512758507393,74.4997284378965,25.500271562103517,2.921526865173157,0.34228677200294394,0.050745202289026674,340.98007083213673,306.07439906613956,0.283099322219101,0.078125,5.965655207859317,0.8781763945674618,0.8552010118778283,0.87118869490224,0.8944810271196462,0.9998089662791467,0.13624678663239073,0.14652956298200515,14.71860000000001,0.9247199946680885,LIMITED,0.0,0.0,0.0,0,0.0,0,0,0
1011253337,74.56241184548182,VALID,,25.38365235203188,19.663510138056967,31.011784807531644,47.30914903181121,5.084745762711865,1.0,7.0,4.907049999999999,0.0,INVALID,Welch/Lomb 稳健一致性 73% < 80%,nan,nan,nan,nan,nan,nan,nan,nan,nan,nan,nan,nan,nan,nan,0.7292768007379669,0.5437616604409452,0.6575402371717145,0.8966621157258893,0.9992878170937638,0.13730569948186527,0.15025906735751296,17.632849999999955,0.9025,LIMITED,0.0,0.0,0.0,0,0.0,0,0,0
1031855619,77.30315074758589,VALID,,24.016889776974075,18.664769281634065,29.697303872242077,47.24340353685118,3.389830508474576,1.0,7.0,4.53955,0.0,INVALID,Welch/Lomb 稳健一致性 75% < 80%,nan,nan,nan,nan,nan,nan,nan,nan,nan,nan,nan,nan,nan,nan,0.7544175404321916,0.5287142155012468,0.7001269001460358,0.8810957010998883,0.9993741617897772,0.14285714285714285,0.15584415584415584,18.207799999999867,0.9145,LIMITED,0.0,0.0,0.0,0,0.0,0,0,0
1052169293,79.74640642756036,VALID,,20.226325049301465,16.874712985892703,23.70955506476468,34.093973654979564,0.0,1.0,7.0,4.53955,0.0,LIMITED,受限输出：波形补搏 14.5%；时间恢复 15.8%,1834.7628933351225,600.066777608134,848.6373224762634,324.49551853315177,72.33940546290209,27.660594537097904,2.6152512870206657,0.38237243394657316,0.06618326362344439,515.8178859526993,304.29544656382507,0.2578821117779949,0.06640625,6.490101523372648,0.9325497046486371,0.7625014925278664,0.9270160989223261,0.9454614513433628,0.9996894873328039,0.14470284237726097,0.15762273901808785,14.904100000000009,0.9088884942432898,LIMITED,0.0,0.0,0.0,0,3.968883949833307e-05,2,1,8
1072627154,87.41538918788189,VALID,,21.8931086467943,17.980804938601583,26.39898970394953,44.51875028447275,1.694915254237288,1.0,7.0,4.723299999999999,0.0,LIMITED,受限输出：波形补搏 14.7%；时间恢复 16.2%,2500.7354728006826,862.7975999952059,1223.366513657957,336.0185466655804,78.45185546436721,21.54814453563279,3.6407708020816547,0.27466711154358797,0.06551213457789057,857.7667503219093,426.96940854925305,0.27289545405772103,0.06640625,8.467262101733727,0.9581536171089826,0.8059001576416384,0.9462533573453334,0.9859208898908308,0.9998793791126447,0.14652956298200515,0.16195372750642673,17.8245,0.8144695018117037,LIMITED,0.0,0.0,0.0,0,3.8367587062449645e-05,2,1,8
1093116421,75.46144674685704,INVALID,SQI 69% < 70%,nan,nan,nan,nan,nan,1.0,7.0,5.1183499999999995,0.0,INVALID,波形补搏比例 15.1% > 15.0%,nan,nan,nan,nan,nan,nan,nan,nan,nan,nan,nan,nan,nan,nan,0.957260518238741,0.7758405311082256,0.9676913717521048,0.932921860040892,0.9999325840701646,0.15051020408163265,0.1683673469387755,15.539499999999991,0.6935143518403921,INVALID,0.0,0.0,0.0,0,3.712963192158222e-05,2,1,8
1113270157,75.22699746485019,VALID,,29.260810364196885,25.167971995015627,33.35084137360428,79.01736609525375,10.16949152542373,1.0,7.0,5.1183499999999995,0.0,LIMITED,受限输出：波形补搏 14.1%；时间恢复 15.9%,3497.9315724716034,1121.8063089744096,1928.2083216897474,342.7369432677441,84.90774090611298,15.092259093887039,5.625913282956026,0.17774891821200797,0.0678620453818282,1409.3318998601026,619.3544032799259,0.2715681614062504,0.07421875,11.922293725789345,0.9584654567917585,0.7903814403977444,0.9463265987222571,0.986789458953929,0.9999326231135245,0.14066496163682865,0.1585677749360614,17.057900000000043,0.7433883010661875,LIMITED,0.0,0.0,0.0,0,3.6000144000576004e-05,2,1,8
1133759761,99.40769581245081,VALID,,26.35275903768531,21.688936389768262,31.217954028342763,96.45984973499607,8.47457627118644,1.0,7.0,4.803899999999998,0.0,LIMITED,受限输出：波形补搏 15.0%；时间恢复 16.8%；Welch/Lomb 稳健一致性 84%；频带一致性 87%,3322.6556635699594,919.2011594229082,1964.3604941952167,329.27535801301156,85.64395661604271,14.356043383957282,5.965707564784102,0.167624709917572,0.07076455843496487,1394.0584166031379,614.640490192925,0.26641431425966966,0.07421875,15.602148857053857,0.8383942111638566,0.6486958886456216,0.8251057372750453,0.8694006502377498,0.999943707798295,0.14974619289340102,0.16751269035532995,17.249549999999868,0.9377254352481148,LIMITED,0.0,0.0,0.0,0,3.491295037705987e-05,2,1,8
1153960447,76.38057896478855,VALID,,24.192713304153155,19.75807928901691,28.04626547699384,84.5244181602033,5.084745762711865,1.0,7.0,3.7890999999999995,0.0,INVALID,波形补搏比例 15.6% > 15.0%；Welch/Lomb 稳健一致性 64% < 80%；VLF/LF/HF 频带一致性 67% < 82%,nan,nan,nan,nan,nan,nan,nan,nan,nan,nan,nan,nan,nan,nan,0.6367805531975284,0.5378627667962846,0.6228853393422492,0.6692027188598464,0.9999391935375339,0.15577889447236182,0.17336683417085427,17.057900000000043,0.9329481813479921,LIMITED,0.0,0.0,0.0,0,3.391478345410765e-05,2,1,8
1174016487,67.58050527691111,VALID,,28.653636356032177,23.503676712592785,33.40813284747698,104.25759516550781,10.16949152542373,1.0,7.0,5.282949999999996,0.0,INVALID,Welch/Lomb 稳健一致性 63% < 80%；VLF/LF/HF 频带一致性 69% < 82%,nan,nan,nan,nan,nan,nan,nan,nan,nan,nan,nan,nan,nan,nan,0.6341535062002137,0.5606214506158784,0.6090257909927486,0.692784841684299,0.9999436957255788,0.1407035175879397,0.15829145728643215,15.831999999999999,0.8567733342486775,LIMITED,0.0,0.0,0.0,0,3.294711987260447e-05,2,1,8
1194562518,88.64069494304836,VALID,,36.652100628865384,30.85011051316896,43.472011291590746,77.03753794169673,22.033898305084744,1.0,7.0,6.939849999999989,0.0,INVALID,Welch/Lomb 稳健一致性 76% < 80%；VLF/LF/HF 频带一致性 74% < 82%,nan,nan,nan,nan,nan,nan,nan,nan,nan,nan,nan,nan,nan,nan,0.7570686002044847,0.7283166945341124,0.7647146527444579,0.7392278109445475,0.9999448418742812,0.14285714285714285,0.16290726817042606,15.831999999999999,0.9005398308613897,LIMITED,0.0,0.0,0.0,0,3.203382772207451e-05,2,1,8
1215341158,74.06849607622142,VALID,,34.07625986205706,25.73325694595324,41.835976127974476,74.24770975123714,15.254237288135593,1.0,7.0,5.765649999999985,0.0,LIMITED,受限输出：波形补搏 13.3%；时间恢复 15.1%；频带一致性 87%,2857.089707283366,1353.527805586336,1253.6939585978612,183.04595397857713,87.25963186681929,12.740368133180723,6.8490667580917295,0.1460052931764119,0.04388299991518955,571.4785809962332,259.5396088029454,0.17970467453562816,0.0703125,5.796297910561878,0.9232967518043039,0.9222275385848692,0.9441076761682253,0.8747379282884875,0.9999701505951683,0.13316582914572864,0.1507537688442211,9.36864999999997,0.9113676744311567,LIMITED,0.0,0.0,0.0,0,3.116785970307419e-05,2,1,8
1235726043,71.60340307106996,VALID,,25.347811960531047,21.89698703144589,28.903626256071806,60.443495990685285,3.389830508474576,1.0,7.0,14.815699999999966,0.0,LIMITED,受限输出：波形补搏 14.2%；时间恢复 16.5%,4088.061707327559,2468.662682629443,1374.5134724074253,180.02063187566807,88.4196408827783,11.580359117221713,7.63531078680325,0.13097043826014054,0.029036627371994552,520.7519000567085,223.93620321322732,0.14300578611714032,0.0546875,8.231645803363019,0.9624522241156963,0.9289102124377412,0.9662310376546318,0.9536349925248468,0.9999857642181944,0.14213197969543148,0.1649746192893401,26.07619999999998,0.7854053704487454,LIMITED,0.0,0.0,0.0,0,3.0346864663099225e-05,2,1,8
1255888097,76.09433160641476,VALID,,25.585282214254566,22.534478596274223,29.268360067014424,43.65913925540541,5.084745762711865,1.0,7.0,14.815699999999966,0.0,LIMITED,受限输出：波形补搏 14.0%；时间恢复 16.0%,5730.764765560153,3944.290445129497,1490.7344419575618,200.46068863438325,88.14680310933612,11.85319689066387,7.436542556613114,0.13447109222964473,0.01916047925171013,487.7866893764768,230.4955666359278,0.13503710430948632,0.0546875,10.611996680276638,0.9768577905868232,0.9230027698141158,0.985076719679034,0.957680289371665,0.9999928420068922,0.13994910941475827,0.16030534351145037,16.18219999999998,0.7284243644310364,LIMITED,0.0,0.0,0.0,0,2.9587257754327135e-05,2,1,8
1276334445,77.23826847249738,INVALID,SQI 56% < 70%,nan,nan,nan,nan,nan,1.0,7.0,5.0844000000000005,0.0,LIMITED,受限输出：波形补搏 12.5%；时间恢复 14.0%,7353.3895766308415,5406.79841577598,1551.9190539012598,246.48122526944917,86.29441798223539,13.705582017764605,6.2962972218461175,0.158823506064854,0.017757917807011064,461.59694065744463,285.60694249059225,0.15735142419208156,0.0546875,11.38422355417359,0.9661626978359157,0.9258349301862049,0.988672529949485,0.9136397562375875,0.9999948237172638,0.125,0.14030612244897958,9.451549999999989,0.5633556873610991,INVALID,0.0,0.0,0.0,0,2.8862527780182987e-05,2,1,8
1296896631,81.63065394316874,INVALID,SQI 68% < 70%,nan,nan,nan,nan,nan,1.0,7.0,5.124099999999999,0.0,LIMITED,受限输出：波形补搏 11.2%；时间恢复 13.0%；频带一致性 86%,8285.009307402026,6199.987946231168,1567.7446765098812,313.36070146342286,83.34167212891408,16.65832787108591,5.003003469127978,0.19987993335817128,0.017370764243119795,445.06185884193667,388.0069232702873,0.20469172187171963,0.0546875,11.710827743454514,0.9439953325061607,0.9486047872555359,0.978446126746378,0.8636101459456539,0.999994876639879,0.11224489795918367,0.13010204081632654,11.478999999999978,0.6810441504450994,INVALID,0.0,0.0,0.0,0,2.8157380988136355e-05,2,1,8
1317340205,75.90372877067585,INVALID,SQI 69% < 70%,nan,nan,nan,nan,nan,1.0,7.0,4.020499999999998,0.0,LIMITED,受限输出：波形补搏 11.5%；时间恢复 13.1%,8245.746085955412,6053.048594149939,1581.2938837506656,382.6293719136175,80.51709144896317,19.48290855103683,4.132703863904256,0.2419723340774962,0.01782574817413761,435.5359052783622,510.68394868760566,0.2583627041570217,0.0546875,8.126664248200271,0.9641167612354593,0.9688162940661743,0.9905823266015507,0.9023637753812461,0.9999925632576787,0.11538461538461539,0.13076923076923078,9.36864999999997,0.6942840122740921,INVALID,0.0,0.0,0.0,0,2.7479070108267535e-05,2,1,8
1337440643,83.53718727505871,INVALID,SQI 60% < 70%,nan,nan,nan,nan,nan,1.0,7.0,3.51765,0.0,LIMITED,受限输出：波形补搏 12.8%；时间恢复 14.3%,7263.854636389392,5025.821225023469,1602.1754343666055,421.9079451365707,79.15560448699843,20.844395513001572,3.7974526264206396,0.26333442398794815,0.01923229069730236,430.2892035612144,596.180765230896,0.2923660392766389,0.0546875,6.248834521523279,0.9612605772300288,0.9527703740745054,0.987048110637099,0.9010896659468651,0.9999856583013544,0.1278772378516624,0.1432225063938619,9.524050000000006,0.603724624326774,INVALID,0.0,0.0,0.0,0,2.6853327127231064e-05,2,1,8
1358020490,77.35617231345236,INVALID,SQI 60% < 70%,nan,nan,nan,nan,nan,1.0,7.0,5.56055,0.0,LIMITED,受限输出：波形补搏 12.5%；时间恢复 14.6%,5732.834553628293,3552.424875024203,1590.5338553221416,413.59162708376374,79.36298746188004,20.637012538119954,3.845662608155301,0.26003321193059187,0.028497634645629245,435.15473773680384,609.8377618411996,0.30116564704355603,0.05859375,5.452165055461974,0.9789361752121488,0.9488955858524304,0.9862627042271147,0.961840940843895,0.9999691248703934,0.12531969309462915,0.14578005115089515,15.831999999999999,0.6006751196654514,INVALID,0.0,0.0,0.0,0,2.625039375590634e-05,2,1,8
1378040043,79.65356011586938,INVALID,SQI 67% < 70%,nan,nan,nan,nan,nan,1.0,7.0,300.9287499999999,0.0,LIMITED,受限输出：波形补搏 14.3%；时间恢复 16.6%,4308.0459980446685,2288.0202950833805,1519.3892900134206,361.6182544260286,80.77528952528507,19.224710474714914,4.201638803950981,0.2380023716126329,0.03687621447942109,462.83450359105666,546.644043668077,0.2869014276060175,0.0625,5.896097628328688,0.9404115029823938,0.8216657435408548,0.9420058553356243,0.9366913474915226,0.9999458355905041,0.14285714285714285,0.16581632653061223,26.26380000000002,0.6726588015549542,INVALID,0.0,0.0,0.0,0,2.567503958235269e-05,2,1,8
1398160043,88.39687841156703,VALID,,26.69129533025289,19.863586432847573,32.35550994924848,50.47889666392066,6.779661016949152,1.0,7.0,284.83194999999995,0.0,INVALID,相邻心搏时间修正跳变 p95 282.5 ms > 180.0 ms；Welch/Lomb 稳健一致性 80% < 80%；VLF/LF/HF 频带一致性 70% < 82%,nan,nan,nan,nan,nan,nan,nan,nan,nan,nan,nan,nan,nan,nan,0.7977978636432126,0.7292546343336506,0.8378813246254865,0.704269788017907,0.9999372979140511,0.14321608040201006,0.17587939698492464,282.54835,0.7631743687027313,LIMITED,0.0,0.0,0.0,0,2.512625945375512e-05,2,1,8
1418221575,71.29472407159416,VALID,,38.09416661869479,32.23798416201449,46.97133551251816,91.82306163366248,15.254237288135593,1.0,7.0,236.8895999999999,0.0,INVALID,相邻心搏时间修正跳变 p95 282.6 ms > 180.0 ms；Welch/Lomb 稳健一致性 68% < 80%；VLF/LF/HF 频带一致性 62% < 82%,nan,nan,nan,nan,nan,nan,nan,nan,nan,nan,nan,nan,nan,nan,0.6806980825762535,0.6489573701244262,0.7087201490236098,0.6153132608657557,0.9999224389095849,0.1457286432160804,0.17839195979899497,282.5627,0.7212511665073097,LIMITED,0.0,0.0,0.0,0,2.461074012699142e-05,2,1,8
1438508176,68.768775308342,VALID,,36.61800194541718,28.221659164441952,44.750517645508424,87.22571398954643,13.559322033898304,1.0,7.0,5.8413499999999985,0.0,INVALID,SQI 74% < 75%；相邻心搏时间修正跳变 p95 282.6 ms > 180.0 ms；Welch/Lomb 稳健一致性 53% < 80%；VLF/LF/HF 频带一致性 60% < 82%,nan,nan,nan,nan,nan,nan,nan,nan,nan,nan,nan,nan,nan,nan,0.5316589694917578,0.469860718567405,0.5011625897356325,0.6028171889227167,0.9999157641644385,0.14358974358974358,0.17692307692307693,282.6488,0.7356498615508078,LIMITED,0.0,0.0,0.0,0,2.4103936172777015e-05,2,1,8
1458626045,81.18640398354623,INVALID,SQI 69% < 70%,nan,nan,nan,nan,nan,1.0,7.0,5.37885,0.0,INVALID,SQI 73% < 75%；相邻心搏时间修正跳变 p95 282.7 ms > 180.0 ms；Welch/Lomb 稳健一致性 51% < 80%；VLF/LF/HF 频带一致性 61% < 82%,nan,nan,nan,nan,nan,nan,nan,nan,nan,nan,nan,nan,nan,nan,0.5064362650559464,0.4388399320861118,0.4627453792678437,0.6083816652281859,0.9999386195131202,0.14690721649484537,0.18041237113402062,282.69185,0.6893819167276763,INVALID,0.0,0.0,0.0,0,2.3616654464728527e-05,2,1,8
1479354730,64.11688079923829,INVALID,SQI 63% < 70%,nan,nan,nan,nan,nan,1.0,7.0,21.399699999999132,0.0,INVALID,SQI 71% < 75%；相邻心搏时间修正跳变 p95 301.6 ms > 180.0 ms；Welch/Lomb 稳健一致性 74% < 80%；VLF/LF/HF 频带一致性 75% < 82%,nan,nan,nan,nan,nan,nan,nan,nan,nan,nan,nan,nan,nan,nan,0.7442633256172211,0.7492610684021944,0.7415780760312675,0.7505289079844467,0.999949357480215,0.14728682170542637,0.18863049095607234,301.5587999999999,0.6270836507902062,INVALID,0.016666666666666666,0.0,0.016666666666666666,1,2.3136544171518915e-05,2,1,8
1499799823,70.88478387229398,INVALID,SQI 55% < 70%,nan,nan,nan,nan,nan,1.0,7.0,312.38359999999994,0.0,INVALID,SQI 68% < 75%；相邻心搏时间修正跳变 p95 302.4 ms > 180.0 ms,nan,nan,nan,nan,nan,nan,nan,nan,nan,nan,nan,nan,nan,nan,0.9244013468669474,0.9218172000615826,0.9444947988093154,0.8775166256680889,0.9999535740099503,0.14805194805194805,0.19220779220779222,302.3939,0.5495865621525966,INVALID,0.016666666666666666,0.0,0.016666666666666666,1,2.2687569480681536e-05,2,1,8
1520028205,70.16829866434644,INVALID,SQI 55% < 70%,nan,nan,nan,nan,nan,1.0,7.0,59.71999999999926,0.0,INVALID,SQI 65% < 75%；相邻心搏时间修正跳变 p95 302.4 ms > 180.0 ms,nan,nan,nan,nan,nan,nan,nan,nan,nan,nan,nan,nan,nan,nan,0.9784990214982765,0.8859688901961836,0.9850859999658097,0.9631294050740324,0.9999813068950165,0.1484375,0.19270833333333334,302.43925,0.5495886827458256,INVALID,0.0,0.0,0.0,0,2.2263450834879408e-05,2,1,8
1540156208,75.52233132401976,INVALID,SQI 55% < 70%,nan,nan,nan,nan,nan,1.0,7.0,5.83425,0.0,INVALID,SQI 64% < 75%；相邻心搏时间修正跳变 p95 302.2 ms > 180.0 ms,nan,nan,nan,nan,nan,nan,nan,nan,nan,nan,nan,nan,nan,nan,0.9413930504831984,0.8782982504989475,0.9790291797585551,0.8535754155073666,0.9999866597613686,0.1328125,0.17447916666666666,302.16715,0.5495907716617999,INVALID,0.0,0.0,0.0,0,2.1845667640012524e-05,2,1,8
1560634443,66.02708430998396,INVALID,SQI 55% < 70%,nan,nan,nan,nan,nan,1.0,7.0,5.82625,0.0,INVALID,SQI 63% < 75%；相邻心搏时间修正跳变 p95 302.2 ms > 180.0 ms；VLF/LF/HF 频带一致性 81% < 82%,nan,nan,nan,nan,nan,nan,nan,nan,nan,nan,nan,nan,nan,nan,0.9106805101731108,0.8745604528761692,0.95211998649235,0.8139883987615528,0.9999885913354704,0.12827225130890052,0.17015706806282724,302.16715,0.5495927851557474,INVALID,0.0,0.0,0.0,0,2.1442968850513918e-05,2,1,8
1580963821,67.30486636618782,INVALID,SQI 55% < 70%,nan,nan,nan,nan,nan,1.0,7.0,5.5276999999999985,0.0,INVALID,SQI 62% < 75%；相邻心搏时间修正跳变 p95 302.3 ms > 180.0 ms,nan,nan,nan,nan,nan,nan,nan,nan,nan,nan,nan,nan,nan,nan,0.9356180028686081,0.9422742749698714,0.9760177507179943,0.8413519245533738,0.9999821138987531,0.13421052631578947,0.1763157894736842,302.34855,0.5460214160649841,INVALID,0.0,0.0,0.0,0,2.105012033652126e-05,2,1,8
1601206157,64.44489317184875,INVALID,SQI 55% < 70%,nan,nan,nan,nan,nan,1.0,7.0,5.21435,0.0,INVALID,SQI 60% < 75%；相邻心搏时间修正跳变 p95 298.4 ms > 180.0 ms,nan,nan,nan,nan,nan,nan,nan,nan,nan,nan,nan,nan,nan,nan,0.9697691833354632,0.9099272701965072,0.981603812499726,0.9421550486188506,0.9999655587205136,0.12834224598930483,0.16844919786096257,298.44700000000006,0.5478370387651841,INVALID,0.0,0.0,0.0,0,2.068608860541286e-05,2,1,8
1622076645,70.88176920895945,INVALID,SQI 55% < 70%,nan,nan,nan,nan,nan,1.0,7.0,5.2005,0.0,INVALID,SQI 60% < 75%；相邻心搏时间修正跳变 p95 302.2 ms > 180.0 ms,nan,nan,nan,nan,nan,nan,nan,nan,nan,nan,nan,nan,nan,nan,0.9392931860116349,0.8188852677147564,0.94810764457586,0.918726116028443,0.9999127320710952,0.10242587601078167,0.14555256064690028,302.16715,0.5495984255967497,INVALID,0.0,0.0,0.0,0,2.031488065007618e-05,2,1,8
1642260108,66.18213986712831,INVALID,SQI 55% < 70%,nan,nan,nan,nan,nan,1.0,7.0,5.307149999999999,0.0,INVALID,SQI 58% < 75%；相邻心搏时间修正跳变 p95 302.0 ms > 180.0 ms；VLF/LF/HF 频带一致性 80% < 82%,nan,nan,nan,nan,nan,nan,nan,nan,nan,nan,nan,nan,nan,nan,0.8408333069397764,0.6991628509476765,0.857026390058066,0.8030494463304344,0.9998772724161498,0.08446866485013624,0.12806539509536785,302.0311,0.5496001750264536,INVALID,0.0,0.0,0.0,0,1.99649947092764e-05,2,1,8
1662765599,68.86617580386913,INVALID,SQI 54% < 70%,nan,nan,nan,nan,nan,1.0,7.0,4.995549999999999,0.0,INVALID,SQI 57% < 75%；相邻心搏时间修正跳变 p95 281.5 ms > 180.0 ms；Welch/Lomb 稳健一致性 70% < 80%；VLF/LF/HF 频带一致性 70% < 82%,nan,nan,nan,nan,nan,nan,nan,nan,nan,nan,nan,nan,nan,nan,0.7040173823293547,0.6096981013404345,0.7060319185623186,0.6993167977857725,0.999850044170261,0.0743801652892562,0.11019283746556474,281.5127,0.5442699299640478,INVALID,0.0,0.0,0.0,0,1.963170913659743e-05,2,1,8
1683414377,85.41812885894193,INVALID,SQI 61% < 70%,nan,nan,nan,nan,nan,1.0,7.0,5.515899999999999,0.0,INVALID,SQI 57% < 75%；相邻心搏时间修正跳变 p95 271.9 ms > 180.0 ms；Welch/Lomb 稳健一致性 72% < 80%；VLF/LF/HF 频带一致性 70% < 82%,nan,nan,nan,nan,nan,nan,nan,nan,nan,nan,nan,nan,nan,nan,0.7248901263125221,0.5281427335226461,0.7350905457479309,0.701089147629902,0.9998223875323055,0.07458563535911603,0.11049723756906077,271.9333499999998,0.6145728542870554,INVALID,0.0,0.0,0.0,0,1.9297444375116587e-05,2,1,8
1702694043,78.69543946812375,INVALID,SQI 66% < 70%,nan,nan,nan,nan,nan,1.0,7.0,4.933549999999997,0.0,INVALID,SQI 56% < 75%,nan,nan,nan,nan,nan,nan,nan,nan,nan,nan,nan,nan,nan,nan,0.8677962464532247,0.6338647566717505,0.8826201507254756,0.8332071364846394,0.9998260342464832,0.09192200557103064,0.116991643454039,41.697200000000116,0.6648937062766981,INVALID,0.0,0.0,0.0,0,1.910998432981285e-05,2,1,8
