seq,t_us,rr_ms,hr_bpm,score,flags
268531,2148804510,743.0,79.5,0.683,9
268615,2149476511,672.0,80.8,0.598,9
268730,2150396511,920.0,79.5,0.633,9
268827,2151172513,776.0,78.2,0.64,9
268931,2152004511,831.0,77.3,0.671,9
269027,2152772511,768.0,77.3,0.665,9
269122,2153532511,760.0,78.1,0.666,9
269268,2154700513,1168.0,78.1,0.605,9
269324,2155148511,447.0,78.1,0.682,9
269451,2156164512,1016.0,77.3,0.431,9
269530,2156796511,631.0,77.3,0.581,9
269615,2157476511,680.0,78.1,0.723,9
269691,2158084511,608.0,78.9,0.797,9
269794,2158908511,824.0,78.9,0.776,9
269904,2159788512,880.0,78.9,0.779,9
270023,2160740511,951.0,72.8,0.885,9
270137,2161652512,912.0,72.8,0.882,9
270239,2162468512,816.0,72.8,0.814,9
270345,2163316512,848.0,72.8,0.752,9
270450,2164156511,839.0,71.5,0.744,9
270610,2165436511,1280.0,70.8,0.49,9
270713,2166260511,824.0,70.8,0.529,9
270814,2167068512,808.0,70.8,0.564,9
270927,2167972511,903.0,70.8,0.474,9
271028,2168780511,808.0,71.5,0.596,9
271135,2169636511,856.0,71.5,0.552,9
271232,2170412512,776.0,71.5,0.608,9
271340,2171276511,863.0,71.5,0.587,9
271441,2172084512,808.0,72.8,0.632,9
271560,2173036511,951.0,72.8,0.576,9
271616,2173484511,448.0,74.3,0.806,9
271728,2174380512,896.0,70.1,0.809,9
271834,2175228511,847.0,70.8,0.867,9
271946,2176124511,896.0,70.1,0.925,9
272053,2176980510,855.0,70.2,0.893,9
272174,2177948511,968.0,69.5,0.905,9
272284,2178828511,880.0,68.2,0.901,9
272389,2179668512,840.0,68.2,0.944,9
272496,2180524512,856.0,70.1,0.911,9
272603,2181380512,856.0,70.1,0.926,9
272711,2182244512,864.0,70.1,0.903,9
272823,2183140511,895.0,69.4,0.928,9
272934,2184028511,888.0,69.4,0.918,9
273033,2184820511,792.0,69.4,0.896,9
273138,2185660513,840.0,70.1,0.883,9
273238,2186460512,799.0,70.1,0.864,9
273339,2187268510,807.0,70.1,0.834,9
273447,2188132515,864.0,70.1,0.892,9
273556,2189004510,871.0,69.4,0.883,9
273658,2189820511,816.0,71.4,0.846,9
273760,2190636511,816.0,73.5,0.793,9
273878,2191580513,944.0,73.5,0.938,9
273982,2192412511,831.0,72.2,0.658,9
274093,2193300512,888.0,72.2,0.653,9
274199,2194148511,847.0,70.8,0.663,9
274310,2195036511,888.0,69.4,0.65,9
274414,2195868511,832.0,70.8,0.682,9
274511,2196644511,776.0,72.1,0.658,9
274599,2197348511,704.0,72.1,0.566,9
274730,2198396511,1048.0,70.8,0.683,9
274823,2199140511,744.0,72.1,0.912,9
274920,2199916511,776.0,72.1,0.639,9
275026,2200764511,848.0,72.1,0.646,9
275133,2201620513,856.0,72.1,0.639,9
275229,2202388512,767.0,77.3,0.628,9
275330,2203196511,807.0,77.3,0.648,9
275426,2203964511,768.0,77.3,0.593,9
275572,2205132511,1168.0,74.3,0.466,9
275628,2205580511,448.0,77.3,0.894,9
275749,2206548511,968.0,74.3,0.94,9
275848,2207340511,792.0,74.3,0.691,9
275949,2208148511,808.0,74.3,0.662,9
276051,2208964511,816.0,74.3,0.692,9
276155,2209796512,832.0,74.3,0.691,9
276259,2210628512,832.0,73.5,0.654,9
276358,2211420512,792.0,73.5,0.699,9
276455,2212196511,775.0,74.3,0.677,9
276560,2213036512,840.0,73.5,0.661,9
276658,2213820512,784.0,74.3,0.674,9
276749,2214548512,728.0,74.3,0.628,9
276851,2215364511,815.0,73.6,0.666,9
276937,2216052511,688.0,75.8,0.514,9
277042,2216892512,840.0,75.8,0.626,9
277172,2217932512,1040.0,75.8,0.852,9
277250,2218556511,623.0,76.5,0.725,9
277341,2219284511,728.0,76.5,0.616,9
277456,2220204511,920.0,76.5,0.643,9
277554,2220988512,784.0,76.5,0.671,9
277646,2221724511,735.0,76.5,0.669,9
277723,2222340511,616.0,81.6,0.524,9
277863,2223460511,1120.0,76.5,0.691,9
277984,2224428513,968.0,76.5,0.622,9
278086,2225244511,815.0,76.5,0.669,9
278232,2226412512,1168.0,73.6,0.638,9
278293,2226900511,487.0,73.6,0.681,9
278392,2227692511,792.0,75.8,0.634,9
278504,2228588512,896.0,73.6,0.656,9
278608,2229420511,831.0,72.2,0.647,9
278698,2230140511,720.0,72.2,0.703,9
278798,2230940512,800.0,73.6,0.648,9
278889,2231668511,727.0,75.0,0.596,9
279000,2232556512,888.0,75.0,0.673,9
279103,2233380511,823.0,75.0,0.73,9
279174,2233948511,568.0,75.0,0.449,9
279308,2235020511,1072.0,72.9,0.656,9
279414,2235868512,848.0,72.9,0.669,9
279512,2236652512,784.0,75.0,0.703,9
279592,2237292511,639.0,75.0,0.647,9
279711,2238244511,952.0,72.9,0.671,9
279801,2238964514,720.0,72.9,0.677,9
279892,2239692512,727.0,76.5,0.585,9
279994,2240508511,815.0,76.5,0.6,9
280087,2241252511,744.0,76.5,0.56,9
280208,2242220511,968.0,76.5,0.643,9
280303,2242980511,760.0,78.9,0.662,9
280374,2243548510,567.0,80.6,0.78,9
280468,2244300512,752.0,79.8,0.608,9
280590,2245276511,975.0,79.8,0.721,9
280664,2245868512,592.0,79.8,0.592,9
280792,2246892511,1023.0,78.9,0.618,9
280904,2247788512,896.0,78.9,0.708,9
281004,2248588511,799.0,75.1,0.683,9
281122,2249532511,944.0,75.1,0.578,9
281212,2250252512,720.0,75.1,0.685,9
281321,2251124511,871.0,68.9,0.64,9
281430,2251996512,872.0,68.8,0.7,9
281543,2252900511,903.0,68.8,0.667,9
281652,2253772510,871.0,68.8,0.651,9
281777,2254772511,1000.0,68.8,0.611,9
281893,2255700511,928.0,68.8,0.588,9
281967,2256292512,592.0,68.8,0.605,9
282112,2257452511,1159.0,68.8,0.589,9
282229,2258388512,936.0,66.4,0.546,9
282339,2259268511,879.0,66.4,0.572,9
282457,2260212511,944.0,64.7,0.538,9
282542,2260892511,680.0,64.7,0.61,9
282667,2261892512,1000.0,64.1,0.693,9
282780,2262796512,904.0,64.7,0.656,9
282894,2263708512,912.0,65.8,0.691,9
283006,2264604512,896.0,65.8,0.655,9
283115,2265476512,872.0,66.4,0.68,9
283226,2266364511,887.0,67.0,0.731,9
283335,2267236511,872.0,67.0,0.636,9
283457,2268212515,976.0,67.0,0.892,9
283553,2268980511,767.0,67.0,0.902,9
283651,2269764511,784.0,67.6,0.793,9
283788,2270860511,1096.0,67.6,0.65,9
283868,2271500511,640.0,68.8,0.825,9
283986,2272444512,944.0,68.8,0.593,9
284115,2273476511,1031.0,67.6,0.646,9
284223,2274340513,864.0,68.8,0.714,9
284335,2275236511,895.0,67.0,0.698,9
284445,2276116511,880.0,68.2,0.684,9
284548,2276940511,824.0,68.2,0.634,9
284659,2277828511,888.0,67.6,0.627,9
284780,2278796511,968.0,67.6,0.672,9
284891,2279684512,888.0,67.6,0.679,9
285005,2280596510,911.0,67.6,0.706,9
285110,2281436511,840.0,67.6,0.706,9
285210,2282236512,800.0,67.6,0.648,9
285338,2283260511,1023.0,67.6,0.674,9
285448,2284140511,880.0,67.6,0.705,9
285563,2285060511,920.0,67.6,0.897,9
285655,2285796511,736.0,67.6,0.845,9
285810,2287036511,1240.0,67.6,0.476,9
285891,2287684511,648.0,68.2,0.692,9
286015,2288676511,992.0,68.2,0.861,9
286090,2289276511,600.0,68.2,0.574,9
286202,2290172511,896.0,67.0,0.647,9
286301,2290964510,791.0,68.2,0.702,9
286393,2291700511,736.0,75.9,0.584,9
286499,2292548511,848.0,75.9,0.629,9
286590,2293276511,728.0,75.9,0.596,9
286717,2294292512,1016.0,75.9,0.855,9
286795,2294916511,623.0,75.9,0.636,9
286901,2295764512,848.0,75.9,0.651,9
287001,2296564512,800.0,75.0,0.677,9
287108,2297420512,856.0,75.0,0.685,9
287197,2298132511,711.0,75.0,0.62,9
287312,2299052512,920.0,70.8,0.677,9
287433,2300020511,967.0,70.8,0.568,9
287532,2300812511,792.0,70.8,0.717,9
287632,2301612511,800.0,75.0,0.683,9
287741,2302484511,872.0,70.8,0.67,9
287842,2303292512,808.0,74.3,0.655,9
287959,2304228511,935.0,70.1,0.608,9
288061,2305044510,815.0,73.6,0.644,9
288171,2305924511,880.0,68.8,0.598,9
288286,2306844511,920.0,68.8,0.59,9
288369,2307508511,664.0,73.6,0.642,9
288482,2308412511,904.0,68.8,0.65,9
288589,2309268511,856.0,68.8,0.672,9
288693,2310100511,832.0,70.1,0.666,9
288799,2310948511,848.0,70.1,0.697,9
288907,2311812511,864.0,70.1,0.654,9
289015,2312676511,864.0,69.4,0.725,9
289111,2313444511,768.0,70.1,0.647,9
289215,2314276511,832.0,70.8,0.631,9
289317,2315092511,816.0,70.8,0.644,9
289419,2315908511,816.0,72.1,0.614,9
289513,2316660511,752.0,72.1,0.556,9
289625,2317556511,896.0,72.1,0.623,9
289735,2318436515,880.0,72.1,0.657,9
289840,2319276511,839.0,72.1,0.669,9
289952,2320172511,896.0,72.1,0.653,9
290041,2320884511,712.0,72.1,0.629,9
290143,2321700511,816.0,73.5,0.605,9
290254,2322588512,888.0,71.5,0.692,9
290364,2323468511,879.0,68.3,0.656,9
290464,2324268511,800.0,68.3,0.661,9
290566,2325084511,816.0,71.5,0.647,9
290679,2325988512,904.0,71.5,0.899,9
290770,2326716511,727.0,73.5,0.848,9
290867,2327492511,776.0,73.5,0.854,9
290956,2328204512,712.0,73.5,0.727,9
291101,2329364512,1160.0,73.5,0.622,9
291197,2330132511,767.0,75.0,0.659,9
291292,2330892511,760.0,77.3,0.659,9
291409,2331828511,936.0,77.3,0.499,9
291487,2332452511,624.0,78.2,0.608,9
291557,2333012511,560.0,78.9,0.721,9
291654,2333788512,776.0,78.2,0.792,9
291749,2334548511,759.0,78.9,0.785,9
291852,2335372512,824.0,78.2,0.857,9
291952,2336172511,799.0,78.2,0.901,9
292059,2337028510,855.0,77.3,0.85,9
292131,2337604511,576.0,77.3,0.515,9
292265,2338676512,1072.0,77.3,0.878,9
292335,2339236512,560.0,77.3,0.581,9
292446,2340124511,887.0,75.1,0.671,9
292538,2340860511,736.0,75.1,0.651,9
292627,2341572511,712.0,75.1,0.556,9
292737,2342452513,880.0,75.1,0.647,9
292826,2343164512,711.0,81.5,0.629,9
292927,2343972513,808.0,81.5,0.585,9
293043,2344900512,927.0,74.3,0.688,9
293151,2345764510,863.0,74.3,0.662,9
293240,2346476511,712.0,74.3,0.636,9
293354,2347388510,911.0,74.3,0.655,9
293453,2348180511,792.0,74.3,0.653,9
293560,2349036512,856.0,70.1,0.657,9
293665,2349876511,839.0,71.5,0.669,9
293750,2350556511,680.0,71.5,0.604,9
293863,2351460511,904.0,70.1,0.65,9
293949,2352148511,688.0,71.5,0.512,9
294080,2353196511,1048.0,71.5,0.899,9
294178,2353980515,784.0,71.5,0.927,9
294278,2354780511,799.0,75.1,0.896,9
294382,2355612511,832.0,72.1,0.888,9
294485,2356436512,824.0,72.8,0.913,9
294584,2357228510,791.0,75.1,0.878,9
294684,2358028511,800.0,75.0,0.888,9
294787,2358852511,824.0,75.0,0.898,9
294879,2359588511,736.0,75.0,0.902,9
294977,2360372512,784.0,75.1,0.881,9
295073,2361140511,767.0,75.1,0.867,9
295168,2361900512,760.0,75.9,0.815,9
295264,2362668510,767.0,76.5,0.832,9
295360,2363436512,768.0,78.1,0.85,9
295458,2364220511,783.0,78.1,0.856,9
295566,2365084513,864.0,78.1,0.901,9
295644,2365708514,624.0,78.2,0.569,9
295748,2366540511,831.0,78.1,0.628,9
295831,2367204511,664.0,78.2,0.494,9
295937,2368052511,848.0,78.1,0.572,9
296043,2368900511,848.0,76.6,0.605,9
296140,2369676511,776.0,76.6,0.668,9
296247,2370532511,856.0,72.2,0.648,9
296347,2371332511,800.0,72.2,0.668,9
296452,2372172511,840.0,72.2,0.657,9
296562,2373052512,880.0,71.4,0.635,9
296667,2373892511,839.0,71.4,0.685,9
296765,2374676513,784.0,71.4,0.654,9
296874,2375548511,871.0,71.4,0.644,9
297013,2376660510,1111.0,71.4,0.48,9
297102,2377372514,712.0,71.4,0.674,9
297205,2378196511,823.0,71.5,0.637,9
297352,2379372511,1176.0,71.4,0.587,9
297408,2379820511,448.0,71.5,0.648,9
297511,2380644511,824.0,72.8,0.638,9
297643,2381700510,1055.0,72.8,0.733,9
297729,2382388511,688.0,72.8,0.828,9
297814,2383068512,680.0,72.9,0.9,9
297881,2383604512,536.0,84.3,0.557,9
297975,2384356511,751.0,79.9,0.687,9
298071,2385124512,768.0,79.9,0.651,9
298159,2385828512,704.0,85.2,0.621,9
298267,2386692511,863.0,79.9,0.638,9
298375,2387556511,864.0,79.9,0.544,9
298427,2387972511,416.0,85.2,0.784,9
298535,2388836511,864.0,79.9,0.921,9
298643,2389700511,864.0,78.1,0.91,9
298744,2390508511,808.0,74.3,0.898,9
298846,2391324511,816.0,73.5,0.907,9
298954,2392188511,864.0,69.5,0.923,9
299060,2393036511,848.0,69.5,0.887,9
299166,2393884511,848.0,70.8,0.905,9
299277,2394772511,888.0,70.8,0.917,9
299384,2395628511,856.0,70.1,0.881,9
299485,2396436510,807.0,70.8,0.928,9
299585,2397236511,800.0,70.8,0.905,9
299687,2398052512,816.0,70.8,0.9,9
299788,2398860511,807.0,70.8,0.837,9
299886,2399644511,784.0,73.5,0.822,9
299985,2400436512,792.0,74.3,0.838,9
300083,2401220511,783.0,74.3,0.776,9
300208,2402220511,1000.0,74.3,0.656,9
300309,2403028511,808.0,74.3,0.644,9
300433,2404020512,992.0,74.3,0.478,9
300510,2404636511,615.0,74.3,0.641,9
300614,2405468511,832.0,74.3,0.656,9
300730,2406396511,928.0,74.3,0.544,9
300782,2406812512,416.0,74.3,0.737,9
300895,2407716511,903.0,72.1,0.755,9
301002,2408572510,855.0,70.2,0.787,9
301108,2409420511,848.0,70.8,0.763,9
301218,2410300511,880.0,70.2,0.774,9
301323,2411140511,840.0,70.8,0.786,9
301427,2411972511,832.0,70.8,0.804,9
301535,2412836513,864.0,70.2,0.818,9
301640,2413676510,839.0,70.8,0.802,9
301738,2414460515,784.0,70.8,0.731,9
301895,2415716512,1255.0,70.8,0.526,9
302000,2416556512,840.0,71.4,0.538,9
302100,2417356512,800.0,71.4,0.595,9
302214,2418268511,911.0,71.4,0.512,9
302322,2419132511,864.0,71.4,0.49,9
302425,2419956511,824.0,71.4,0.513,9
302527,2420772511,816.0,71.5,0.609,9
302638,2421660511,888.0,71.4,0.514,9
302753,2422580512,920.0,69.4,0.458,9
302854,2423388511,807.0,71.4,0.508,9
302971,2424324511,936.0,69.4,0.426,9
303075,2425156511,832.0,69.4,0.492,9
303151,2425764512,608.0,72.1,0.638,9
303277,2426772511,1007.0,72.1,0.599,9
303397,2427732511,960.0,67.6,0.47,9
303482,2428412512,680.0,67.6,0.684,9
303588,2429260511,847.0,70.8,0.639,9
303685,2430036511,776.0,72.1,0.644,9
303792,2430892511,856.0,70.8,0.644,9
303883,2431620511,728.0,72.1,0.661,9
303992,2432492511,872.0,70.8,0.648,9
304082,2433212511,720.0,70.8,0.567,9
304193,2434100511,888.0,70.8,0.632,9
304293,2434900512,800.0,75.0,0.599,9
304399,2435748511,847.0,70.8,0.64,9
304494,2436508512,760.0,75.0,0.599,9
304604,2437388511,879.0,70.8,0.662,9
304714,2438268512,880.0,70.8,0.897,9
304796,2438924512,656.0,70.8,0.795,9
304937,2440052511,1127.0,70.8,0.608,9
305055,2440996511,944.0,68.3,0.772,9
305151,2441764512,768.0,70.8,0.871,9
305221,2442324511,559.0,70.8,0.543,9
305344,2443308512,984.0,68.3,0.656,9
305451,2444164512,856.0,68.3,0.63,9
305558,2445020512,856.0,70.1,0.649,9
305672,2445932512,912.0,70.1,0.662,9
305776,2446764512,832.0,70.1,0.698,9
305868,2447500511,735.0,70.1,0.569,9
305994,2448508512,1008.0,70.1,0.892,9
306089,2449268512,760.0,70.1,0.928,9
306183,2450020511,751.0,70.1,0.851,9
306280,2450796511,776.0,72.1,0.795,9
306379,2451588511,792.0,75.8,0.756,9
306487,2452452511,864.0,75.8,0.826,9
306596,2453324511,872.0,75.8,0.913,9
306695,2454116511,792.0,75.8,0.89,9
306797,2454932512,816.0,75.8,0.896,9
306896,2455724511,791.0,75.8,0.906,9
306995,2456516512,792.0,75.8,0.883,9
307090,2457276513,760.0,75.8,0.902,9
307197,2458132512,855.0,75.8,0.92,9
307277,2458772511,639.0,75.8,0.58,9
307385,2459636511,864.0,75.8,0.656,9
307479,2460388511,752.0,75.8,0.633,9
307587,2461252515,864.0,75.8,0.642,9
307695,2462116511,863.0,75.8,0.68,9
307794,2462908512,792.0,75.8,0.682,9
307897,2463732510,823.0,72.9,0.656,9
