seq,source_t_us,t_us,rr_ms,hr_bpm,score,timing_shift_ms,timing_quality,timing_uncertainty_ms,refined,flags
268531,2148804510,2148804510,0.0,79.5,0.683,0.0,0.0,999.0,0,9
268615,2149476511,2149476511,672.001,89.28558142026574,0.598,0.0,0.82,8.0,1,9
268730,2150396511,2150396511,920.0,75.37683707485108,0.633,0.0,0.7831754352133475,14.0,0,9
268827,2151172513,2151172513,776.002,77.31938835209188,0.64,0.0,0.6020458459154363,4.0,0,9
268931,2152004511,2152004511,831.998,74.6268656716418,0.671,0.0,0.209,4.0,0,9
269027,2152772511,2152772511,768.0,77.31938835209188,0.665,0.0,0.2888126864536434,4.0,0,9
269122,2153532511,2153532511,760.0,77.72010658017282,0.666,0.0,0.5853494544214154,4.0,0,9
269268,2154700513,2154700513,1168.002,77.31938835209188,0.605,0.0,0.209,4.0,0,9
269324,2155148511,2155148511,447.998,77.72010658017282,0.682,0.0,0.8508988826717802,6.0,0,9
269451,2156164512,2156164512,1016.001,77.31938835209188,0.431,0.0,0.209,4.0,0,9
269530,2156796511,2156796511,631.999,77.31938835209188,0.581,0.0,0.8681046553731175,4.0,0,9
269615,2157476511,2157492297,695.786,78.125,0.723,15.78623726197866,0.7943692778114874,24.0,1,9
269691,2158084511,2158084511,592.214,78.94736842105263,0.797,0.0,0.209,4.0,0,9
269794,2158908511,2158908511,824.0,78.94736842105263,0.776,0.0,0.209,4.0,0,9
269904,2159788512,2159788512,880.001,78.94736842105263,0.779,0.0,0.209,4.0,0,9
270023,2160740511,2160740511,951.999,72.81553398058253,0.885,0.0,0.209,4.0,0,9
270137,2161652512,2161652512,912.001,72.81553398058253,0.882,0.0,0.209,4.0,0,9
270239,2162468512,2162468512,816.0,72.81553398058253,0.814,0.0,0.209,4.0,0,9
270345,2163316512,2163316512,848.0,72.81553398058253,0.752,0.0,0.209,4.0,0,9
270450,2164156511,2164156511,839.999,71.42865646268626,0.744,0.0,0.209,4.0,0,9
270610,2165436511,2165436511,1280.0,70.75471698113208,0.49,0.0,0.8854062154003897,4.0,0,9
270713,2166260511,2166260511,824.0,70.75471698113208,0.529,0.0,0.8855323247312338,4.0,0,9
270814,2167068512,2167068512,808.001,70.75471698113208,0.564,0.0,0.79898200899919,4.0,0,9
270927,2167972511,2167972511,903.999,70.75471698113208,0.474,0.0,0.8622482837287619,4.0,0,9
271028,2168780511,2168780511,808.0,71.42865646268626,0.596,0.0,0.8651868829241444,4.0,0,9
271135,2169636511,2169636511,856.0,71.42865646268626,0.552,0.0,0.808501883627637,4.0,0,9
271232,2170412512,2170412512,776.001,71.42865646268626,0.608,0.0,0.8865933265257662,12.0,0,9
271340,2171276511,2171276511,863.999,71.42865646268626,0.587,0.0,0.9085665502219775,8.0,0,9
271441,2172084512,2172084512,808.001,72.81553398058253,0.632,0.0,0.8386371163834404,16.0,0,9
271560,2173036511,2173036511,951.999,72.81553398058253,0.576,0.0,0.8685653155840853,4.0,0,9
271616,2173484511,2173484511,448.0,74.25733383993337,0.806,0.0,0.209,4.0,0,9
271728,2174380512,2174380512,896.001,70.09345794392523,0.809,0.0,0.209,4.0,0,9
271834,2175228511,2175228511,847.999,70.75480041839671,0.867,0.0,0.209,4.0,0,9
271946,2176124511,2176124511,896.0,70.09345794392523,0.925,0.0,0.209,4.0,0,9
272053,2176980510,2176980510,855.999,70.09353982890167,0.893,0.0,0.209,4.0,0,9
272174,2177948511,2177948511,968.001,69.44452482005187,0.905,0.0,0.209,4.0,0,9
272284,2178828511,2178828511,880.0,68.18181818181819,0.901,0.0,0.209,4.0,0,9
272389,2179668512,2179668512,840.001,68.18181818181819,0.944,0.0,0.209,4.0,0,9
272496,2180524512,2180524512,856.0,70.09345794392523,0.911,0.0,0.209,4.0,0,9
272603,2181380512,2181380512,856.0,70.09345794392523,0.926,0.0,0.209,4.0,0,9
272711,2182244512,2182244512,864.0,70.09345794392523,0.903,0.0,0.209,4.0,0,9
272823,2183140511,2183140511,895.999,69.44444444444444,0.928,0.0,0.209,4.0,0,9
272934,2184028511,2184028511,888.0,69.44444444444444,0.918,0.0,0.209,4.0,0,9
273033,2184820511,2184820511,792.0,69.44444444444444,0.896,0.0,0.209,4.0,0,9
273138,2185660513,2185660513,840.002,70.09345794392523,0.883,0.0,0.209,4.0,0,9
273238,2186460512,2186460512,799.999,70.09345794392523,0.864,0.0,0.209,4.0,0,9
273339,2187268510,2187268510,807.998,70.09345794392523,0.834,0.0,0.209,4.0,0,9
273447,2188132515,2188132515,864.005,70.09345794392523,0.892,0.0,0.209,4.0,0,9
273556,2189004510,2189004510,871.995,69.44444444444444,0.883,0.0,0.209,4.0,0,9
273658,2189820511,2189820511,816.001,71.42840136094914,0.846,0.0,0.209,4.0,0,9
273760,2190636511,2190636511,816.0,73.52932165524307,0.793,0.0,0.209,4.0,0,9
273878,2191580513,2191580513,944.002,73.52932165524307,0.938,0.0,0.209,4.0,0,9
273982,2192412511,2192412511,831.998,72.11555797009127,0.658,0.0,0.209,4.0,0,9
274093,2193300512,2193300512,888.001,72.11555797009127,0.653,0.0,0.209,4.0,0,9
274199,2194148511,2194148511,847.999,70.75480041839671,0.663,0.0,0.209,4.0,0,9
274310,2195036511,2195036511,888.0,69.44404256919809,0.65,0.0,0.209,4.0,0,9
274414,2195868511,2195868511,832.0,70.75480041839671,0.682,0.0,0.209,4.0,0,9
274511,2196644511,2196644511,776.0,72.11538461538461,0.658,0.0,0.209,4.0,0,9
274599,2197348511,2197348511,704.0,72.11538461538461,0.566,0.0,0.6698843399573882,10.0,0,9
274730,2198396511,2198396511,1048.0,70.75480041839671,0.683,0.0,0.209,4.0,0,9
274823,2199140511,2199140511,744.0,72.11538461538461,0.912,0.0,0.209,4.0,0,9
274920,2199916511,2199916511,776.0,72.11538461538461,0.639,0.0,0.209,4.0,0,9
275026,2200764511,2200764511,848.0,72.11538461538461,0.646,0.0,0.209,4.0,0,9
275133,2201620513,2201620513,856.002,72.11538461538461,0.639,0.0,0.209,4.0,0,9
275229,2202388512,2202388512,767.999,77.31958762886597,0.628,0.0,0.2145349106401517,4.0,0,9
275330,2203196511,2203159114,770.602,77.31958762886597,0.648,-37.397263237532975,0.9631570827321358,10.0,1,9
275426,2203964511,2204045910,886.796,77.31958762886597,0.593,81.39911700537904,0.8915923665918831,24.0,1,9
275572,2205132511,2205132511,1086.601,70.75471698113208,0.466,0.0,0.833561857175329,4.0,0,9
275628,2205580511,2205580511,448.0,77.31958762886597,0.894,0.0,0.209,4.0,0,9
275749,2206548511,2206548511,968.0,70.75471698113208,0.94,0.0,0.209,4.0,0,9
275848,2207340511,2207340511,792.0,70.75471698113208,0.691,0.0,0.209,4.0,0,9
275949,2208148511,2208148511,808.0,74.25742574257426,0.662,0.0,0.209,4.0,0,9
276051,2208964511,2208964511,816.0,74.25742574257426,0.692,0.0,0.209,4.0,0,9
276155,2209796512,2209796512,832.001,73.52941176470588,0.691,0.0,0.209,4.0,0,9
276259,2210628512,2210628512,832.0,72.11538461538461,0.654,0.0,0.209,4.0,0,9
276358,2211420512,2211420512,792.0,73.52941176470588,0.699,0.0,0.209,4.0,0,9
276455,2212196511,2212196511,775.999,74.25742574257426,0.677,0.0,0.8686917523049672,4.0,0,9
276560,2213036512,2213036512,840.001,73.52941176470588,0.661,0.0,0.6090490252170555,4.0,0,9
276658,2213820512,2213820512,784.0,74.25742574257426,0.674,0.0,0.209,4.0,0,9
276749,2214548512,2214548512,728.0,74.25742574257426,0.628,0.0,0.209,4.0,0,9
276851,2215364511,2215364511,815.999,73.52950187438955,0.666,0.0,0.209,4.0,0,9
276937,2216052511,2216052511,688.0,75.75757575757575,0.514,0.0,0.3850630041791253,4.0,0,9
277042,2216892512,2216892512,840.001,75.75757575757575,0.626,0.0,0.209,4.0,0,9
277172,2217932512,2217932512,1040.0,75.75757575757575,0.852,0.0,0.209,4.0,0,9
277250,2218556511,2218556511,623.999,76.53061224489795,0.725,0.0,0.209,4.0,0,9
277341,2219284511,2219284511,728.0,76.53061224489795,0.616,0.0,0.7351631636638225,4.0,0,9
277456,2220204511,2220204511,920.0,76.53061224489795,0.643,0.0,0.209,4.0,0,9
277554,2220988512,2220988512,784.001,76.53051462944563,0.671,0.0,0.209,4.0,0,9
277646,2221724511,2221724511,735.999,76.53051462944563,0.669,0.0,0.17600000000000002,16.0,0,9
277723,2222340511,2222400156,675.645,81.52184989381779,0.524,59.645362857238105,0.923,28.0,1,9
277863,2223460511,2223460511,1060.355,76.53051462944563,0.691,0.0,0.8400780927605346,4.0,0,9
277984,2224428513,2224428513,968.002,76.53051462944563,0.622,0.0,0.48556696878283623,4.0,0,9
278086,2225244511,2225244511,815.998,76.53051462944563,0.669,0.0,0.2849010117299493,4.0,0,9
278232,2226412512,2226412512,1168.001,73.52959198429407,0.638,0.0,0.209,4.0,0,9
278293,2226900511,2226900511,487.999,73.52959198429407,0.681,0.0,0.82361187989439,4.0,0,9
278392,2227692511,2227692511,792.0,75.75757575757575,0.634,0.0,0.7807220721484786,4.0,0,9
278504,2228588512,2228588512,896.001,73.52959198429407,0.656,0.0,0.6161086808516377,4.0,0,9
278608,2229420511,2229420511,831.999,72.11547129263376,0.647,0.0,0.209,4.0,0,9
278698,2230140511,2230140511,720.0,72.11547129263376,0.703,0.0,0.209,4.0,0,9
278798,2230940512,2230940512,800.001,73.52959198429407,0.648,0.0,0.209,4.0,0,9
278889,2231668511,2231668511,727.999,74.99990625011719,0.596,0.0,0.7492598531176511,16.0,0,9
279000,2232556512,2232556512,888.001,74.99990625011719,0.673,0.0,0.209,4.0,0,9
279103,2233380511,2233380511,823.999,74.99990625011719,0.73,0.0,0.209,4.0,0,9
279174,2233948511,2233962060,581.549,74.99990625011719,0.449,13.548589183633354,0.8720924158568653,30.0,1,9
279308,2235020511,2235020511,1058.451,72.81562234905624,0.656,0.0,0.5685988008549154,4.0,0,9
279414,2235868512,2235868512,848.001,72.81562234905624,0.669,0.0,0.209,4.0,0,9
279512,2236652512,2236652512,784.0,74.99990625011719,0.703,0.0,0.209,4.0,0,9
279592,2237292511,2237261295,608.783,74.99990625011719,0.647,-31.21648801588722,0.9017775560671014,10.0,1,9
279711,2238244511,2238244511,983.216,72.81562234905624,0.671,0.0,0.209,4.0,0,9
279801,2238964514,2238964514,720.003,72.81562234905624,0.677,0.0,0.209,4.0,0,9
279892,2239692512,2239692512,727.998,76.53061224489795,0.585,0.0,0.8081573637738325,4.0,0,9
279994,2240508511,2240508511,815.999,76.53061224489795,0.6,0.0,0.209,4.0,0,9
280087,2241252511,2241252511,744.0,76.53061224489795,0.56,0.0,0.8266738577826473,4.0,0,9
280208,2242220511,2242220511,968.0,76.53061224489795,0.643,0.0,0.209,4.0,0,9
280303,2242980511,2242980511,760.0,78.94736842105263,0.662,0.0,0.8981082324814855,4.0,0,9
280374,2243548510,2243548510,567.999,80.64516129032258,0.78,0.0,0.209,4.0,0,9
280468,2244300512,2244300512,752.002,79.78702184302702,0.608,0.0,0.209,4.0,0,9
280590,2245276511,2245276511,975.999,79.78702184302702,0.721,0.0,0.209,4.0,0,9
280664,2245868512,2245868512,592.001,79.78702184302702,0.592,0.0,0.8224910124758841,20.0,0,9
280792,2246892511,2246892511,1023.999,78.94736842105263,0.618,0.0,0.8470899309750817,4.0,0,9
280904,2247788512,2247788512,896.001,78.94736842105263,0.708,0.0,0.41964487904356734,4.0,0,9
281004,2248588511,2248588511,799.999,75.00009375011719,0.683,0.0,0.8167648402193345,4.0,0,9
281122,2249532511,2249532511,944.0,75.00009375011719,0.578,0.0,0.209,4.0,0,9
281212,2250252512,2250252512,720.001,75.00009375011719,0.685,0.0,0.49312463103444026,4.0,0,9
281321,2251124511,2251124511,871.999,68.80741835713114,0.64,0.0,0.5378793272059952,6.0,0,9
281430,2251996512,2251996512,872.001,68.80726054213241,0.7,0.0,0.8449778154136723,4.0,0,9
281543,2252900511,2252888523,892.011,68.80726054213241,0.667,-11.988283133592532,0.826471687827536,24.0,1,9
281652,2253772510,2253679556,791.033,68.80726054213241,0.651,-92.95401837319102,0.8652252282270481,28.0,1,9
281777,2254772511,2254772511,1092.955,68.80726054213241,0.611,0.0,0.9293767218922397,4.0,0,9
281893,2255700511,2255631948,859.437,68.80741835713114,0.588,-68.56332374090933,0.7840542365125942,34.0,1,9
281967,2256292512,2256373546,741.598,68.80741835713114,0.605,81.03370423118629,0.923,28.0,1,9
282112,2257452511,2257452511,1078.965,68.80741835713114,0.589,0.0,0.9815781381217081,4.0,0,9
282229,2258388512,2258388512,936.001,68.80726054213241,0.546,0.0,0.8412571217002092,4.0,0,9
282339,2259268511,2259268511,879.999,68.18189566124506,0.572,0.0,0.8118160953847978,4.0,0,9
282457,2260212511,2260212511,944.0,67.26374450539288,0.538,0.0,0.8017986091908162,20.0,0,9
282542,2260892511,2260880862,668.351,68.18189566124506,0.61,-11.648980726081826,0.912,32.0,1,9
282667,2261892512,2261892512,1011.65,64.10249561699186,0.693,0.0,0.8942555641955577,4.0,0,9
282780,2262796512,2262796512,904.0,66.3716814159292,0.656,0.0,0.9163653569574179,16.0,0,9
282894,2263708512,2263708512,912.0,65.78947368421052,0.691,0.0,0.7718558903132658,4.0,0,9
283006,2264604512,2264604512,896.0,65.78947368421052,0.655,0.0,0.23401057058897312,4.0,0,9
283115,2265476512,2265476512,872.0,66.3716814159292,0.68,0.0,0.5002721262494567,4.0,0,9
283226,2266364511,2266315442,838.93,66.96428571428571,0.731,-49.06916325146255,0.8874056851044786,14.0,1,9
283335,2267236511,2267236511,921.069,66.3716814159292,0.636,0.0,0.7602898250483853,4.0,0,9
283457,2268212515,2268212515,976.004,66.3716814159292,0.892,0.0,0.209,4.0,0,9
283553,2268980511,2268980511,767.996,66.3716814159292,0.902,0.0,0.209,4.0,0,9
283651,2269764511,2269764511,784.0,66.96428571428571,0.793,0.0,0.209,4.0,0,9
283788,2270860511,2270888464,1123.953,66.96428571428571,0.65,27.953156307146553,0.89,40.0,1,9
283868,2271500511,2271500511,612.047,68.80733944954129,0.825,0.0,0.209,4.0,0,9
283986,2272444512,2272444512,944.001,68.80733944954129,0.593,0.0,0.17600000000000002,16.0,0,9
284115,2273476511,2273476511,1031.999,65.14169948179779,0.646,0.0,0.0,999.0,0,9
284223,2274340513,2274340513,864.002,65.14169948179779,0.714,0.0,0.0,999.0,0,9
284335,2275236511,2275236511,895.998,66.9644351884714,0.698,0.0,0.21387535496357668,4.0,0,9
284445,2276116511,2276116511,880.0,68.18181818181819,0.684,0.0,0.7863517658844553,4.0,0,9
284548,2276940511,2276940511,824.0,68.18181818181819,0.634,0.0,0.9356688069211769,6.0,0,9
284659,2277828511,2277828511,888.0,67.56756756756756,0.627,0.0,0.9382439197920477,10.0,0,9
284780,2278796511,2278796511,968.0,67.56756756756756,0.672,0.0,0.209,4.0,0,9
284891,2279684512,2279684512,888.001,67.56749147805014,0.679,0.0,0.209,4.0,0,9
285005,2280596510,2280596510,911.998,67.56749147805014,0.706,0.0,0.209,4.0,0,9
285110,2281436511,2281436511,840.001,67.56756756756756,0.706,0.0,0.209,4.0,0,9
285210,2282236512,2282236512,800.001,67.56756756756756,0.648,0.0,0.7083275724143828,22.0,0,9
285338,2283260511,2283260511,1023.999,67.56756756756756,0.674,0.0,0.209,4.0,0,9
285448,2284140511,2284140511,880.0,67.56756756756756,0.705,0.0,0.209,4.0,0,9
285563,2285060511,2285060511,920.0,67.56749147805014,0.897,0.0,0.209,4.0,0,9
285655,2285796511,2285796511,736.0,67.56749147805014,0.845,0.0,0.209,4.0,0,9
285810,2287036511,2287036511,1240.0,67.56749147805014,0.476,0.0,0.209,4.0,0,9
285891,2287684511,2287684511,648.0,68.18181818181819,0.692,0.0,0.7397986679164616,4.0,0,9
286015,2288676511,2288676511,992.0,68.18181818181819,0.861,0.0,0.209,4.0,0,9
286090,2289276511,2289276511,600.0,68.18181818181819,0.574,0.0,0.209,4.0,0,9
286202,2290172511,2290172511,896.0,66.96428571428571,0.647,0.0,0.209,4.0,0,9
286301,2290964510,2290964510,791.999,68.18181818181819,0.702,0.0,0.209,4.0,0,9
286393,2291700511,2291700511,736.001,75.75767141120127,0.584,0.0,0.209,4.0,0,9
286499,2292548511,2292548511,848.0,75.75767141120127,0.629,0.0,0.209,4.0,0,9
286590,2293276511,2293276511,728.0,75.75767141120127,0.596,0.0,0.8331187718343029,4.0,0,9
286717,2294292512,2294292512,1016.001,75.75767141120127,0.855,0.0,0.209,4.0,0,9
286795,2294916511,2294916511,623.999,75.75767141120127,0.636,0.0,0.209,4.0,0,9
286901,2295764512,2295764512,848.001,75.75767141120127,0.651,0.0,0.209,4.0,0,9
287001,2296564512,2296564512,800.0,75.0,0.677,0.0,0.209,4.0,0,9
287108,2297420512,2297420512,856.0,75.0,0.685,0.0,0.8786527203437784,4.0,0,9
287197,2298132511,2298086989,666.477,75.0,0.62,-45.52227944747203,0.9395,22.0,1,9
287312,2299052512,2299052512,965.523,70.75471698113208,0.677,0.0,0.978,8.0,0,9
287433,2300020511,2300020511,967.999,70.75463354406422,0.568,0.0,0.9030296583903239,4.0,0,9
287532,2300812511,2300812511,792.0,70.75463354406422,0.717,0.0,0.989,4.0,0,9
287632,2301612511,2301612511,800.0,75.0,0.683,0.0,0.9450000000000001,20.0,0,9
287741,2302484511,2302484511,872.0,70.75463354406422,0.67,0.0,0.9003912950464835,4.0,0,9
287842,2303292512,2303248845,764.334,75.0,0.655,-43.66735699532985,0.8515,54.0,1,9
287959,2304228511,2304228511,979.666,70.09345794392523,0.608,0.0,0.953825282610635,4.0,0,9
288061,2305044510,2305044510,815.999,73.52950187438955,0.644,0.0,0.9615,14.0,0,9
288171,2305924511,2305924511,880.001,68.80733944954129,0.598,0.0,0.9244839984267614,4.0,0,9
288286,2306844511,2306844511,920.0,68.80733944954129,0.59,0.0,0.8462608708576724,4.0,0,9
288369,2307508511,2307508511,664.0,73.52950187438955,0.642,0.0,0.857,52.0,0,9
288482,2308412511,2308412511,904.0,68.80733944954129,0.65,0.0,0.8842349903681976,4.0,0,9
288589,2309268511,2309268511,856.0,68.80733944954129,0.672,0.0,0.6138902012353074,4.0,0,9
288693,2310100511,2310100511,832.0,70.09345794392523,0.666,0.0,0.8182930995472483,4.0,0,9
288799,2310948511,2310948511,848.0,70.09345794392523,0.697,0.0,0.209,4.0,0,9
288907,2311812511,2311812511,864.0,70.09345794392523,0.654,0.0,0.209,4.0,0,9
289015,2312676511,2312676511,864.0,69.44444444444444,0.725,0.0,0.209,4.0,0,9
289111,2313444511,2313444511,768.0,70.09345794392523,0.647,0.0,0.209,4.0,0,9
289215,2314276511,2314276511,832.0,70.75471698113208,0.631,0.0,0.209,4.0,0,9
289317,2315092511,2315092511,816.0,70.75471698113208,0.644,0.0,0.209,4.0,0,9
289419,2315908511,2315908511,816.0,72.11538461538461,0.614,0.0,0.209,4.0,0,9
289513,2316660511,2316660511,752.0,72.11538461538461,0.556,0.0,0.6477561936618097,4.0,0,9
289625,2317556511,2317556511,896.0,72.11538461538461,0.623,0.0,0.209,4.0,0,9
289735,2318436515,2318436515,880.004,72.11538461538461,0.657,0.0,0.209,4.0,0,9
289840,2319276511,2319276511,839.996,72.11538461538461,0.669,0.0,0.209,4.0,0,9
289952,2320172511,2320172511,896.0,72.11538461538461,0.653,0.0,0.209,4.0,0,9
290041,2320884511,2320884511,712.0,72.11538461538461,0.629,0.0,0.9480295944818578,4.0,0,9
290143,2321700511,2321700511,816.0,73.52941176470588,0.605,0.0,0.8199632020708171,4.0,0,9
290254,2322588512,2322588512,888.001,71.42891156624556,0.692,0.0,0.899017326148832,4.0,0,9
290364,2323468511,2323468511,879.999,68.18189566124506,0.656,0.0,0.209,4.0,0,9
290464,2324268511,2324268511,800.0,68.18189566124506,0.661,0.0,0.209,4.0,0,9
290566,2325084511,2325084511,816.0,71.42891156624556,0.647,0.0,0.5286672796210431,4.0,0,9
290679,2325988512,2325988512,904.001,71.42891156624556,0.899,0.0,0.209,4.0,0,9
290770,2326716511,2326716511,727.999,73.52941176470588,0.848,0.0,0.209,4.0,0,9
290867,2327492511,2327492511,776.0,73.52941176470588,0.854,0.0,0.209,4.0,0,9
290956,2328204512,2328204512,712.001,73.52941176470588,0.727,0.0,0.209,4.0,0,9
291101,2329364512,2329364512,1160.0,73.52941176470588,0.622,0.0,0.9627787577636596,10.0,0,9
291197,2330132511,2330132511,767.999,75.0,0.659,0.0,0.9560000000000001,16.0,0,9
291292,2330892511,2330807873,675.362,77.31958762886597,0.659,-84.63816121710292,0.934,24.0,1,9
291409,2331828511,2331828511,1020.638,77.31958762886597,0.499,0.0,0.989,4.0,0,9
291487,2332452511,2332454732,626.221,78.12510172539287,0.608,2.2208634612548233,0.9505,18.0,1,9
291557,2333012511,2333012511,557.779,82.41769562870279,0.721,0.0,0.209,4.0,0,9
291654,2333788512,2333788512,776.001,78.12510172539287,0.792,0.0,0.209,4.0,0,9
291749,2334548511,2334548511,759.999,78.94747229930566,0.785,0.0,0.209,4.0,0,9
291852,2335372512,2335372512,824.001,78.12510172539287,0.857,0.0,0.209,4.0,0,9
291952,2336172511,2336172511,799.999,78.12510172539287,0.901,0.0,0.209,4.0,0,9
292059,2337028510,2337028510,855.999,77.31948799035052,0.85,0.0,0.209,4.0,0,9
292131,2337604511,2337604511,576.001,77.31948799035052,0.515,0.0,0.209,4.0,0,9
292265,2338676512,2338676512,1072.001,77.31948799035052,0.878,0.0,0.209,4.0,0,9
292335,2339236512,2339236512,560.0,77.31948799035052,0.581,0.0,0.209,4.0,0,9
292446,2340124511,2340124511,887.999,75.00009375011719,0.671,0.0,0.209,4.0,0,9
292538,2340860511,2340860511,736.0,75.00009375011719,0.651,0.0,0.209,4.0,0,9
292627,2341572511,2341572511,712.0,75.00009375011719,0.556,0.0,0.7416660780166926,4.0,0,9
292737,2342452513,2342452513,880.002,75.00009375011719,0.647,0.0,0.209,4.0,0,9
292826,2343164512,2343164512,711.999,81.52173913043478,0.629,0.0,0.8077246894464384,4.0,0,9
292927,2343972513,2343972513,808.001,81.52173913043478,0.585,0.0,0.48734506039504855,4.0,0,9
293043,2344900512,2344900512,927.999,74.25733383993337,0.688,0.0,0.209,4.0,0,9
293151,2345764510,2345764510,863.998,74.25733383993337,0.662,0.0,0.209,4.0,0,9
293240,2346476511,2346476511,712.001,74.25733383993337,0.636,0.0,0.209,4.0,0,9
293354,2347388510,2347388510,911.999,74.25733383993337,0.655,0.0,0.209,4.0,0,9
293453,2348180511,2348180511,792.001,74.25733383993337,0.653,0.0,0.24546861459020874,4.0,0,9
293560,2349036512,2349036512,856.001,70.09337605914013,0.657,0.0,0.209,4.0,0,9
293665,2349876511,2349876511,839.999,71.42865646268626,0.669,0.0,0.209,4.0,0,9
293750,2350556511,2350556511,680.0,71.42865646268626,0.604,0.0,0.989,4.0,0,9
293863,2351460511,2351460511,904.0,70.09337605914013,0.65,0.0,0.209,4.0,0,9
293949,2352148511,2352148511,688.0,71.42865646268626,0.512,0.0,0.9080463345693668,4.0,0,9
294080,2353196511,2353196511,1048.0,71.42865646268626,0.899,0.0,0.209,4.0,0,9
294178,2353980515,2353980515,784.004,71.42865646268626,0.927,0.0,0.209,4.0,0,9
294278,2354780511,2354780511,799.996,75.00037500187501,0.896,0.0,0.209,4.0,0,9
294382,2355612511,2355612511,832.0,72.11538461538461,0.888,0.0,0.209,4.0,0,9
294485,2356436512,2356436512,824.001,72.81544561232329,0.913,0.0,0.209,4.0,0,9
294584,2357228510,2357228510,791.998,75.00037500187501,0.878,0.0,0.209,4.0,0,9
294684,2358028511,2358028511,800.001,74.99990625011719,0.888,0.0,0.209,4.0,0,9
294787,2358852511,2358852511,824.0,74.99990625011719,0.898,0.0,0.209,4.0,0,9
294879,2359588511,2359588511,736.0,74.99990625011719,0.902,0.0,0.209,4.0,0,9
294977,2360372512,2360372512,784.001,75.00037500187501,0.881,0.0,0.209,4.0,0,9
295073,2361140511,2361140511,767.999,75.00037500187501,0.867,0.0,0.209,4.0,0,9
295168,2361900512,2361900512,760.001,75.75776706506834,0.815,0.0,0.209,4.0,0,9
295264,2362668510,2362668510,767.998,76.53051462944563,0.832,0.0,0.209,4.0,0,9
295360,2363436512,2363436512,768.002,78.124796550009,0.85,0.0,0.209,4.0,0,9
295458,2364220511,2364220511,783.999,78.124796550009,0.856,0.0,0.209,4.0,0,9
295566,2365084513,2365084513,864.002,78.124796550009,0.901,0.0,0.209,4.0,0,9
295644,2365708514,2365708514,624.001,78.12510172539287,0.569,0.0,0.209,4.0,0,9
295748,2366540511,2366540511,831.997,78.124796550009,0.628,0.0,0.209,4.0,0,9
295831,2367204511,2367204511,664.0,78.12510172539287,0.494,0.0,0.9365386512759872,4.0,0,9
295937,2368052511,2368052511,848.0,78.124796550009,0.572,0.0,0.9461743954163169,4.0,0,9
296043,2368900511,2368900511,848.0,76.53070986059932,0.605,0.0,0.209,4.0,0,9
296140,2369676511,2369676511,776.0,76.53070986059932,0.668,0.0,0.37361762268692844,4.0,0,9
296247,2370532511,2370532511,856.0,72.11564464775715,0.648,0.0,0.6177389737968799,4.0,0,9
296347,2371332511,2371332511,800.0,72.11564464775715,0.668,0.0,0.6508235648753273,4.0,0,9
296452,2372172511,2372172511,840.0,72.11564464775715,0.657,0.0,0.5620491704580721,4.0,0,9
296562,2373052512,2373052512,880.001,71.42857142857143,0.635,0.0,0.209,4.0,0,9
296667,2373892511,2373892511,839.999,71.42857142857143,0.685,0.0,0.26982981219416236,4.0,0,9
296765,2374676513,2374676513,784.002,71.42857142857143,0.654,0.0,0.6238108124720309,4.0,0,9
296874,2375548511,2375548511,871.998,71.42857142857143,0.644,0.0,0.8158050349767954,4.0,0,9
297013,2376660510,2376660510,1111.999,71.42857142857143,0.48,0.0,0.209,4.0,0,9
297102,2377372514,2377372514,712.004,71.42857142857143,0.674,0.0,0.8824060393384351,4.0,0,9
297205,2378196511,2378196511,823.997,71.42865646268626,0.637,0.0,0.9831750198480648,4.0,0,9
297352,2379372511,2379372511,1176.0,71.42857142857143,0.587,0.0,0.209,4.0,0,9
297408,2379820511,2379820511,448.0,71.42865646268626,0.648,0.0,0.9167160441277611,4.0,0,9
297511,2380644511,2380644511,824.0,72.81553398058253,0.638,0.0,0.7278202241280018,4.0,0,9
297643,2381700510,2381700510,1055.999,72.81553398058253,0.733,0.0,0.209,4.0,0,9
297729,2382388511,2382388511,688.001,72.81553398058253,0.828,0.0,0.209,4.0,0,9
297814,2383068512,2383068512,680.001,72.81579908664716,0.9,0.0,0.209,4.0,0,9
297881,2383604512,2383604512,536.0,84.2691894989354,0.557,0.0,0.209,4.0,0,9
297975,2384356511,2384356511,751.999,79.78734014273955,0.687,0.0,0.3527715005899009,4.0,0,9
298071,2385124512,2385124512,768.001,79.78734014273955,0.651,0.0,0.41939899147888415,4.0,0,9
298159,2385828512,2385828512,704.0,85.22727272727273,0.621,0.0,0.989,4.0,0,9
298267,2386692511,2386692511,863.999,79.78734014273955,0.638,0.0,0.9615,14.0,0,9
298375,2387556511,2387556511,864.0,79.78734014273955,0.544,0.0,0.9670000000000001,12.0,0,9
298427,2387972511,2387972511,416.0,85.22727272727273,0.784,0.0,0.209,4.0,0,9
298535,2388836511,2388836511,864.0,79.78734014273955,0.921,0.0,0.209,4.0,0,9
298643,2389700511,2389700511,864.0,78.12489827487204,0.91,0.0,0.209,4.0,0,9
298744,2390508511,2390508511,808.0,74.25742574257426,0.898,0.0,0.209,4.0,0,9
298846,2391324511,2391324511,816.0,73.52941176470588,0.907,0.0,0.209,4.0,0,9
298954,2392188511,2392188511,864.0,69.44452482005187,0.923,0.0,0.209,4.0,0,9
299060,2393036511,2393036511,848.0,69.44452482005187,0.887,0.0,0.209,4.0,0,9
299166,2393884511,2393884511,848.0,70.75471698113208,0.905,0.0,0.209,4.0,0,9
299277,2394772511,2394772511,888.0,70.75471698113208,0.917,0.0,0.209,4.0,0,9
299384,2395628511,2395628511,856.0,70.09345794392523,0.881,0.0,0.209,4.0,0,9
299485,2396436510,2396436510,807.999,70.75471698113208,0.928,0.0,0.209,4.0,0,9
299585,2397236511,2397236511,800.001,70.75471698113208,0.905,0.0,0.209,4.0,0,9
299687,2398052512,2398052512,816.001,70.75471698113208,0.9,0.0,0.209,4.0,0,9
299788,2398860511,2398860511,807.999,70.75471698113208,0.837,0.0,0.209,4.0,0,9
299886,2399644511,2399644511,784.0,73.52932165524307,0.822,0.0,0.209,4.0,0,9
299985,2400436512,2400436512,792.001,74.25751764544263,0.838,0.0,0.209,4.0,0,9
300083,2401220511,2401220511,783.999,74.25751764544263,0.776,0.0,0.209,4.0,0,9
300208,2402220511,2402240059,1019.548,74.25751764544263,0.656,19.54757047619619,0.9505,18.0,1,9
300309,2403028511,2402986706,746.647,74.99990625011719,0.644,-41.804666408518116,0.934,24.0,1,9
300433,2404020512,2404020512,1033.806,74.99990625011719,0.478,0.0,0.8505794925739626,4.0,0,9
300510,2404636511,2404542830,522.318,75.75748010419179,0.641,-93.68111784046111,0.9395,22.0,1,9
300614,2405468511,2405468511,925.681,75.75748010419179,0.656,0.0,0.934,24.0,0,9
300730,2406396511,2406396511,928.0,75.75748010419179,0.544,0.0,0.989,4.0,0,9
300782,2406812512,2406812512,416.001,75.75748010419179,0.737,0.0,0.209,4.0,0,9
300895,2407716511,2407716511,903.999,66.37175483601199,0.755,0.0,0.209,4.0,0,9
301002,2408572510,2408572510,855.999,66.37175483601199,0.787,0.0,0.209,4.0,0,9
301108,2409420511,2409420511,848.001,70.09353982890167,0.763,0.0,0.209,4.0,0,9
301218,2410300511,2410300511,880.0,68.18181818181819,0.774,0.0,0.209,4.0,0,9
301323,2411140511,2411140511,840.0,70.09353982890167,0.786,0.0,0.209,4.0,0,9
301427,2411972511,2411972511,832.0,70.09353982890167,0.804,0.0,0.209,4.0,0,9
301535,2412836513,2412836513,864.002,70.09353982890167,0.818,0.0,0.209,4.0,0,9
301640,2413676510,2413676510,839.997,70.75463354406422,0.802,0.0,0.209,4.0,0,9
301738,2414460515,2414460515,784.005,70.75463354406422,0.731,0.0,0.209,4.0,0,9
301895,2415716512,2415716512,1255.997,70.75463354406422,0.526,0.0,0.989,4.0,0,9
302000,2416556512,2416556512,840.0,71.42857142857143,0.538,0.0,0.9725,10.0,0,9
302100,2417356512,2417356512,800.0,71.42857142857143,0.595,0.0,0.9046687371996107,34.0,0,9
302214,2418268511,2418268511,911.999,71.42857142857143,0.512,0.0,0.989,4.0,0,9
302322,2419132511,2419072053,803.542,71.42882653152333,0.49,-60.457716466454336,0.8887565685086274,36.0,1,9
302425,2419956511,2419956511,884.458,71.42857142857143,0.513,0.0,0.989,4.0,0,9
302527,2420772511,2420772511,816.0,71.42882653152333,0.609,0.0,0.9670000000000001,12.0,0,9
302638,2421660511,2421660511,888.0,71.42857142857143,0.514,0.0,0.9612519453031827,12.0,0,9
302753,2422580512,2422580512,920.001,67.83815624936402,0.458,0.0,0.885267557868912,4.0,0,9
302854,2423388511,2423388511,807.999,71.42857142857143,0.508,0.0,0.9655763034862304,4.0,0,9
302971,2424324511,2424324511,936.0,67.83815624936402,0.426,0.0,0.8662127050151808,4.0,0,9
303075,2425156511,2425156511,832.0,67.83815624936402,0.492,0.0,0.9023090131779874,4.0,0,9
303151,2425764512,2425788863,632.352,72.11538461538461,0.638,24.350798521085547,0.9175,30.0,1,9
303277,2426772511,2426772511,983.648,67.83815624936402,0.599,0.0,0.978,8.0,0,9
303397,2427732511,2427732511,960.0,67.56756756756756,0.47,0.0,0.209,4.0,0,9
303482,2428412512,2428412512,680.001,67.56756756756756,0.684,0.0,0.9670000000000001,12.0,0,9
303588,2429260511,2429260511,847.999,70.75480041839671,0.639,0.0,0.6434422116595057,4.0,0,9
303685,2430036511,2430036511,776.0,72.11538461538461,0.644,0.0,0.7669550925762838,4.0,0,9
303792,2430892511,2430892511,856.0,70.75480041839671,0.644,0.0,0.209,4.0,0,9
303883,2431620511,2431620511,728.0,72.11538461538461,0.661,0.0,0.8174095438476868,14.0,0,9
303992,2432492511,2432492511,872.0,70.75480041839671,0.648,0.0,0.20350000000000001,6.0,0,9
304082,2433212511,2433212511,720.0,70.75480041839671,0.567,0.0,0.692615862072009,4.0,0,9
304193,2434100511,2434100511,888.0,70.75480041839671,0.632,0.0,0.209,4.0,0,9
304293,2434900512,2434900512,800.001,74.99990625011719,0.599,0.0,0.209,4.0,0,9
304399,2435748511,2435748511,847.999,70.75480041839671,0.64,0.0,0.209,4.0,0,9
304494,2436508512,2436508512,760.001,74.99990625011719,0.599,0.0,0.209,4.0,0,9
304604,2437388511,2437388511,879.999,70.75480041839671,0.662,0.0,0.209,4.0,0,9
304714,2438268512,2438268512,880.001,70.75480041839671,0.897,0.0,0.209,4.0,0,9
304796,2438924512,2438924512,656.0,70.75480041839671,0.795,0.0,0.209,4.0,0,9
304937,2440052511,2440052511,1127.999,70.75480041839671,0.608,0.0,0.6626280445613114,4.0,0,9
305055,2440996511,2440996511,944.0,68.18189566124506,0.772,0.0,0.209,4.0,0,9
305151,2441764512,2441764512,768.001,70.75480041839671,0.871,0.0,0.209,4.0,0,9
305221,2442324511,2442324511,559.999,70.75480041839671,0.543,0.0,0.209,4.0,0,9
305344,2443308512,2443308512,984.001,68.18189566124506,0.656,0.0,0.209,4.0,0,9
305451,2444164512,2444164512,856.0,68.18189566124506,0.63,0.0,0.209,4.0,0,9
305558,2445020512,2445020512,856.0,70.09345794392523,0.649,0.0,0.209,4.0,0,9
305672,2445932512,2445932512,912.0,70.09345794392523,0.662,0.0,0.209,4.0,0,9
305776,2446764512,2446764512,832.0,70.09345794392523,0.698,0.0,0.209,4.0,0,9
305868,2447500511,2447500511,735.999,70.09345794392523,0.569,0.0,0.209,4.0,0,9
305994,2448508512,2448508512,1008.001,70.09345794392523,0.892,0.0,0.209,4.0,0,9
306089,2449268512,2449268512,760.0,70.09345794392523,0.928,0.0,0.209,4.0,0,9
306183,2450020511,2450020511,751.999,70.09345794392523,0.851,0.0,0.209,4.0,0,9
306280,2450796511,2450796511,776.0,72.11538461538461,0.795,0.0,0.209,4.0,0,9
306379,2451588511,2451588511,792.0,75.75757575757575,0.756,0.0,0.209,4.0,0,9
306487,2452452511,2452452511,864.0,75.75757575757575,0.826,0.0,0.209,4.0,0,9
306596,2453324511,2453324511,872.0,75.75757575757575,0.913,0.0,0.209,4.0,0,9
306695,2454116511,2454116511,792.0,75.75757575757575,0.89,0.0,0.209,4.0,0,9
306797,2454932512,2454932512,816.001,75.75757575757575,0.896,0.0,0.209,4.0,0,9
306896,2455724511,2455724511,791.999,75.75757575757575,0.906,0.0,0.209,4.0,0,9
306995,2456516512,2456516512,792.001,75.75757575757575,0.883,0.0,0.209,4.0,0,9
307090,2457276513,2457276513,760.001,75.75757575757575,0.902,0.0,0.209,4.0,0,9
307197,2458132512,2458132512,855.999,75.75748010419179,0.92,0.0,0.209,4.0,0,9
307277,2458772511,2458772511,639.999,75.75748010419179,0.58,0.0,0.209,4.0,0,9
307385,2459636511,2459636511,864.0,75.75748010419179,0.656,0.0,0.209,4.0,0,9
307479,2460388511,2460388511,752.0,75.75757575757575,0.633,0.0,0.6495526969631793,4.0,0,9
307587,2461252515,2461252515,864.004,75.75748010419179,0.642,0.0,0.8587965383114549,4.0,0,9
307695,2462116511,2462116511,863.996,75.75748010419179,0.68,0.0,0.209,4.0,0,9
307794,2462908512,2462908512,792.001,75.75748010419179,0.682,0.0,0.209,4.0,0,9
